[0/2] Re-checking globbed directories...
ninja: no work to do.

=== IoMT FL-IDS & Blockchain Framework — Rajab et al. Journal ===
Standards-Aligned MITM Risk Quantification and Governance
ISO Standards (own risk mappings):
  - ISO/IEEE 11073  : Clinical thresholds, wASI 5-band severity
  - ISO 14971       : Device priority scoring, 4-level action taxonomy
  - ISO/IEC 27001   : Annex A control gap (A.12.6.1/A.12.4.2/A.12.7.3)
  - ISO/IEC 27005   : CIA risk levels (None/Low/Medium/High/Critical)
IEC 80001-1 (Healthcare IT Network Governance umbrella):
  - NHS CAF-DSPT   : Domains A-D
  - NHS RAG Register: Likelihood x Impact scoring (Red/Orange/Amber/Green)
  - FDA ALARP       : Residual risk acceptability per flow
  - HL7-FHIR        : Security use-case and dimension mapping
FL-IDS: REAL per-node local models (SGD) + multi-round weighted FedAvg,
        fused with wASI>=25 domain threshold for detection.
================================================================

[BluetoothEnergy] time: 0 s, node: 11, state: 0, total_energy: 0 kWh
[BluetoothEnergy] time: 0 s, node: 11, state: 1, total_energy: 0 kWh
[QoS Chapter 6] Flow 2 baseDelay=0.003 jitterBound=0.0002
[QoS Chapter 6] Flow 3 baseDelay=0.012 jitterBound=0.00012
[QoS Chapter 6] Flow 4 baseDelay=0.016 jitterBound=0.0001
[QoS Chapter 6] Flow 5 baseDelay=0.016 jitterBound=0.0001
[QoS Chapter 6] Flow 6 baseDelay=0.018 jitterBound=0.00012
[QoS Chapter 6] Flow 7 baseDelay=0.018 jitterBound=0.00012
[QoS Chapter 6] Flow 8 baseDelay=0.018 jitterBound=0.00012
[QoS Chapter 6] Flow 9 baseDelay=0.016 jitterBound=0.00015
[QoS Chapter 6] Flow 1 baseDelay=0.003 jitterBound=0.0002

========== Blockchain for Node 0 ==========
Block 0:
  Previous Hash: 0
  Timestamp: 1788663346
  Data: Encrypted(Genesis Block)
  Hash: 8f2a0409088f254bc24436d15d8cded73f61395d70a0d696d66e72edb325a2b0
  Digital Signature: O8qVyNvC1j0E56aGGfKBjczrgJUSlNi3JqDG3lsc10SR4Kz6SJJkkDejz+heb7u7U0T68zYYb5BE136DVF3mFWD5EO2myBGA/3g9b6Mo0f/0yrh02g3jBiUTulPtlrCp37jFYZVh2eLZZx4+w4WKuIkjW9KsfXwAao722tk6+f0ormyb/3RTQ4agECLWYfgYNOsaou0pOLy/8d6rr69ZbeDdZruJ0n8aBoRDYIlt/7EfOYabJxD55IAiSsJnEQTEBXCpE+S3cDMAZqGImzGMf/wEophTatV6V3vyCAi0G6RTN33tQxFNXZ119gmlwKnlEkAeKkS3obxHKwGo3tkUiQ==
  Valid: Yes

Block 1:
  Previous Hash: 8f2a0409088f254bc24436d15d8cded73f61395d70a0d696d66e72edb325a2b0
  Timestamp: 1788663346
  Data: Encrypted(Baxter Pump data received)
  Hash: 16d423510b0048f9c69ae1a65d8b4e5f719fa88f1fa5c53e54ec9f66c2ed3eda
  Digital Signature: hyK724ljYWZrQ1XSkbdVBi9TuM8RqJn6ekzkk8KmGumUsU9Ybtw01C9mCTi00WJ7L4YI37Slq4hJRPP/aqqtAe3TtxJCYg49ht0W0ytF2TX/JCHeuIP1776W46Gu44ubHtLJmstNk3/4gOEEBvCZIzTUcmm97p59vIbbn9Kk5iq/bMUGVLOtd4QGOnjW48IgQAYH4KZk40Gs4o1W7VZqo/osONgK1W77h9oOsnvTgUGmfbiufrH/qcJ0eIRs5qbte71kOioqPTyr71fE7tDJKsiadbRw+jTdCPGpwzQHO5Lbv9q+A2wTEqg0FhhnYHQy0q9ACFu8oc8U2x2ShJH64g==
  Valid: Yes

Block 2:
  Previous Hash: 16d423510b0048f9c69ae1a65d8b4e5f719fa88f1fa5c53e54ec9f66c2ed3eda
  Timestamp: 1788663346
  Data: Encrypted(Smartphone data received)
  Hash: 16acbcbc38d4356926fb2200e2ee67106e231b8a90136c9e442cadd0d8157866
  Digital Signature: atwk5VJBGHiz7aA9Lv1PRWqx7IZstRVW9Va/NfTTLXCHhkU0Fa4vXxF3kP5VtS3gWoGUrJD4XUC4B3c3j8o4D2ldp8atzIPsojoaLunGa3ICH0pZVCfzaHPyUOTjilNzF51eLtMU/fPyGjJXRbTEVJi4hAeI8tLF4WaogVZkvLj0rGOoyNrJibR21SuXhZNXGHQKgOEAEHiN+lySKfqq/h6T8FBqq93e8/joJf183H5KQz2OHgDNnLzFlt14F3oz1Rbfji4GOiuSBWqTPhrjR5qR6FTlcn5xXABOzq8CeK6d/XqHJxTH5tWzj0Egyc622dGktHpYLAzokfcvvAT9gg==
  Valid: Yes

Block 3:
  Previous Hash: 16acbcbc38d4356926fb2200e2ee67106e231b8a90136c9e442cadd0d8157866
  Timestamp: 1788663346
  Data: Encrypted(Pulse Oximeter data received)
  Hash: 5a0dadb555d215d46a84621e52da291d78b1039e0273b6a7c0b5211bc5de0dcd
  Digital Signature: ixoKxHhrAZKMwoWT8SZx/ygrkFpfo6p+NudKURZob2N7yU0KLBUJo1JXviZnOwz9egx/9uSsre1k6KVmO3sHHLNfJzczoIhjjxJvlKK9aOH8jezNwUZswtmeWQ34vE0LOHhhfKDXMX5NTmxeMmdduKAPOf5PWDQ5zLm57trojkUKiZmVXA1pYcW7n1PINOa1QBlxlF+syEUH7qtkcw5CyBIJLidccVn6icBXtKzXUKrGbsZxvscCayvZQgnHxtMB+rxPZY4/f8GbJTYnG3GJIyDXe2W6arDnU7VAmSRiteEJvO0YYncTd/TxZwSu8Fdp4IUYKqC7UhfgMWxKdgxDsg==
  Valid: Yes

Block 4:
  Previous Hash: 5a0dadb555d215d46a84621e52da291d78b1039e0273b6a7c0b5211bc5de0dcd
  Timestamp: 1788663346
  Data: Encrypted(Blood Pressure data received)
  Hash: d5daa31ec9963a89bb3be50affe47bebc6b9e8df175eb77b06045caf8fdefe32
  Digital Signature: A9qJEC+ZoLmeBvjZZhFkm0TBbpfRCYMoDmerMqCMihjYwHDyUiVI616MX+OGbh1qEO0IgMOr0rNZSnjzCSbHjyG9W5ACQn3CdlXTfZIWvSIrX2py/dqWx/ILuTstpy+MUO9MzU+St5YJ+KrTOxwpKil2+5dZRJw4Ye82aGhIdOVyHxAMXZfEomcCR2El9IGKPhNR/+qyk2PQiYaj9+L5NsQhWaDebtR0U6YUHTK+QySID8/gGZ9/oB9vVMOvY7IF/wRj4ActU62z5MO/kXDbogaPZ51rZB34ITCpk5Vf5U0CpEd15DSk21pKwz5VSdE3Sr/brZCsWfHjhqZpVrmI0Q==
  Valid: Yes

Block 5:
  Previous Hash: d5daa31ec9963a89bb3be50affe47bebc6b9e8df175eb77b06045caf8fdefe32
  Timestamp: 1788663346
  Data: Encrypted(EMR NAS data received)
  Hash: bde85869346568f82a3d4e811de40a3cff8912c35015a22f19ba487d0060513d
  Digital Signature: qIfcDF/ziooJ+NIiTw2lVc98KDGs+3wPShrYYSB/PHyZ6yBq97/KvDvlTaWTdHnviV1pO4V1tUeTqCkkDKCpO0jifpFlhdmYCWIfUMQdT62H8H9w+Ly4G0Gz2bdyWCsNaaFwnMLhOvZ9KXwPoo0Sp6EPia7Q9flDX+cb+YHGAJvtXOPmsbQJoeeRPrcq73SrpZJZAFTkJ1owaj08myyM7aS+knxPV5Klrt5ChPlQbTxnBIGHq7IYOeBDWjjrFxBmFn4eRGSq/geU/uiB/4Nx6+eVXHUXn4RhokZOOjuES0Naoz7N6JmkS5/AYqxp8XXLr1E58t630pMNOJ9t9YKwxQ==
  Valid: Yes

Block 6:
  Previous Hash: bde85869346568f82a3d4e811de40a3cff8912c35015a22f19ba487d0060513d
  Timestamp: 1788663346
  Data: Encrypted(MQTT data received)
  Hash: 234bea375bb0fdd9ba555ff016b591f69e5fe98f0e60043a6b9d9ff9f3d8f207
  Digital Signature: qoP5xdneNI0IvmtH7TfpuVd34GwYuJp0fC5uit34/F6lkCNxzFqa01RH3rS6ZpIIvoPsd7NWm0XBtzpvQls24GBrsQsQUG0EYqv/LQIN0/8dT9KBgxVMj1cyViWJ//9wHB4kwjlglGnrIpDD3TuXVn8IPBECin/MCCC+wUdUKpK8uN915sWBS5OnpoghPnTXWVrAjFcquK4bGohWvE3FXO0dqBD2dONLSv2K2ft1KRFFe5+/Y6/j/yqTcz2G0qa+O4rNLG+istJ5fLyshaGtx1D0X7nZg8j5Bb3Kx1WjQEya5V2PQmW0YvN4SJ1torH7sTMaOg/7Yb2OWNbdC0IC7g==
  Valid: Yes

Block 7:
  Previous Hash: 234bea375bb0fdd9ba555ff016b591f69e5fe98f0e60043a6b9d9ff9f3d8f207
  Timestamp: 1788663346
  Data: Encrypted(EMR Application data received)
  Hash: 6a698545f60f35372225ff27fa41a7b63e8940580e34c7f15c62047f88edfffc
  Digital Signature: g7V/aTKCvPzXdWxusB86kuN4TrkOJyvCtnJ6KTMxgnWW6945ArqzGSMICN3Aw4MrSm5zHuxViTQHr+ALgrYlzexhYGspCVDWozE/bDgrZPluOZYM34Xi3txxuZWiJQbirChdlwEGaXaMgvTy1WT7ccdvdaYh5L6s2OAH4rY87ozmsjJvvmWm4CXgIVS4IlIY/hF6dwF5Psl4K07DNaQJYqcaJSgmdHuJBxDdV95LyVRNaFraYJ8avqd9F3qS4rihrV7e6Sjx8vOQbmcSZwGJUImwY7mxq14WkqsFp5xE6kGH48xqWRa24kZ0qM/fW82f90IfCeniSYsR3lZuNgGKCw==
  Valid: Yes

Block 8:
  Previous Hash: 6a698545f60f35372225ff27fa41a7b63e8940580e34c7f15c62047f88edfffc
  Timestamp: 1788663346
  Data: Encrypted(Client Desktop PC data received)
  Hash: 9f338fc5252ff7d5e8c2c359ae93a727142805188709b1ec9833777630251169
  Digital Signature: hr5ERCWhSJesdSE/zI8Ft6qdecrzShyYFif0SvbNp4VFLsthNij4C/WX7OHCQcvPXeEW9d8LwEWXNWbMI1ZVbnlxlBW8AO4acmmXqWhaKsPolxzffSFCqAQGL+bnbjx4qI6N9kCQ/jrxMY85dUDtKJiP8PMGsBCmETKAZl/0y/N8BQ+X9uc9sQh2bLsy5Tsa118U2dm78i6Zsmgr+mEWLkAFJWXIDXY9Rd6AbYyLlQX1zXvEWxStpiHB6yD3vx5gqPT6eFmZF9AIHOXLWxGK/rq1odQrzKwcnS8FoVs2Cn8/9m3ks8+G0OfLniCG9tx2LbsFdg0LZ1mfGF9n9J+bKA==
  Valid: Yes

Block 9:
  Previous Hash: 9f338fc5252ff7d5e8c2c359ae93a727142805188709b1ec9833777630251169
  Timestamp: 1788663346
  Data: Encrypted(Sensor Data: Hexoskin measurements received)
  Hash: 5cea1dfd779328b1f263cfa4a1861611989753fb10e853d79969f0b395bd1743
  Digital Signature: BTpt1M7h9Zjkdcwd2Gm9vv28ZtBcQpg0BSVraV/yXKmdPxIVtHNOLgrhB7kBcO/X+XQzeOgacHJRJWuNyMBVPuiFjH+V5NNj8bAYrLgeC65dBNahFMGpFYSEmd9+YesJieEl9pUaBCjdFFol5Yky+ve9wlkL07bVL5ScjSYboGR8fHl/2jQJQoETA03A7b0xBmUY/rYYD2McOUv22m3RQhccSxeCP/zWQelohJDJhPPlVQznaI7cvq4naq37COyz3XvcgpM0jkobBqGqeE53LszItVY+xUtdhHsOQk2AtW1F3ybDqohEdOaSglR7f3rUYShxcP5IEVBBMIRZkbPGkg==
  Valid: Yes

Chain Valid: Yes
===============================================
[FL-IDS] Node 0 initialized: Federated Local-Model IDS (real per-node SGD + multi-round FedAvg) | DeviceType=WIP | Detection: wASI>=25 (ISO/IEEE 11073 MEDIUM) OR trained local-model prob>=0.5
[FL-IDS] Node 1 initialized: Federated Local-Model IDS (real per-node SGD + multi-round FedAvg) | DeviceType=WIP | Detection: wASI>=25 (ISO/IEEE 11073 MEDIUM) OR trained local-model prob>=0.5
[FL-IDS] Node 2 initialized: Federated Local-Model IDS (real per-node SGD + multi-round FedAvg) | DeviceType=WIP | Detection: wASI>=25 (ISO/IEEE 11073 MEDIUM) OR trained local-model prob>=0.5
[FL-IDS] Node 3 initialized: Federated Local-Model IDS (real per-node SGD + multi-round FedAvg) | DeviceType=WIP | Detection: wASI>=25 (ISO/IEEE 11073 MEDIUM) OR trained local-model prob>=0.5
[FL-IDS] Node 4 initialized: Federated Local-Model IDS (real per-node SGD + multi-round FedAvg) | DeviceType=WIP | Detection: wASI>=25 (ISO/IEEE 11073 MEDIUM) OR trained local-model prob>=0.5
[FL-IDS] Node 5 initialized: Federated Local-Model IDS (real per-node SGD + multi-round FedAvg) | DeviceType=SHS | Detection: wASI>=25 (ISO/IEEE 11073 MEDIUM) OR trained local-model prob>=0.5
[FL-IDS] Node 6 initialized: Federated Local-Model IDS (real per-node SGD + multi-round FedAvg) | DeviceType=SHS | Detection: wASI>=25 (ISO/IEEE 11073 MEDIUM) OR trained local-model prob>=0.5
[FL-IDS] Node 7 initialized: Federated Local-Model IDS (real per-node SGD + multi-round FedAvg) | DeviceType=SHS | Detection: wASI>=25 (ISO/IEEE 11073 MEDIUM) OR trained local-model prob>=0.5
[FL-IDS] Node 8 initialized: Federated Local-Model IDS (real per-node SGD + multi-round FedAvg) | DeviceType=SHS | Detection: wASI>=25 (ISO/IEEE 11073 MEDIUM) OR trained local-model prob>=0.5
Node 0 chain is VALID
Blockchain exported to node_0_chain.csv
Node 1 chain is VALID
Blockchain exported to node_1_chain.csv
Node 2 chain is VALID
Blockchain exported to node_2_chain.csv
Node 3 chain is VALID
Blockchain exported to node_3_chain.csv
Node 4 chain is VALID
Blockchain exported to node_4_chain.csv
Consensus reached with 1 votes:
  - Node 3
Pretend sending securely: Block Data
Pretend sending securely: Medical Device Data
Pretend received securely: Encrypted(Block Data)
Encryption test - Original: Secret Medical Data, Recovered: Secret Medical Data
MITM attack mode enabled
Before Simulator::Run()
MITM Node received a packet of size 36 bytes
MITM Node successfully modified and forwarded the packet.
MITM Node received a packet of size 44 bytes
MITM Node successfully modified and forwarded the packet.
MITM Node received a packet of size 36 bytes
MITM Node successfully modified and forwarded the packet.
MITM Node received a packet of size 548 bytes
MITM Node dropping a large packet.
MITM Node received a packet of size 36 bytes
MITM Node successfully modified and forwarded the packet.
MITM Node received a packet of size 36 bytes
MITM Node successfully modified and forwarded the packet.
MITM Node received a packet of size 548 bytes
MITM Node dropping a large packet.
MITM Node received a packet of size 36 bytes
MITM Node successfully modified and forwarded the packet.
MITM Node received a packet of size 36 bytes
MITM Node successfully modified and forwarded the packet.
MITM Node received a packet of size 548 bytes
MITM Node dropping a large packet.
MITM Node received a packet of size 548 bytes
MITM Node dropping a large packet.
MITM Node received a packet of size 548 bytes
MITM Node dropping a large packet.
MITM Node received a packet of size 36 bytes
MITM Node successfully modified and forwarded the packet.
MITM Node received a packet of size 548 bytes
MITM Node dropping a large packet.
MITM Node received a packet of size 548 bytes
MITM Node dropping a large packet.
MITM Node received a packet of size 548 bytes
MITM Node dropping a large packet.
MITM Node received a packet of size 548 bytes
MITM Node dropping a large packet.
MITM Node received a packet of size 548 bytes
MITM Node dropping a large packet.
MITM Node received a packet of size 548 bytes
MITM Node dropping a large packet.
MITM Node received a packet of size 548 bytes
MITM Node dropping a large packet.
MITM Node received a packet of size 548 bytes
MITM Node dropping a large packet.
MITM Node received a packet of size 36 bytes
MITM Node successfully modified and forwarded the packet.
MITM Node received a packet of size 548 bytes
MITM Node dropping a large packet.
MITM Node received a packet of size 548 bytes
MITM Node dropping a large packet.
MITM Node received a packet of size 548 bytes
MITM Node dropping a large packet.
MITM Node received a packet of size 548 bytes
MITM Node dropping a large packet.
MITM Node received a packet of size 548 bytes
MITM Node dropping a large packet.
MITM Node received a packet of size 548 bytes
MITM Node dropping a large packet.
MITM Node received a packet of size 548 bytes
MITM Node dropping a large packet.
MITM Node received a packet of size 36 bytes
MITM Node successfully modified and forwarded the packet.
MITM Node received a packet of size 548 bytes
MITM Node dropping a large packet.
MITM Node received a packet of size 548 bytes
MITM Node dropping a large packet.
MITM Node received a packet of size 548 bytes
MITM Node dropping a large packet.
MITM Node received a packet of size 548 bytes
MITM Node dropping a large packet.
MITM Node received a packet of size 548 bytes
MITM Node dropping a large packet.
MITM Node received a packet of size 548 bytes
MITM Node dropping a large packet.
MITM Node received a packet of size 548 bytes
MITM Node dropping a large packet.
MITM Node received a packet of size 548 bytes
MITM Node dropping a large packet.
MITM Node received a packet of size 548 bytes
MITM Node dropping a large packet.
MITM Node received a packet of size 548 bytes
MITM Node dropping a large packet.
MITM Node received a packet of size 548 bytes
MITM Node dropping a large packet.
MITM Node received a packet of size 548 bytes
MITM Node dropping a large packet.
MITM Node received a packet of size 548 bytes
MITM Node dropping a large packet.
MITM Node received a packet of size 548 bytes
MITM Node dropping a large packet.
MITM Node received a packet of size 548 bytes
MITM Node dropping a large packet.
MITM Node received a packet of size 548 bytes
MITM Node dropping a large packet.
MITM Node received a packet of size 548 bytes
MITM Node dropping a large packet.
MITM Node received a packet of size 548 bytes
MITM Node dropping a large packet.
MITM Node received a packet of size 548 bytes
MITM Node dropping a large packet.
MITM Node received a packet of size 548 bytes
MITM Node dropping a large packet.
MITM Node received a packet of size 548 bytes
MITM Node dropping a large packet.
MITM Node received a packet of size 548 bytes
MITM Node dropping a large packet.
MITM Node received a packet of size 548 bytes
MITM Node dropping a large packet.
MITM Node received a packet of size 548 bytes
MITM Node dropping a large packet.
MITM Node received a packet of size 548 bytes
MITM Node dropping a large packet.
MITM Node received a packet of size 548 bytes
MITM Node dropping a large packet.
MITM Node received a packet of size 548 bytes
MITM Node dropping a large packet.
MITM Node received a packet of size 548 bytes
MITM Node dropping a large packet.
MITM Node received a packet of size 548 bytes
MITM Node dropping a large packet.
MITM Node received a packet of size 548 bytes
MITM Node dropping a large packet.
MITM Node received a packet of size 548 bytes
MITM Node dropping a large packet.
MITM Node received a packet of size 548 bytes
MITM Node dropping a large packet.
MITM Node received a packet of size 548 bytes
MITM Node dropping a large packet.
MITM Node received a packet of size 548 bytes
MITM Node dropping a large packet.
MITM Node received a packet of size 548 bytes
MITM Node dropping a large packet.
MITM Node received a packet of size 548 bytes
MITM Node dropping a large packet.
MITM Node received a packet of size 548 bytes
MITM Node dropping a large packet.
MITM Node received a packet of size 548 bytes
MITM Node dropping a large packet.
MITM Node received a packet of size 548 bytes
MITM Node dropping a large packet.
MITM Node received a packet of size 548 bytes
MITM Node dropping a large packet.
MITM Node received a packet of size 548 bytes
MITM Node dropping a large packet.
MITM Node received a packet of size 548 bytes
MITM Node dropping a large packet.
MITM Node received a packet of size 548 bytes
MITM Node dropping a large packet.
MITM Node received a packet of size 548 bytes
MITM Node dropping a large packet.
MITM Node received a packet of size 548 bytes
MITM Node dropping a large packet.
MITM Node received a packet of size 548 bytes
MITM Node dropping a large packet.
MITM Node received a packet of size 548 bytes
MITM Node dropping a large packet.
MITM Node received a packet of size 548 bytes
MITM Node dropping a large packet.
MITM Node received a packet of size 548 bytes
MITM Node dropping a large packet.
MITM Node received a packet of size 548 bytes
MITM Node dropping a large packet.
MITM Node received a packet of size 548 bytes
MITM Node dropping a large packet.
MITM Node received a packet of size 548 bytes
MITM Node dropping a large packet.
MITM Node received a packet of size 548 bytes
MITM Node dropping a large packet.
MITM Node received a packet of size 548 bytes
MITM Node dropping a large packet.
MITM Node received a packet of size 548 bytes
MITM Node dropping a large packet.
MITM Node received a packet of size 548 bytes
MITM Node dropping a large packet.
MITM Node received a packet of size 548 bytes
MITM Node dropping a large packet.
MITM Node received a packet of size 548 bytes
MITM Node dropping a large packet.
MITM Node received a packet of size 548 bytes
MITM Node dropping a large packet.
MITM Node received a packet of size 548 bytes
MITM Node dropping a large packet.
MITM Node received a packet of size 548 bytes
MITM Node dropping a large packet.
MITM Node received a packet of size 548 bytes
MITM Node dropping a large packet.
MITM Node received a packet of size 548 bytes
MITM Node dropping a large packet.
MITM Node received a packet of size 548 bytes
MITM Node dropping a large packet.
MITM Node received a packet of size 548 bytes
MITM Node dropping a large packet.
MITM Node received a packet of size 548 bytes
MITM Node dropping a large packet.
MITM Node received a packet of size 548 bytes
MITM Node dropping a large packet.
MITM Node received a packet of size 548 bytes
MITM Node dropping a large packet.
MITM Node received a packet of size 548 bytes
MITM Node dropping a large packet.
MITM Node received a packet of size 548 bytes
MITM Node dropping a large packet.
MITM Node received a packet of size 548 bytes
MITM Node dropping a large packet.
MITM Node received a packet of size 548 bytes
MITM Node dropping a large packet.
MITM Node received a packet of size 548 bytes
MITM Node dropping a large packet.
MITM Node received a packet of size 548 bytes
MITM Node dropping a large packet.
MITM Node received a packet of size 548 bytes
MITM Node dropping a large packet.
MITM Node received a packet of size 548 bytes
MITM Node dropping a large packet.
MITM Node received a packet of size 548 bytes
MITM Node dropping a large packet.
MITM Node received a packet of size 548 bytes
MITM Node dropping a large packet.
MITM Node received a packet of size 548 bytes
MITM Node dropping a large packet.
MITM Node received a packet of size 548 bytes
MITM Node dropping a large packet.
MITM Node received a packet of size 548 bytes
MITM Node dropping a large packet.
MITM Node received a packet of size 548 bytes
MITM Node dropping a large packet.
MITM Node received a packet of size 548 bytes
MITM Node dropping a large packet.
MITM Node received a packet of size 548 bytes
MITM Node dropping a large packet.
MITM Node received a packet of size 548 bytes
MITM Node dropping a large packet.
MITM Node received a packet of size 548 bytes
MITM Node dropping a large packet.
MITM Node received a packet of size 548 bytes
MITM Node dropping a large packet.
MITM Node received a packet of size 548 bytes
MITM Node dropping a large packet.
MITM Node received a packet of size 548 bytes
MITM Node dropping a large packet.
MITM Node received a packet of size 548 bytes
MITM Node dropping a large packet.
MITM Node received a packet of size 548 bytes
MITM Node dropping a large packet.
MITM Node received a packet of size 548 bytes
MITM Node dropping a large packet.
MITM Node received a packet of size 548 bytes
MITM Node dropping a large packet.
MITM Node received a packet of size 548 bytes
MITM Node dropping a large packet.
MITM Node received a packet of size 548 bytes
MITM Node dropping a large packet.
MITM Node received a packet of size 548 bytes
MITM Node dropping a large packet.
MITM Node received a packet of size 548 bytes
MITM Node dropping a large packet.
MITM Node received a packet of size 548 bytes
MITM Node dropping a large packet.
MITM Node received a packet of size 548 bytes
MITM Node dropping a large packet.
MITM Node received a packet of size 548 bytes
MITM Node dropping a large packet.
MITM Node received a packet of size 548 bytes
MITM Node dropping a large packet.
MITM Node received a packet of size 548 bytes
MITM Node dropping a large packet.
MITM Node received a packet of size 548 bytes
MITM Node dropping a large packet.
MITM Node received a packet of size 548 bytes
MITM Node dropping a large packet.
MITM Node received a packet of size 548 bytes
MITM Node dropping a large packet.
MITM Node received a packet of size 548 bytes
MITM Node dropping a large packet.
MITM Node received a packet of size 548 bytes
MITM Node dropping a large packet.
MITM Node received a packet of size 548 bytes
MITM Node dropping a large packet.
MITM Node received a packet of size 548 bytes
MITM Node dropping a large packet.
MITM Node received a packet of size 548 bytes
MITM Node dropping a large packet.
MITM Node received a packet of size 548 bytes
MITM Node dropping a large packet.
MITM Node received a packet of size 548 bytes
MITM Node dropping a large packet.
MITM Node received a packet of size 548 bytes
MITM Node dropping a large packet.
MITM Node received a packet of size 548 bytes
MITM Node dropping a large packet.
MITM Node received a packet of size 548 bytes
MITM Node dropping a large packet.
MITM Node received a packet of size 548 bytes
MITM Node dropping a large packet.
MITM Node received a packet of size 548 bytes
MITM Node dropping a large packet.
MITM Node received a packet of size 548 bytes
MITM Node dropping a large packet.
MITM Node received a packet of size 548 bytes
MITM Node dropping a large packet.
MITM Node received a packet of size 548 bytes
MITM Node dropping a large packet.
MITM Node received a packet of size 548 bytes
MITM Node dropping a large packet.
MITM Node received a packet of size 548 bytes
MITM Node dropping a large packet.
MITM Node received a packet of size 548 bytes
MITM Node dropping a large packet.
MITM Node received a packet of size 548 bytes
MITM Node dropping a large packet.
MITM Node received a packet of size 548 bytes
MITM Node dropping a large packet.
MITM Node received a packet of size 548 bytes
MITM Node dropping a large packet.
MITM Node received a packet of size 548 bytes
MITM Node dropping a large packet.
MITM Node received a packet of size 548 bytes
MITM Node dropping a large packet.
MITM Node received a packet of size 548 bytes
MITM Node dropping a large packet.
MITM Node received a packet of size 548 bytes
MITM Node dropping a large packet.
MITM Node received a packet of size 548 bytes
MITM Node dropping a large packet.
MITM Node received a packet of size 548 bytes
MITM Node dropping a large packet.
MITM Node received a packet of size 548 bytes
MITM Node dropping a large packet.
MITM Node received a packet of size 548 bytes
MITM Node dropping a large packet.
MITM Node received a packet of size 548 bytes
MITM Node dropping a large packet.
MITM Node received a packet of size 548 bytes
MITM Node dropping a large packet.
MITM Node received a packet of size 548 bytes
MITM Node dropping a large packet.
MITM Node received a packet of size 548 bytes
MITM Node dropping a large packet.
MITM Node received a packet of size 548 bytes
MITM Node dropping a large packet.
MITM Node received a packet of size 548 bytes
MITM Node dropping a large packet.
MITM Node received a packet of size 548 bytes
MITM Node dropping a large packet.
MITM Node received a packet of size 548 bytes
MITM Node dropping a large packet.
MITM Node received a packet of size 548 bytes
MITM Node dropping a large packet.
MITM Node received a packet of size 548 bytes
MITM Node dropping a large packet.
MITM Node received a packet of size 548 bytes
MITM Node dropping a large packet.
MITM Node received a packet of size 548 bytes
MITM Node dropping a large packet.
MITM Node received a packet of size 548 bytes
MITM Node dropping a large packet.
MITM Node received a packet of size 548 bytes
MITM Node dropping a large packet.
MITM Node received a packet of size 548 bytes
MITM Node dropping a large packet.
MITM Node received a packet of size 548 bytes
MITM Node dropping a large packet.
MITM Node received a packet of size 548 bytes
MITM Node dropping a large packet.
MITM Node received a packet of size 548 bytes
MITM Node dropping a large packet.
MITM Node received a packet of size 548 bytes
MITM Node dropping a large packet.
MITM Node received a packet of size 548 bytes
MITM Node dropping a large packet.
MITM Node received a packet of size 548 bytes
MITM Node dropping a large packet.
MITM Node received a packet of size 548 bytes
MITM Node dropping a large packet.
MITM Node received a packet of size 548 bytes
MITM Node dropping a large packet.
MITM Node received a packet of size 548 bytes
MITM Node dropping a large packet.
MITM Node received a packet of size 548 bytes
MITM Node dropping a large packet.
MITM Node received a packet of size 548 bytes
MITM Node dropping a large packet.
MITM Node received a packet of size 548 bytes
MITM Node dropping a large packet.
MITM Node received a packet of size 548 bytes
MITM Node dropping a large packet.
MITM Node received a packet of size 548 bytes
MITM Node dropping a large packet.
MITM Node received a packet of size 548 bytes
MITM Node dropping a large packet.
MITM Node received a packet of size 548 bytes
MITM Node dropping a large packet.
MITM Node received a packet of size 548 bytes
MITM Node dropping a large packet.
MITM Node received a packet of size 548 bytes
MITM Node dropping a large packet.
MITM Node received a packet of size 548 bytes
MITM Node dropping a large packet.
MITM Node received a packet of size 548 bytes
MITM Node dropping a large packet.
MITM Node received a packet of size 548 bytes
MITM Node dropping a large packet.
MITM Node received a packet of size 548 bytes
MITM Node dropping a large packet.
MITM Node received a packet of size 548 bytes
MITM Node dropping a large packet.
MITM Node received a packet of size 548 bytes
MITM Node dropping a large packet.
MITM Node received a packet of size 548 bytes
MITM Node dropping a large packet.
MITM Node received a packet of size 548 bytes
MITM Node dropping a large packet.
MITM Node received a packet of size 548 bytes
MITM Node dropping a large packet.
MITM Node received a packet of size 548 bytes
MITM Node dropping a large packet.
MITM Node received a packet of size 548 bytes
MITM Node dropping a large packet.
MITM Node received a packet of size 548 bytes
MITM Node dropping a large packet.
MITM Node received a packet of size 548 bytes
MITM Node dropping a large packet.
MITM Node received a packet of size 548 bytes
MITM Node dropping a large packet.
MITM Node received a packet of size 548 bytes
MITM Node dropping a large packet.
MITM Node received a packet of size 548 bytes
MITM Node dropping a large packet.
MITM Node received a packet of size 548 bytes
MITM Node dropping a large packet.
MITM Node received a packet of size 548 bytes
MITM Node dropping a large packet.
MITM Node received a packet of size 548 bytes
MITM Node dropping a large packet.
MITM Node received a packet of size 548 bytes
MITM Node dropping a large packet.
MITM Node received a packet of size 548 bytes
MITM Node dropping a large packet.
MITM Node received a packet of size 548 bytes
MITM Node dropping a large packet.
MITM Node received a packet of size 548 bytes
MITM Node dropping a large packet.
MITM Node received a packet of size 548 bytes
MITM Node dropping a large packet.
MITM Node received a packet of size 548 bytes
MITM Node dropping a large packet.
MITM Node received a packet of size 548 bytes
MITM Node dropping a large packet.
MITM Node received a packet of size 548 bytes
MITM Node dropping a large packet.
MITM Node received a packet of size 548 bytes
MITM Node dropping a large packet.
MITM Node received a packet of size 548 bytes
MITM Node dropping a large packet.
MITM Node received a packet of size 548 bytes
MITM Node dropping a large packet.
MITM Node received a packet of size 548 bytes
MITM Node dropping a large packet.
MITM Node received a packet of size 548 bytes
MITM Node dropping a large packet.
MITM Node received a packet of size 548 bytes
MITM Node dropping a large packet.
MITM Node received a packet of size 548 bytes
MITM Node dropping a large packet.
MITM Node received a packet of size 548 bytes
MITM Node dropping a large packet.
MITM Node received a packet of size 548 bytes
MITM Node dropping a large packet.
MITM Node received a packet of size 548 bytes
MITM Node dropping a large packet.
MITM Node received a packet of size 548 bytes
MITM Node dropping a large packet.
MITM Node received a packet of size 548 bytes
MITM Node dropping a large packet.
MITM Node received a packet of size 548 bytes
MITM Node dropping a large packet.
MITM Node received a packet of size 548 bytes
MITM Node dropping a large packet.
MITM Node received a packet of size 548 bytes
MITM Node dropping a large packet.
MITM Node received a packet of size 548 bytes
MITM Node dropping a large packet.
MITM Node received a packet of size 548 bytes
MITM Node dropping a large packet.
MITM Node received a packet of size 548 bytes
MITM Node dropping a large packet.
MITM Node received a packet of size 548 bytes
MITM Node dropping a large packet.
MITM Node received a packet of size 548 bytes
MITM Node dropping a large packet.
MITM Node received a packet of size 548 bytes
MITM Node dropping a large packet.
MITM Node received a packet of size 548 bytes
MITM Node dropping a large packet.
MITM Node received a packet of size 548 bytes
MITM Node dropping a large packet.
MITM Node received a packet of size 548 bytes
MITM Node dropping a large packet.
MITM Node received a packet of size 548 bytes
MITM Node dropping a large packet.
MITM Node received a packet of size 548 bytes
MITM Node dropping a large packet.
MITM Node received a packet of size 548 bytes
MITM Node dropping a large packet.
MITM Node received a packet of size 548 bytes
MITM Node dropping a large packet.
MITM Node received a packet of size 548 bytes
MITM Node dropping a large packet.
MITM Node received a packet of size 548 bytes
MITM Node dropping a large packet.
[BluetoothEnergy] time: 5 s, node: 11, state: 0, total_energy: 4.16667e-08 kWh
MITM Node received a packet of size 548 bytes
MITM Node dropping a large packet.
MITM Node received a packet of size 548 bytes
MITM Node dropping a large packet.
MITM Node received a packet of size 548 bytes
MITM Node dropping a large packet.
MITM Node received a packet of size 548 bytes
MITM Node dropping a large packet.
MITM Node received a packet of size 548 bytes
MITM Node dropping a large packet.
MITM Node received a packet of size 548 bytes
MITM Node dropping a large packet.
MITM Node received a packet of size 548 bytes
MITM Node dropping a large packet.
MITM Node received a packet of size 548 bytes
MITM Node dropping a large packet.
MITM Node received a packet of size 548 bytes
MITM Node dropping a large packet.
MITM Node received a packet of size 548 bytes
MITM Node dropping a large packet.
MITM Node received a packet of size 548 bytes
MITM Node dropping a large packet.
MITM Node received a packet of size 548 bytes
MITM Node dropping a large packet.
MITM Node received a packet of size 548 bytes
MITM Node dropping a large packet.
MITM Node received a packet of size 548 bytes
MITM Node dropping a large packet.
MITM Node received a packet of size 548 bytes
MITM Node dropping a large packet.
MITM Node received a packet of size 548 bytes
MITM Node dropping a large packet.
MITM Node received a packet of size 548 bytes
MITM Node dropping a large packet.
MITM Node received a packet of size 548 bytes
MITM Node dropping a large packet.
MITM Node received a packet of size 548 bytes
MITM Node dropping a large packet.
MITM Node received a packet of size 548 bytes
MITM Node dropping a large packet.
MITM Node received a packet of size 548 bytes
MITM Node dropping a large packet.
MITM Node received a packet of size 548 bytes
MITM Node dropping a large packet.
MITM Node received a packet of size 548 bytes
MITM Node dropping a large packet.
MITM Node received a packet of size 548 bytes
MITM Node dropping a large packet.
MITM Node received a packet of size 548 bytes
MITM Node dropping a large packet.
MITM Node received a packet of size 548 bytes
MITM Node dropping a large packet.
MITM Node received a packet of size 548 bytes
MITM Node dropping a large packet.
MITM Node received a packet of size 548 bytes
MITM Node dropping a large packet.
MITM Node received a packet of size 548 bytes
MITM Node dropping a large packet.
MITM Node received a packet of size 548 bytes
MITM Node dropping a large packet.
MITM Node received a packet of size 548 bytes
MITM Node dropping a large packet.
MITM Node received a packet of size 548 bytes
MITM Node dropping a large packet.
MITM Node received a packet of size 548 bytes
MITM Node dropping a large packet.
MITM Node received a packet of size 548 bytes
MITM Node dropping a large packet.
MITM Node received a packet of size 548 bytes
MITM Node dropping a large packet.
MITM Node received a packet of size 548 bytes
MITM Node dropping a large packet.
MITM Node received a packet of size 548 bytes
MITM Node dropping a large packet.
MITM Node received a packet of size 548 bytes
MITM Node dropping a large packet.
MITM Node received a packet of size 548 bytes
MITM Node dropping a large packet.
MITM Node received a packet of size 548 bytes
MITM Node dropping a large packet.
MITM Node received a packet of size 548 bytes
MITM Node dropping a large packet.
MITM Node received a packet of size 548 bytes
MITM Node dropping a large packet.
MITM Node received a packet of size 548 bytes
MITM Node dropping a large packet.
MITM Node received a packet of size 548 bytes
MITM Node dropping a large packet.
MITM Node received a packet of size 548 bytes
MITM Node dropping a large packet.
MITM Node received a packet of size 548 bytes
MITM Node dropping a large packet.
MITM Node received a packet of size 548 bytes
MITM Node dropping a large packet.
[BluetoothEnergy] time: 5.2 s, node: 11, state: 1, total_energy: 6.66667e-08 kWh
MITM Node received a packet of size 548 bytes
MITM Node dropping a large packet.
MITM Node received a packet of size 548 bytes
MITM Node dropping a large packet.
MITM Node received a packet of size 548 bytes
MITM Node dropping a large packet.
MITM Node received a packet of size 548 bytes
MITM Node dropping a large packet.
MITM Node received a packet of size 548 bytes
MITM Node dropping a large packet.
MITM Node received a packet of size 548 bytes
MITM Node dropping a large packet.
MITM Node received a packet of size 548 bytes
MITM Node dropping a large packet.
MITM Node received a packet of size 548 bytes
MITM Node dropping a large packet.
MITM Node received a packet of size 548 bytes
MITM Node dropping a large packet.
MITM Node received a packet of size 548 bytes
MITM Node dropping a large packet.
MITM Node received a packet of size 548 bytes
MITM Node dropping a large packet.
MITM Node received a packet of size 548 bytes
MITM Node dropping a large packet.
MITM Node received a packet of size 548 bytes
MITM Node dropping a large packet.
MITM Node received a packet of size 548 bytes
MITM Node dropping a large packet.
MITM Node received a packet of size 548 bytes
MITM Node dropping a large packet.
MITM Node received a packet of size 548 bytes
MITM Node dropping a large packet.
MITM Node received a packet of size 548 bytes
MITM Node dropping a large packet.
MITM Node received a packet of size 548 bytes
MITM Node dropping a large packet.
MITM Node received a packet of size 548 bytes
MITM Node dropping a large packet.
MITM Node received a packet of size 548 bytes
MITM Node dropping a large packet.
MITM Node received a packet of size 548 bytes
MITM Node dropping a large packet.
MITM Node received a packet of size 548 bytes
MITM Node dropping a large packet.
MITM Node received a packet of size 548 bytes
MITM Node dropping a large packet.
MITM Node received a packet of size 548 bytes
MITM Node dropping a large packet.
MITM Node received a packet of size 548 bytes
MITM Node dropping a large packet.
MITM Node received a packet of size 548 bytes
MITM Node dropping a large packet.
MITM Node received a packet of size 548 bytes
MITM Node dropping a large packet.
MITM Node received a packet of size 548 bytes
MITM Node dropping a large packet.
MITM Node received a packet of size 548 bytes
MITM Node dropping a large packet.
MITM Node received a packet of size 548 bytes
MITM Node dropping a large packet.
MITM Node received a packet of size 548 bytes
MITM Node dropping a large packet.
MITM Node received a packet of size 548 bytes
MITM Node dropping a large packet.
MITM Node received a packet of size 548 bytes
MITM Node dropping a large packet.
MITM Node received a packet of size 548 bytes
MITM Node dropping a large packet.
MITM Node received a packet of size 548 bytes
MITM Node dropping a large packet.
MITM Node received a packet of size 548 bytes
MITM Node dropping a large packet.
MITM Node received a packet of size 548 bytes
MITM Node dropping a large packet.
MITM Node received a packet of size 548 bytes
MITM Node dropping a large packet.
MITM Node received a packet of size 548 bytes
MITM Node dropping a large packet.
MITM Node received a packet of size 548 bytes
MITM Node dropping a large packet.
MITM Node received a packet of size 548 bytes
MITM Node dropping a large packet.
MITM Node received a packet of size 548 bytes
MITM Node dropping a large packet.
MITM Node received a packet of size 548 bytes
MITM Node dropping a large packet.
MITM Node received a packet of size 548 bytes
MITM Node dropping a large packet.
MITM Node received a packet of size 548 bytes
MITM Node dropping a large packet.
MITM Node received a packet of size 548 bytes
MITM Node dropping a large packet.
MITM Node received a packet of size 548 bytes
MITM Node dropping a large packet.
MITM Node received a packet of size 548 bytes
MITM Node dropping a large packet.
MITM Node received a packet of size 548 bytes
MITM Node dropping a large packet.
MITM Node received a packet of size 548 bytes
MITM Node dropping a large packet.
MITM Node received a packet of size 548 bytes
MITM Node dropping a large packet.
MITM Node received a packet of size 548 bytes
MITM Node dropping a large packet.
MITM Node received a packet of size 548 bytes
MITM Node dropping a large packet.
MITM Node received a packet of size 548 bytes
MITM Node dropping a large packet.
MITM Node received a packet of size 548 bytes
MITM Node dropping a large packet.
MITM Node received a packet of size 548 bytes
MITM Node dropping a large packet.
MITM Node received a packet of size 548 bytes
MITM Node dropping a large packet.
MITM Node received a packet of size 548 bytes
MITM Node dropping a large packet.
MITM Node received a packet of size 548 bytes
MITM Node dropping a large packet.
MITM Node received a packet of size 548 bytes
MITM Node dropping a large packet.
MITM Node received a packet of size 548 bytes
MITM Node dropping a large packet.
MITM Node received a packet of size 548 bytes
MITM Node dropping a large packet.
MITM Node received a packet of size 548 bytes
MITM Node dropping a large packet.
MITM Node received a packet of size 548 bytes
MITM Node dropping a large packet.
MITM Node received a packet of size 548 bytes
MITM Node dropping a large packet.
MITM Node received a packet of size 548 bytes
MITM Node dropping a large packet.
MITM Node received a packet of size 548 bytes
MITM Node dropping a large packet.
MITM Node received a packet of size 548 bytes
MITM Node dropping a large packet.
MITM Node received a packet of size 548 bytes
MITM Node dropping a large packet.
MITM Node received a packet of size 548 bytes
MITM Node dropping a large packet.
MITM Node received a packet of size 548 bytes
MITM Node dropping a large packet.
MITM Node received a packet of size 548 bytes
MITM Node dropping a large packet.
MITM Node received a packet of size 548 bytes
MITM Node dropping a large packet.
MITM Node received a packet of size 548 bytes
MITM Node dropping a large packet.
MITM Node received a packet of size 548 bytes
MITM Node dropping a large packet.
MITM Node received a packet of size 548 bytes
MITM Node dropping a large packet.
MITM Node received a packet of size 548 bytes
MITM Node dropping a large packet.
MITM Node received a packet of size 548 bytes
MITM Node dropping a large packet.
MITM Node received a packet of size 548 bytes
MITM Node dropping a large packet.
MITM Node received a packet of size 548 bytes
MITM Node dropping a large packet.
MITM Node received a packet of size 548 bytes
MITM Node dropping a large packet.
MITM Node received a packet of size 548 bytes
MITM Node dropping a large packet.
MITM Node received a packet of size 548 bytes
MITM Node dropping a large packet.
MITM Node received a packet of size 548 bytes
MITM Node dropping a large packet.
MITM Node received a packet of size 548 bytes
MITM Node dropping a large packet.
MITM Node received a packet of size 548 bytes
MITM Node dropping a large packet.
MITM Node received a packet of size 548 bytes
MITM Node dropping a large packet.
MITM Node received a packet of size 548 bytes
MITM Node dropping a large packet.
MITM Node received a packet of size 548 bytes
MITM Node dropping a large packet.
MITM Node received a packet of size 548 bytes
MITM Node dropping a large packet.
MITM Node received a packet of size 548 bytes
MITM Node dropping a large packet.
MITM Node received a packet of size 548 bytes
MITM Node dropping a large packet.
MITM Node received a packet of size 548 bytes
MITM Node dropping a large packet.
MITM Node received a packet of size 548 bytes
MITM Node dropping a large packet.
MITM Node received a packet of size 548 bytes
MITM Node dropping a large packet.
MITM Node received a packet of size 548 bytes
MITM Node dropping a large packet.
MITM Node received a packet of size 548 bytes
MITM Node dropping a large packet.
MITM Node received a packet of size 548 bytes
MITM Node dropping a large packet.
MITM Node received a packet of size 548 bytes
MITM Node dropping a large packet.
MITM Node received a packet of size 548 bytes
MITM Node dropping a large packet.
MITM Node received a packet of size 548 bytes
MITM Node dropping a large packet.
MITM Node received a packet of size 548 bytes
MITM Node dropping a large packet.
MITM Node received a packet of size 548 bytes
MITM Node dropping a large packet.
MITM Node received a packet of size 548 bytes
MITM Node dropping a large packet.
MITM Node received a packet of size 548 bytes
MITM Node dropping a large packet.
MITM Node received a packet of size 548 bytes
MITM Node dropping a large packet.
MITM Node received a packet of size 548 bytes
MITM Node dropping a large packet.
MITM Node received a packet of size 548 bytes
MITM Node dropping a large packet.
MITM Node received a packet of size 548 bytes
MITM Node dropping a large packet.
MITM Node received a packet of size 548 bytes
MITM Node dropping a large packet.
MITM Node received a packet of size 548 bytes
MITM Node dropping a large packet.
MITM Node received a packet of size 548 bytes
MITM Node dropping a large packet.
MITM Node received a packet of size 548 bytes
MITM Node dropping a large packet.
MITM Node received a packet of size 548 bytes
MITM Node dropping a large packet.
MITM Node received a packet of size 548 bytes
MITM Node dropping a large packet.
MITM Node received a packet of size 548 bytes
MITM Node dropping a large packet.
MITM Node received a packet of size 548 bytes
MITM Node dropping a large packet.
MITM Node received a packet of size 548 bytes
MITM Node dropping a large packet.
MITM Node received a packet of size 548 bytes
MITM Node dropping a large packet.
MITM Node received a packet of size 548 bytes
MITM Node dropping a large packet.
MITM Node received a packet of size 548 bytes
MITM Node dropping a large packet.
MITM Node received a packet of size 548 bytes
MITM Node dropping a large packet.
MITM Node received a packet of size 548 bytes
MITM Node dropping a large packet.
MITM Node received a packet of size 548 bytes
MITM Node dropping a large packet.
MITM Node received a packet of size 548 bytes
MITM Node dropping a large packet.
MITM Node received a packet of size 548 bytes
MITM Node dropping a large packet.
MITM Node received a packet of size 548 bytes
MITM Node dropping a large packet.
MITM Node received a packet of size 548 bytes
MITM Node dropping a large packet.
MITM Node received a packet of size 548 bytes
MITM Node dropping a large packet.
MITM Node received a packet of size 548 bytes
MITM Node dropping a large packet.
MITM Node received a packet of size 548 bytes
MITM Node dropping a large packet.
MITM Node received a packet of size 548 bytes
MITM Node dropping a large packet.
MITM Node received a packet of size 548 bytes
MITM Node dropping a large packet.
MITM Node received a packet of size 548 bytes
MITM Node dropping a large packet.
MITM Node received a packet of size 548 bytes
MITM Node dropping a large packet.
MITM Node received a packet of size 548 bytes
MITM Node dropping a large packet.
MITM Node received a packet of size 548 bytes
MITM Node dropping a large packet.
MITM Node received a packet of size 548 bytes
MITM Node dropping a large packet.
MITM Node received a packet of size 548 bytes
MITM Node dropping a large packet.
MITM Node received a packet of size 548 bytes
MITM Node dropping a large packet.
MITM Node received a packet of size 548 bytes
MITM Node dropping a large packet.
MITM Node received a packet of size 548 bytes
MITM Node dropping a large packet.
MITM Node received a packet of size 548 bytes
MITM Node dropping a large packet.
MITM Node received a packet of size 548 bytes
MITM Node dropping a large packet.
MITM Node received a packet of size 548 bytes
MITM Node dropping a large packet.
MITM Node received a packet of size 548 bytes
MITM Node dropping a large packet.
MITM Node received a packet of size 548 bytes
MITM Node dropping a large packet.
MITM Node received a packet of size 548 bytes
MITM Node dropping a large packet.
MITM Node received a packet of size 548 bytes
MITM Node dropping a large packet.
MITM Node received a packet of size 548 bytes
MITM Node dropping a large packet.
MITM Node received a packet of size 548 bytes
MITM Node dropping a large packet.
MITM Node received a packet of size 548 bytes
MITM Node dropping a large packet.
MITM Node received a packet of size 548 bytes
MITM Node dropping a large packet.
MITM Node received a packet of size 548 bytes
MITM Node dropping a large packet.
MITM Node received a packet of size 548 bytes
MITM Node dropping a large packet.
MITM Node received a packet of size 548 bytes
MITM Node dropping a large packet.
MITM Node received a packet of size 548 bytes
MITM Node dropping a large packet.
MITM Node received a packet of size 548 bytes
MITM Node dropping a large packet.
MITM Node received a packet of size 548 bytes
MITM Node dropping a large packet.
MITM Node received a packet of size 548 bytes
MITM Node dropping a large packet.
MITM Node received a packet of size 548 bytes
MITM Node dropping a large packet.
MITM Node received a packet of size 548 bytes
MITM Node dropping a large packet.
MITM Node received a packet of size 548 bytes
MITM Node dropping a large packet.
MITM Node received a packet of size 548 bytes
MITM Node dropping a large packet.
MITM Node received a packet of size 548 bytes
MITM Node dropping a large packet.
MITM Node received a packet of size 548 bytes
MITM Node dropping a large packet.
MITM Node received a packet of size 548 bytes
MITM Node dropping a large packet.
MITM Node received a packet of size 548 bytes
MITM Node dropping a large packet.
MITM Node received a packet of size 548 bytes
MITM Node dropping a large packet.
MITM Node received a packet of size 548 bytes
MITM Node dropping a large packet.
MITM Node received a packet of size 548 bytes
MITM Node dropping a large packet.
MITM Node received a packet of size 548 bytes
MITM Node dropping a large packet.
MITM Node received a packet of size 548 bytes
MITM Node dropping a large packet.
MITM Node received a packet of size 548 bytes
MITM Node dropping a large packet.
MITM Node received a packet of size 548 bytes
MITM Node dropping a large packet.
MITM Node received a packet of size 548 bytes
MITM Node dropping a large packet.
MITM Node received a packet of size 548 bytes
MITM Node dropping a large packet.
MITM Node received a packet of size 548 bytes
MITM Node dropping a large packet.
MITM Node received a packet of size 548 bytes
MITM Node dropping a large packet.
MITM Node received a packet of size 548 bytes
MITM Node dropping a large packet.
MITM Node received a packet of size 548 bytes
MITM Node dropping a large packet.
MITM Node received a packet of size 548 bytes
MITM Node dropping a large packet.
MITM Node received a packet of size 548 bytes
MITM Node dropping a large packet.
MITM Node received a packet of size 548 bytes
MITM Node dropping a large packet.
MITM Node received a packet of size 548 bytes
MITM Node dropping a large packet.
MITM Node received a packet of size 548 bytes
MITM Node dropping a large packet.
MITM Node received a packet of size 548 bytes
MITM Node dropping a large packet.
MITM Node received a packet of size 548 bytes
MITM Node dropping a large packet.
MITM Node received a packet of size 548 bytes
MITM Node dropping a large packet.
MITM Node received a packet of size 548 bytes
MITM Node dropping a large packet.
MITM Node received a packet of size 548 bytes
MITM Node dropping a large packet.
MITM Node received a packet of size 548 bytes
MITM Node dropping a large packet.
MITM Node received a packet of size 548 bytes
MITM Node dropping a large packet.
MITM Node received a packet of size 548 bytes
MITM Node dropping a large packet.
MITM Node received a packet of size 548 bytes
MITM Node dropping a large packet.
MITM Node received a packet of size 548 bytes
MITM Node dropping a large packet.
MITM Node received a packet of size 548 bytes
MITM Node dropping a large packet.
MITM Node received a packet of size 548 bytes
MITM Node dropping a large packet.
MITM Node received a packet of size 36 bytes
MITM Node successfully modified and forwarded the packet.
MITM Node received a packet of size 548 bytes
MITM Node dropping a large packet.
MITM Node received a packet of size 548 bytes
MITM Node dropping a large packet.
MITM Node received a packet of size 548 bytes
MITM Node dropping a large packet.
MITM Node received a packet of size 548 bytes
MITM Node dropping a large packet.
MITM Node received a packet of size 548 bytes
MITM Node dropping a large packet.
MITM Node received a packet of size 548 bytes
MITM Node dropping a large packet.
MITM Node received a packet of size 548 bytes
MITM Node dropping a large packet.
MITM Node received a packet of size 548 bytes
MITM Node dropping a large packet.
MITM Node received a packet of size 548 bytes
MITM Node dropping a large packet.
MITM Node received a packet of size 548 bytes
MITM Node dropping a large packet.
MITM Node received a packet of size 548 bytes
MITM Node dropping a large packet.
MITM Node received a packet of size 548 bytes
MITM Node dropping a large packet.
MITM Node received a packet of size 548 bytes
MITM Node dropping a large packet.
MITM Node received a packet of size 548 bytes
MITM Node dropping a large packet.
MITM Node received a packet of size 548 bytes
MITM Node dropping a large packet.
MITM Node received a packet of size 548 bytes
MITM Node dropping a large packet.
MITM Node received a packet of size 548 bytes
MITM Node dropping a large packet.
MITM Node received a packet of size 548 bytes
MITM Node dropping a large packet.
MITM Node received a packet of size 548 bytes
MITM Node dropping a large packet.
MITM Node received a packet of size 548 bytes
MITM Node dropping a large packet.
MITM Node received a packet of size 548 bytes
MITM Node dropping a large packet.
MITM Node received a packet of size 548 bytes
MITM Node dropping a large packet.
MITM Node received a packet of size 548 bytes
MITM Node dropping a large packet.
MITM Node received a packet of size 548 bytes
MITM Node dropping a large packet.
MITM Node received a packet of size 548 bytes
MITM Node dropping a large packet.
MITM Node received a packet of size 548 bytes
MITM Node dropping a large packet.
MITM Node received a packet of size 548 bytes
MITM Node dropping a large packet.
MITM Node received a packet of size 548 bytes
MITM Node dropping a large packet.
MITM Node received a packet of size 548 bytes
MITM Node dropping a large packet.
MITM Node received a packet of size 548 bytes
MITM Node dropping a large packet.
MITM Node received a packet of size 548 bytes
MITM Node dropping a large packet.
MITM Node received a packet of size 548 bytes
MITM Node dropping a large packet.
MITM Node received a packet of size 548 bytes
MITM Node dropping a large packet.
MITM Node received a packet of size 548 bytes
MITM Node dropping a large packet.
MITM Node received a packet of size 548 bytes
MITM Node dropping a large packet.
MITM Node received a packet of size 548 bytes
MITM Node dropping a large packet.
MITM Node received a packet of size 548 bytes
MITM Node dropping a large packet.
MITM Node received a packet of size 548 bytes
MITM Node dropping a large packet.
MITM Node received a packet of size 548 bytes
MITM Node dropping a large packet.
MITM Node received a packet of size 548 bytes
MITM Node dropping a large packet.
MITM Node received a packet of size 548 bytes
MITM Node dropping a large packet.
MITM Node received a packet of size 548 bytes
MITM Node dropping a large packet.
MITM Node received a packet of size 548 bytes
MITM Node dropping a large packet.
MITM Node received a packet of size 548 bytes
MITM Node dropping a large packet.
MITM Node received a packet of size 548 bytes
MITM Node dropping a large packet.
MITM Node received a packet of size 548 bytes
MITM Node dropping a large packet.
MITM Node received a packet of size 548 bytes
MITM Node dropping a large packet.
MITM Node received a packet of size 548 bytes
MITM Node dropping a large packet.
MITM Node received a packet of size 548 bytes
MITM Node dropping a large packet.
MITM Node received a packet of size 548 bytes
MITM Node dropping a large packet.
MITM Node received a packet of size 548 bytes
MITM Node dropping a large packet.
MITM Node received a packet of size 548 bytes
MITM Node dropping a large packet.
MITM Node received a packet of size 548 bytes
MITM Node dropping a large packet.
MITM Node received a packet of size 548 bytes
MITM Node dropping a large packet.
MITM Node received a packet of size 548 bytes
MITM Node dropping a large packet.
MITM Node received a packet of size 548 bytes
MITM Node dropping a large packet.
MITM Node received a packet of size 548 bytes
MITM Node dropping a large packet.
MITM Node received a packet of size 548 bytes
MITM Node dropping a large packet.
MITM Node received a packet of size 548 bytes
MITM Node dropping a large packet.
MITM Node received a packet of size 548 bytes
MITM Node dropping a large packet.
MITM Node received a packet of size 548 bytes
MITM Node dropping a large packet.
MITM Node received a packet of size 548 bytes
MITM Node dropping a large packet.
MITM Node received a packet of size 548 bytes
MITM Node dropping a large packet.
MITM Node received a packet of size 548 bytes
MITM Node dropping a large packet.
MITM Node received a packet of size 548 bytes
MITM Node dropping a large packet.
MITM Node received a packet of size 548 bytes
MITM Node dropping a large packet.
MITM Node received a packet of size 548 bytes
MITM Node dropping a large packet.
MITM Node received a packet of size 548 bytes
MITM Node dropping a large packet.
MITM Node received a packet of size 548 bytes
MITM Node dropping a large packet.
MITM Node received a packet of size 548 bytes
MITM Node dropping a large packet.
MITM Node received a packet of size 548 bytes
MITM Node dropping a large packet.
MITM Node received a packet of size 548 bytes
MITM Node dropping a large packet.
MITM Node received a packet of size 548 bytes
MITM Node dropping a large packet.
MITM Node received a packet of size 548 bytes
MITM Node dropping a large packet.
MITM Node received a packet of size 548 bytes
MITM Node dropping a large packet.
MITM Node received a packet of size 548 bytes
MITM Node dropping a large packet.
MITM Node received a packet of size 548 bytes
MITM Node dropping a large packet.
MITM Node received a packet of size 548 bytes
MITM Node dropping a large packet.
MITM Node received a packet of size 548 bytes
MITM Node dropping a large packet.
MITM Node received a packet of size 548 bytes
MITM Node dropping a large packet.
MITM Node received a packet of size 548 bytes
MITM Node dropping a large packet.
MITM Node received a packet of size 548 bytes
MITM Node dropping a large packet.
MITM Node received a packet of size 548 bytes
MITM Node dropping a large packet.
MITM Node received a packet of size 548 bytes
MITM Node dropping a large packet.
MITM Node received a packet of size 548 bytes
MITM Node dropping a large packet.
MITM Node received a packet of size 548 bytes
MITM Node dropping a large packet.
MITM Node received a packet of size 548 bytes
MITM Node dropping a large packet.
MITM Node received a packet of size 548 bytes
MITM Node dropping a large packet.
MITM Node received a packet of size 548 bytes
MITM Node dropping a large packet.
MITM Node received a packet of size 548 bytes
MITM Node dropping a large packet.
MITM Node received a packet of size 548 bytes
MITM Node dropping a large packet.
MITM Node received a packet of size 548 bytes
MITM Node dropping a large packet.
MITM Node received a packet of size 548 bytes
MITM Node dropping a large packet.
MITM Node received a packet of size 548 bytes
MITM Node dropping a large packet.
MITM Node received a packet of size 548 bytes
MITM Node dropping a large packet.
MITM Node received a packet of size 548 bytes
MITM Node dropping a large packet.
MITM Node received a packet of size 548 bytes
MITM Node dropping a large packet.
MITM Node received a packet of size 548 bytes
MITM Node dropping a large packet.
MITM Node received a packet of size 548 bytes
MITM Node dropping a large packet.
MITM Node received a packet of size 548 bytes
MITM Node dropping a large packet.
MITM Node received a packet of size 548 bytes
MITM Node dropping a large packet.
MITM Node received a packet of size 548 bytes
MITM Node dropping a large packet.
MITM Node received a packet of size 548 bytes
MITM Node dropping a large packet.
MITM Node received a packet of size 548 bytes
MITM Node dropping a large packet.
MITM Node received a packet of size 548 bytes
MITM Node dropping a large packet.
MITM Node received a packet of size 548 bytes
MITM Node dropping a large packet.
MITM Node received a packet of size 548 bytes
MITM Node dropping a large packet.
MITM Node received a packet of size 548 bytes
MITM Node dropping a large packet.
MITM Node received a packet of size 548 bytes
MITM Node dropping a large packet.
MITM Node received a packet of size 548 bytes
MITM Node dropping a large packet.
MITM Node received a packet of size 548 bytes
MITM Node dropping a large packet.
MITM Node received a packet of size 548 bytes
MITM Node dropping a large packet.
MITM Node received a packet of size 548 bytes
MITM Node dropping a large packet.
MITM Node received a packet of size 548 bytes
MITM Node dropping a large packet.
MITM Node received a packet of size 548 bytes
MITM Node dropping a large packet.
MITM Node received a packet of size 548 bytes
MITM Node dropping a large packet.
MITM Node received a packet of size 548 bytes
MITM Node dropping a large packet.
MITM Node received a packet of size 548 bytes
MITM Node dropping a large packet.
MITM Node received a packet of size 548 bytes
MITM Node dropping a large packet.
MITM Node received a packet of size 548 bytes
MITM Node dropping a large packet.
MITM Node received a packet of size 548 bytes
MITM Node dropping a large packet.
MITM Node received a packet of size 548 bytes
MITM Node dropping a large packet.
MITM Node received a packet of size 548 bytes
MITM Node dropping a large packet.
MITM Node received a packet of size 548 bytes
MITM Node dropping a large packet.
MITM Node received a packet of size 548 bytes
MITM Node dropping a large packet.
MITM Node received a packet of size 548 bytes
MITM Node dropping a large packet.
MITM Node received a packet of size 548 bytes
MITM Node dropping a large packet.
MITM Node received a packet of size 548 bytes
MITM Node dropping a large packet.
MITM Node received a packet of size 548 bytes
MITM Node dropping a large packet.
MITM Node received a packet of size 548 bytes
MITM Node dropping a large packet.
MITM Node received a packet of size 548 bytes
MITM Node dropping a large packet.
MITM Node received a packet of size 548 bytes
MITM Node dropping a large packet.
MITM Node received a packet of size 548 bytes
MITM Node dropping a large packet.
MITM Node received a packet of size 548 bytes
MITM Node dropping a large packet.
MITM Node received a packet of size 548 bytes
MITM Node dropping a large packet.
MITM Node received a packet of size 548 bytes
MITM Node dropping a large packet.
MITM Node received a packet of size 548 bytes
MITM Node dropping a large packet.
MITM Node received a packet of size 548 bytes
MITM Node dropping a large packet.
MITM Node received a packet of size 548 bytes
MITM Node dropping a large packet.
MITM Node received a packet of size 548 bytes
MITM Node dropping a large packet.
MITM Node received a packet of size 548 bytes
MITM Node dropping a large packet.
MITM Node received a packet of size 548 bytes
MITM Node dropping a large packet.
MITM Node received a packet of size 548 bytes
MITM Node dropping a large packet.
MITM Node received a packet of size 548 bytes
MITM Node dropping a large packet.
MITM Node received a packet of size 548 bytes
MITM Node dropping a large packet.
MITM Node received a packet of size 548 bytes
MITM Node dropping a large packet.
MITM Node received a packet of size 548 bytes
MITM Node dropping a large packet.
MITM Node received a packet of size 548 bytes
MITM Node dropping a large packet.
MITM Node received a packet of size 548 bytes
MITM Node dropping a large packet.
MITM Node received a packet of size 548 bytes
MITM Node dropping a large packet.
MITM Node received a packet of size 548 bytes
MITM Node dropping a large packet.
MITM Node received a packet of size 548 bytes
MITM Node dropping a large packet.
MITM Node received a packet of size 548 bytes
MITM Node dropping a large packet.
MITM Node received a packet of size 548 bytes
MITM Node dropping a large packet.
MITM Node received a packet of size 548 bytes
MITM Node dropping a large packet.
MITM Node received a packet of size 548 bytes
MITM Node dropping a large packet.
MITM Node received a packet of size 548 bytes
MITM Node dropping a large packet.
MITM Node received a packet of size 548 bytes
MITM Node dropping a large packet.
MITM Node received a packet of size 548 bytes
MITM Node dropping a large packet.
MITM Node received a packet of size 548 bytes
MITM Node dropping a large packet.
MITM Node received a packet of size 548 bytes
MITM Node dropping a large packet.
MITM Node received a packet of size 548 bytes
MITM Node dropping a large packet.
MITM Node received a packet of size 548 bytes
MITM Node dropping a large packet.
MITM Node received a packet of size 548 bytes
MITM Node dropping a large packet.
MITM Node received a packet of size 548 bytes
MITM Node dropping a large packet.
MITM Node received a packet of size 548 bytes
MITM Node dropping a large packet.
MITM Node received a packet of size 548 bytes
MITM Node dropping a large packet.
MITM Node received a packet of size 548 bytes
MITM Node dropping a large packet.
MITM Node received a packet of size 548 bytes
MITM Node dropping a large packet.
MITM Node received a packet of size 548 bytes
MITM Node dropping a large packet.
MITM Node received a packet of size 548 bytes
MITM Node dropping a large packet.
MITM Node received a packet of size 548 bytes
MITM Node dropping a large packet.
MITM Node received a packet of size 548 bytes
MITM Node dropping a large packet.
MITM Node received a packet of size 548 bytes
MITM Node dropping a large packet.
MITM Node received a packet of size 548 bytes
MITM Node dropping a large packet.
MITM Node received a packet of size 548 bytes
MITM Node dropping a large packet.
MITM Node received a packet of size 548 bytes
MITM Node dropping a large packet.
MITM Node received a packet of size 548 bytes
MITM Node dropping a large packet.
MITM Node received a packet of size 548 bytes
MITM Node dropping a large packet.
MITM Node received a packet of size 548 bytes
MITM Node dropping a large packet.
MITM Node received a packet of size 548 bytes
MITM Node dropping a large packet.
MITM Node received a packet of size 548 bytes
MITM Node dropping a large packet.
MITM Node received a packet of size 548 bytes
MITM Node dropping a large packet.
MITM Node received a packet of size 548 bytes
MITM Node dropping a large packet.
MITM Node received a packet of size 548 bytes
MITM Node dropping a large packet.
MITM Node received a packet of size 548 bytes
MITM Node dropping a large packet.
MITM Node received a packet of size 548 bytes
MITM Node dropping a large packet.
MITM Node received a packet of size 548 bytes
MITM Node dropping a large packet.
MITM Node received a packet of size 548 bytes
MITM Node dropping a large packet.
MITM Node received a packet of size 548 bytes
MITM Node dropping a large packet.
MITM Node received a packet of size 548 bytes
MITM Node dropping a large packet.
MITM Node received a packet of size 548 bytes
MITM Node dropping a large packet.
MITM Node received a packet of size 548 bytes
MITM Node dropping a large packet.
MITM Node received a packet of size 548 bytes
MITM Node dropping a large packet.
MITM Node received a packet of size 548 bytes
MITM Node dropping a large packet.
MITM Node received a packet of size 548 bytes
MITM Node dropping a large packet.
MITM Node received a packet of size 548 bytes
MITM Node dropping a large packet.
MITM Node received a packet of size 548 bytes
MITM Node dropping a large packet.
MITM Node received a packet of size 548 bytes
MITM Node dropping a large packet.
MITM Node received a packet of size 548 bytes
MITM Node dropping a large packet.
MITM Node received a packet of size 548 bytes
MITM Node dropping a large packet.
MITM Node received a packet of size 548 bytes
MITM Node dropping a large packet.
MITM Node received a packet of size 548 bytes
MITM Node dropping a large packet.
MITM Node received a packet of size 548 bytes
MITM Node dropping a large packet.
MITM Node received a packet of size 548 bytes
MITM Node dropping a large packet.
MITM Node received a packet of size 548 bytes
MITM Node dropping a large packet.
MITM Node received a packet of size 548 bytes
MITM Node dropping a large packet.
MITM Node received a packet of size 548 bytes
MITM Node dropping a large packet.
MITM Node received a packet of size 548 bytes
MITM Node dropping a large packet.
MITM Node received a packet of size 548 bytes
MITM Node dropping a large packet.
MITM Node received a packet of size 548 bytes
MITM Node dropping a large packet.
MITM Node received a packet of size 548 bytes
MITM Node dropping a large packet.
MITM Node received a packet of size 548 bytes
MITM Node dropping a large packet.
MITM Node received a packet of size 548 bytes
MITM Node dropping a large packet.
MITM Node received a packet of size 548 bytes
MITM Node dropping a large packet.
MITM Node received a packet of size 548 bytes
MITM Node dropping a large packet.
MITM Node received a packet of size 548 bytes
MITM Node dropping a large packet.
MITM Node received a packet of size 548 bytes
MITM Node dropping a large packet.
MITM Node received a packet of size 548 bytes
MITM Node dropping a large packet.
MITM Node received a packet of size 548 bytes
MITM Node dropping a large packet.
MITM Node received a packet of size 548 bytes
MITM Node dropping a large packet.
MITM Node received a packet of size 548 bytes
MITM Node dropping a large packet.
MITM Node received a packet of size 548 bytes
MITM Node dropping a large packet.
MITM Node received a packet of size 548 bytes
MITM Node dropping a large packet.
MITM Node received a packet of size 548 bytes
MITM Node dropping a large packet.
MITM Node received a packet of size 548 bytes
MITM Node dropping a large packet.
MITM Node received a packet of size 548 bytes
MITM Node dropping a large packet.
MITM Node received a packet of size 548 bytes
MITM Node dropping a large packet.
MITM Node received a packet of size 548 bytes
MITM Node dropping a large packet.
MITM Node received a packet of size 548 bytes
MITM Node dropping a large packet.
MITM Node received a packet of size 548 bytes
MITM Node dropping a large packet.
MITM Node received a packet of size 548 bytes
MITM Node dropping a large packet.
MITM Node received a packet of size 548 bytes
MITM Node dropping a large packet.
MITM Node received a packet of size 548 bytes
MITM Node dropping a large packet.
MITM Node received a packet of size 548 bytes
MITM Node dropping a large packet.
MITM Node received a packet of size 548 bytes
MITM Node dropping a large packet.
MITM Node received a packet of size 548 bytes
MITM Node dropping a large packet.
MITM Node received a packet of size 548 bytes
MITM Node dropping a large packet.
MITM Node received a packet of size 548 bytes
MITM Node dropping a large packet.
MITM Node received a packet of size 548 bytes
MITM Node dropping a large packet.
MITM Node received a packet of size 548 bytes
MITM Node dropping a large packet.
MITM Node received a packet of size 548 bytes
MITM Node dropping a large packet.
MITM Node received a packet of size 548 bytes
MITM Node dropping a large packet.
MITM Node received a packet of size 548 bytes
MITM Node dropping a large packet.
MITM Node received a packet of size 548 bytes
MITM Node dropping a large packet.
MITM Node received a packet of size 548 bytes
MITM Node dropping a large packet.
MITM Node received a packet of size 548 bytes
MITM Node dropping a large packet.
MITM Node received a packet of size 548 bytes
MITM Node dropping a large packet.
MITM Node received a packet of size 548 bytes
MITM Node dropping a large packet.
MITM Node received a packet of size 548 bytes
MITM Node dropping a large packet.
MITM Node received a packet of size 548 bytes
MITM Node dropping a large packet.
MITM Node received a packet of size 548 bytes
MITM Node dropping a large packet.
MITM Node received a packet of size 548 bytes
MITM Node dropping a large packet.
MITM Node received a packet of size 548 bytes
MITM Node dropping a large packet.
MITM Node received a packet of size 548 bytes
MITM Node dropping a large packet.
MITM Node received a packet of size 548 bytes
MITM Node dropping a large packet.
MITM Node received a packet of size 548 bytes
MITM Node dropping a large packet.
MITM Node received a packet of size 548 bytes
MITM Node dropping a large packet.
MITM Node received a packet of size 548 bytes
MITM Node dropping a large packet.
MITM Node received a packet of size 548 bytes
MITM Node dropping a large packet.
MITM Node received a packet of size 548 bytes
MITM Node dropping a large packet.
MITM Node received a packet of size 548 bytes
MITM Node dropping a large packet.
MITM Node received a packet of size 548 bytes
MITM Node dropping a large packet.
MITM Node received a packet of size 548 bytes
MITM Node dropping a large packet.
MITM Node received a packet of size 548 bytes
MITM Node dropping a large packet.
MITM Node received a packet of size 548 bytes
MITM Node dropping a large packet.
MITM Node received a packet of size 548 bytes
MITM Node dropping a large packet.
MITM Node received a packet of size 548 bytes
MITM Node dropping a large packet.
MITM Node received a packet of size 548 bytes
MITM Node dropping a large packet.
MITM Node received a packet of size 548 bytes
MITM Node dropping a large packet.
MITM Node received a packet of size 548 bytes
MITM Node dropping a large packet.
MITM Node received a packet of size 548 bytes
MITM Node dropping a large packet.
MITM Node received a packet of size 548 bytes
MITM Node dropping a large packet.
MITM Node received a packet of size 548 bytes
MITM Node dropping a large packet.
MITM Node received a packet of size 548 bytes
MITM Node dropping a large packet.
MITM Node received a packet of size 548 bytes
MITM Node dropping a large packet.
MITM Node received a packet of size 548 bytes
MITM Node dropping a large packet.
MITM Node received a packet of size 548 bytes
MITM Node dropping a large packet.
MITM Node received a packet of size 548 bytes
MITM Node dropping a large packet.
MITM Node received a packet of size 548 bytes
MITM Node dropping a large packet.
MITM Node received a packet of size 548 bytes
MITM Node dropping a large packet.
MITM Node received a packet of size 548 bytes
MITM Node dropping a large packet.
MITM Node received a packet of size 548 bytes
MITM Node dropping a large packet.
MITM Node received a packet of size 548 bytes
MITM Node dropping a large packet.
MITM Node received a packet of size 548 bytes
MITM Node dropping a large packet.
MITM Node received a packet of size 548 bytes
MITM Node dropping a large packet.
MITM Node received a packet of size 548 bytes
MITM Node dropping a large packet.
MITM Node received a packet of size 548 bytes
MITM Node dropping a large packet.
MITM Node received a packet of size 548 bytes
MITM Node dropping a large packet.
MITM Node received a packet of size 548 bytes
MITM Node dropping a large packet.
MITM Node received a packet of size 548 bytes
MITM Node dropping a large packet.
MITM Node received a packet of size 548 bytes
MITM Node dropping a large packet.
MITM Node received a packet of size 548 bytes
MITM Node dropping a large packet.
MITM Node received a packet of size 548 bytes
MITM Node dropping a large packet.
MITM Node received a packet of size 548 bytes
MITM Node dropping a large packet.
MITM Node received a packet of size 548 bytes
MITM Node dropping a large packet.
MITM Node received a packet of size 548 bytes
MITM Node dropping a large packet.
MITM Node received a packet of size 548 bytes
MITM Node dropping a large packet.
MITM Node received a packet of size 548 bytes
MITM Node dropping a large packet.
MITM Node received a packet of size 548 bytes
MITM Node dropping a large packet.
MITM Node received a packet of size 548 bytes
MITM Node dropping a large packet.
MITM Node received a packet of size 548 bytes
MITM Node dropping a large packet.
MITM Node received a packet of size 548 bytes
MITM Node dropping a large packet.
MITM Node received a packet of size 548 bytes
MITM Node dropping a large packet.
MITM Node received a packet of size 548 bytes
MITM Node dropping a large packet.
MITM Node received a packet of size 548 bytes
MITM Node dropping a large packet.
MITM Node received a packet of size 548 bytes
MITM Node dropping a large packet.
MITM Node received a packet of size 548 bytes
MITM Node dropping a large packet.
MITM Node received a packet of size 548 bytes
MITM Node dropping a large packet.
MITM Node received a packet of size 548 bytes
MITM Node dropping a large packet.
MITM Node received a packet of size 548 bytes
MITM Node dropping a large packet.
MITM Node received a packet of size 548 bytes
MITM Node dropping a large packet.
MITM Node received a packet of size 548 bytes
MITM Node dropping a large packet.
MITM Node received a packet of size 548 bytes
MITM Node dropping a large packet.
MITM Node received a packet of size 548 bytes
MITM Node dropping a large packet.
MITM Node received a packet of size 548 bytes
MITM Node dropping a large packet.
MITM Node received a packet of size 548 bytes
MITM Node dropping a large packet.
MITM Node received a packet of size 548 bytes
MITM Node dropping a large packet.
MITM Node received a packet of size 548 bytes
MITM Node dropping a large packet.
MITM Node received a packet of size 548 bytes
MITM Node dropping a large packet.
MITM Node received a packet of size 548 bytes
MITM Node dropping a large packet.
MITM Node received a packet of size 548 bytes
MITM Node dropping a large packet.
MITM Node received a packet of size 548 bytes
MITM Node dropping a large packet.
MITM Node received a packet of size 548 bytes
MITM Node dropping a large packet.
MITM Node received a packet of size 548 bytes
MITM Node dropping a large packet.
MITM Node received a packet of size 548 bytes
MITM Node dropping a large packet.
MITM Node received a packet of size 548 bytes
MITM Node dropping a large packet.
MITM Node received a packet of size 548 bytes
MITM Node dropping a large packet.
MITM Node received a packet of size 548 bytes
MITM Node dropping a large packet.
MITM Node received a packet of size 548 bytes
MITM Node dropping a large packet.
MITM Node received a packet of size 548 bytes
MITM Node dropping a large packet.
MITM Node received a packet of size 548 bytes
MITM Node dropping a large packet.
MITM Node received a packet of size 548 bytes
MITM Node dropping a large packet.
MITM Node received a packet of size 548 bytes
MITM Node dropping a large packet.
MITM Node received a packet of size 548 bytes
MITM Node dropping a large packet.
MITM Node received a packet of size 548 bytes
MITM Node dropping a large packet.
MITM Node received a packet of size 548 bytes
MITM Node dropping a large packet.
MITM Node received a packet of size 548 bytes
MITM Node dropping a large packet.
MITM Node received a packet of size 548 bytes
MITM Node dropping a large packet.
MITM Node received a packet of size 548 bytes
MITM Node dropping a large packet.
MITM Node received a packet of size 548 bytes
MITM Node dropping a large packet.
MITM Node received a packet of size 548 bytes
MITM Node dropping a large packet.
MITM Node received a packet of size 548 bytes
MITM Node dropping a large packet.
MITM Node received a packet of size 548 bytes
MITM Node dropping a large packet.
MITM Node received a packet of size 548 bytes
MITM Node dropping a large packet.
MITM Node received a packet of size 548 bytes
MITM Node dropping a large packet.
MITM Node received a packet of size 548 bytes
MITM Node dropping a large packet.
MITM Node received a packet of size 548 bytes
MITM Node dropping a large packet.
MITM Node received a packet of size 548 bytes
MITM Node dropping a large packet.
MITM Node received a packet of size 548 bytes
MITM Node dropping a large packet.
MITM Node received a packet of size 548 bytes
MITM Node dropping a large packet.
MITM Node received a packet of size 548 bytes
MITM Node dropping a large packet.
MITM Node received a packet of size 548 bytes
MITM Node dropping a large packet.
MITM Node received a packet of size 548 bytes
MITM Node dropping a large packet.
MITM Node received a packet of size 548 bytes
MITM Node dropping a large packet.
MITM Node received a packet of size 548 bytes
MITM Node dropping a large packet.
MITM Node received a packet of size 548 bytes
MITM Node dropping a large packet.
MITM Node received a packet of size 548 bytes
MITM Node dropping a large packet.
MITM Node received a packet of size 548 bytes
MITM Node dropping a large packet.
MITM Node received a packet of size 548 bytes
MITM Node dropping a large packet.
MITM Node received a packet of size 548 bytes
MITM Node dropping a large packet.
MITM Node received a packet of size 548 bytes
MITM Node dropping a large packet.
MITM Node received a packet of size 548 bytes
MITM Node dropping a large packet.
MITM Node received a packet of size 548 bytes
MITM Node dropping a large packet.
MITM Node received a packet of size 548 bytes
MITM Node dropping a large packet.
MITM Node received a packet of size 548 bytes
MITM Node dropping a large packet.
MITM Node received a packet of size 548 bytes
MITM Node dropping a large packet.
MITM Node received a packet of size 548 bytes
MITM Node dropping a large packet.
MITM Node received a packet of size 548 bytes
MITM Node dropping a large packet.
MITM Node received a packet of size 548 bytes
MITM Node dropping a large packet.
MITM Node received a packet of size 548 bytes
MITM Node dropping a large packet.
MITM Node received a packet of size 548 bytes
MITM Node dropping a large packet.
MITM Node received a packet of size 548 bytes
MITM Node dropping a large packet.
MITM Node received a packet of size 548 bytes
MITM Node dropping a large packet.
MITM Node received a packet of size 548 bytes
MITM Node dropping a large packet.
MITM Node received a packet of size 548 bytes
MITM Node dropping a large packet.
MITM Node received a packet of size 548 bytes
MITM Node dropping a large packet.
MITM Node received a packet of size 548 bytes
MITM Node dropping a large packet.
MITM Node received a packet of size 548 bytes
MITM Node dropping a large packet.
MITM Node received a packet of size 548 bytes
MITM Node dropping a large packet.
MITM Node received a packet of size 548 bytes
MITM Node dropping a large packet.
MITM Node received a packet of size 548 bytes
MITM Node dropping a large packet.
MITM Node received a packet of size 548 bytes
MITM Node dropping a large packet.
MITM Node received a packet of size 548 bytes
MITM Node dropping a large packet.
MITM Node received a packet of size 548 bytes
MITM Node dropping a large packet.
MITM Node received a packet of size 548 bytes
MITM Node dropping a large packet.
MITM Node received a packet of size 548 bytes
MITM Node dropping a large packet.
MITM Node received a packet of size 548 bytes
MITM Node dropping a large packet.
MITM Node received a packet of size 548 bytes
MITM Node dropping a large packet.
MITM Node received a packet of size 548 bytes
MITM Node dropping a large packet.
MITM Node received a packet of size 548 bytes
MITM Node dropping a large packet.
MITM Node received a packet of size 548 bytes
MITM Node dropping a large packet.
MITM Node received a packet of size 548 bytes
MITM Node dropping a large packet.
MITM Node received a packet of size 548 bytes
MITM Node dropping a large packet.
MITM Node received a packet of size 548 bytes
MITM Node dropping a large packet.
MITM Node received a packet of size 548 bytes
MITM Node dropping a large packet.
MITM Node received a packet of size 548 bytes
MITM Node dropping a large packet.
MITM Node received a packet of size 548 bytes
MITM Node dropping a large packet.
MITM Node received a packet of size 548 bytes
MITM Node dropping a large packet.
MITM Node received a packet of size 548 bytes
MITM Node dropping a large packet.
MITM Node received a packet of size 548 bytes
MITM Node dropping a large packet.
MITM Node received a packet of size 548 bytes
MITM Node dropping a large packet.
MITM Node received a packet of size 548 bytes
MITM Node dropping a large packet.
MITM Node received a packet of size 548 bytes
MITM Node dropping a large packet.
MITM Node received a packet of size 548 bytes
MITM Node dropping a large packet.
MITM Node received a packet of size 548 bytes
MITM Node dropping a large packet.
MITM Node received a packet of size 548 bytes
MITM Node dropping a large packet.
MITM Node received a packet of size 548 bytes
MITM Node dropping a large packet.
MITM Node received a packet of size 548 bytes
MITM Node dropping a large packet.
MITM Node received a packet of size 548 bytes
MITM Node dropping a large packet.
MITM Node received a packet of size 548 bytes
MITM Node dropping a large packet.
MITM Node received a packet of size 548 bytes
MITM Node dropping a large packet.
MITM Node received a packet of size 548 bytes
MITM Node dropping a large packet.
MITM Node received a packet of size 548 bytes
MITM Node dropping a large packet.
MITM Node received a packet of size 548 bytes
MITM Node dropping a large packet.
MITM Node received a packet of size 548 bytes
MITM Node dropping a large packet.
MITM Node received a packet of size 548 bytes
MITM Node dropping a large packet.
MITM Node received a packet of size 548 bytes
MITM Node dropping a large packet.
MITM Node received a packet of size 548 bytes
MITM Node dropping a large packet.
MITM Node received a packet of size 548 bytes
MITM Node dropping a large packet.
MITM Node received a packet of size 548 bytes
MITM Node dropping a large packet.
MITM Node received a packet of size 548 bytes
MITM Node dropping a large packet.
MITM Node received a packet of size 548 bytes
MITM Node dropping a large packet.
MITM Node received a packet of size 548 bytes
MITM Node dropping a large packet.
MITM Node received a packet of size 548 bytes
MITM Node dropping a large packet.
MITM Node received a packet of size 548 bytes
MITM Node dropping a large packet.
MITM Node received a packet of size 548 bytes
MITM Node dropping a large packet.
MITM Node received a packet of size 548 bytes
MITM Node dropping a large packet.
MITM Node received a packet of size 548 bytes
MITM Node dropping a large packet.
MITM Node received a packet of size 548 bytes
MITM Node dropping a large packet.
MITM Node received a packet of size 548 bytes
MITM Node dropping a large packet.
MITM Node received a packet of size 548 bytes
MITM Node dropping a large packet.
MITM Node received a packet of size 548 bytes
MITM Node dropping a large packet.
MITM Node received a packet of size 548 bytes
MITM Node dropping a large packet.
MITM Node received a packet of size 548 bytes
MITM Node dropping a large packet.
MITM Node received a packet of size 548 bytes
MITM Node dropping a large packet.
MITM Node received a packet of size 548 bytes
MITM Node dropping a large packet.
MITM Node received a packet of size 548 bytes
MITM Node dropping a large packet.
MITM Node received a packet of size 548 bytes
MITM Node dropping a large packet.
MITM Node received a packet of size 548 bytes
MITM Node dropping a large packet.
MITM Node received a packet of size 548 bytes
MITM Node dropping a large packet.
MITM Node received a packet of size 548 bytes
MITM Node dropping a large packet.
MITM Node received a packet of size 548 bytes
MITM Node dropping a large packet.
MITM Node received a packet of size 548 bytes
MITM Node dropping a large packet.
MITM Node received a packet of size 548 bytes
MITM Node dropping a large packet.
MITM Node received a packet of size 548 bytes
MITM Node dropping a large packet.
MITM Node received a packet of size 548 bytes
MITM Node dropping a large packet.
MITM Node received a packet of size 548 bytes
MITM Node dropping a large packet.
MITM Node received a packet of size 548 bytes
MITM Node dropping a large packet.
MITM Node received a packet of size 548 bytes
MITM Node dropping a large packet.
MITM Node received a packet of size 548 bytes
MITM Node dropping a large packet.
MITM Node received a packet of size 548 bytes
MITM Node dropping a large packet.
MITM Node received a packet of size 548 bytes
MITM Node dropping a large packet.
MITM Node received a packet of size 548 bytes
MITM Node dropping a large packet.
MITM Node received a packet of size 548 bytes
MITM Node dropping a large packet.
MITM Node received a packet of size 548 bytes
MITM Node dropping a large packet.
MITM Node received a packet of size 548 bytes
MITM Node dropping a large packet.
MITM Node received a packet of size 548 bytes
MITM Node dropping a large packet.
MITM Node received a packet of size 548 bytes
MITM Node dropping a large packet.
MITM Node received a packet of size 548 bytes
MITM Node dropping a large packet.
MITM Node received a packet of size 548 bytes
MITM Node dropping a large packet.
MITM Node received a packet of size 548 bytes
MITM Node dropping a large packet.
MITM Node received a packet of size 548 bytes
MITM Node dropping a large packet.
MITM Node received a packet of size 548 bytes
MITM Node dropping a large packet.
MITM Node received a packet of size 548 bytes
MITM Node dropping a large packet.
MITM Node received a packet of size 548 bytes
MITM Node dropping a large packet.
MITM Node received a packet of size 548 bytes
MITM Node dropping a large packet.
MITM Node received a packet of size 548 bytes
MITM Node dropping a large packet.
MITM Node received a packet of size 548 bytes
MITM Node dropping a large packet.
MITM Node received a packet of size 548 bytes
MITM Node dropping a large packet.
MITM Node received a packet of size 548 bytes
MITM Node dropping a large packet.
MITM Node received a packet of size 548 bytes
MITM Node dropping a large packet.
MITM Node received a packet of size 548 bytes
MITM Node dropping a large packet.
MITM Node received a packet of size 548 bytes
MITM Node dropping a large packet.
MITM Node received a packet of size 548 bytes
MITM Node dropping a large packet.
MITM Node received a packet of size 548 bytes
MITM Node dropping a large packet.
MITM Node received a packet of size 548 bytes
MITM Node dropping a large packet.
MITM Node received a packet of size 548 bytes
MITM Node dropping a large packet.
MITM Node received a packet of size 548 bytes
MITM Node dropping a large packet.
MITM Node received a packet of size 548 bytes
MITM Node dropping a large packet.
MITM Node received a packet of size 548 bytes
MITM Node dropping a large packet.
MITM Node received a packet of size 548 bytes
MITM Node dropping a large packet.
MITM Node received a packet of size 548 bytes
MITM Node dropping a large packet.
MITM Node received a packet of size 548 bytes
MITM Node dropping a large packet.
MITM Node received a packet of size 548 bytes
MITM Node dropping a large packet.
MITM Node received a packet of size 548 bytes
MITM Node dropping a large packet.
[BluetoothEnergy] time: 10 s, node: 11, state: 0, total_energy: 1.06667e-07 kWh
[QoS Adapt] Flow 1 threat=HIGH newJitter=0.0003 newDelay=0.0024
[QoS Adapt] Flow 2 threat=HIGH newJitter=0.0003 newDelay=0.0024
[QoS Adapt] Flow 3 threat=MEDIUM newJitter=0.0036 newDelay=0.0096
[QoS Adapt] Flow 4 threat=MEDIUM newJitter=0.0048 newDelay=0.0128
[QoS Adapt] Flow 5 threat=MEDIUM newJitter=0.0048 newDelay=0.0128
[QoS Adapt] Flow 6 threat=MEDIUM newJitter=0.0054 newDelay=0.018
[QoS Adapt] Flow 7 threat=MEDIUM newJitter=0.0054 newDelay=0.018
[QoS Adapt] Flow 8 threat=MEDIUM newJitter=0.0054 newDelay=0.018
[QoS Adapt] Flow 9 threat=MEDIUM newJitter=0.0048 newDelay=0.016
[QoS Adapt] Flow 1 threat=CRITICAL newJitter=0 newDelay=0.00192
[QoS Adapt] Flow 2 threat=CRITICAL newJitter=0 newDelay=0.00192
[QoS Adapt] Flow 6 threat=HIGH newJitter=0.0018 newDelay=0.018
[FedAvg][WIP] Round 1 complete | mean local training loss=0.4480 | global weights broadcast to 5 nodes
[FedAvg][SHS] Round 1 complete | mean local training loss=0.4171 | global weights broadcast to 4 nodes
[FL-IDS] Federated Learning Round Complete (Real Local-Model + FedAvg):
 Node 0: Federated Local-Model IDS (real per-node SGD + multi-round FedAvg) | trainingSamples=9 | localMLProb=0.5126 | trainAccuracy=1.0000 | anomaly=no
 Node 1: Federated Local-Model IDS (real per-node SGD + multi-round FedAvg) | trainingSamples=9 | localMLProb=0.5126 | trainAccuracy=1.0000 | anomaly=no
 Node 2: Federated Local-Model IDS (real per-node SGD + multi-round FedAvg) | trainingSamples=9 | localMLProb=0.5126 | trainAccuracy=1.0000 | anomaly=no
 Node 3: Federated Local-Model IDS (real per-node SGD + multi-round FedAvg) | trainingSamples=9 | localMLProb=0.5126 | trainAccuracy=1.0000 | anomaly=no
 Node 4: Federated Local-Model IDS (real per-node SGD + multi-round FedAvg) | trainingSamples=9 | localMLProb=0.5126 | trainAccuracy=1.0000 | anomaly=no
 Node 5: Federated Local-Model IDS (real per-node SGD + multi-round FedAvg) | trainingSamples=9 | localMLProb=0.5101 | trainAccuracy=1.0000 | anomaly=no
 Node 6: Federated Local-Model IDS (real per-node SGD + multi-round FedAvg) | trainingSamples=9 | localMLProb=0.5101 | trainAccuracy=1.0000 | anomaly=no
 Node 7: Federated Local-Model IDS (real per-node SGD + multi-round FedAvg) | trainingSamples=9 | localMLProb=0.5101 | trainAccuracy=1.0000 | anomaly=no
 Node 8: Federated Local-Model IDS (real per-node SGD + multi-round FedAvg) | trainingSamples=9 | localMLProb=0.5101 | trainAccuracy=1.0000 | anomaly=no
WIP FedAvg round=1 globalLoss=0.4480 | SHS FedAvg round=1 globalLoss=0.4171
MITM DISABLED for recovery!
Node 0 detected anomaly (MITM) via trained local FL model - triggering in-sim recovery
Node 1 detected anomaly (MITM) via trained local FL model - triggering in-sim recovery
Node 2 detected anomaly (MITM) via trained local FL model - triggering in-sim recovery
Node 3 detected anomaly (MITM) via trained local FL model - triggering in-sim recovery
Node 4 detected anomaly (MITM) via trained local FL model - triggering in-sim recovery
Node 5 detected anomaly (MITM) via trained local FL model - triggering in-sim recovery
Node 6 detected anomaly (MITM) via trained local FL model - triggering in-sim recovery
Node 7 detected anomaly (MITM) via trained local FL model - triggering in-sim recovery
Node 8 detected anomaly (MITM) via trained local FL model - triggering in-sim recovery
Node 0 Sockets after start:
  AppIdx 0: PacketSink, Listening Port: 8080 IP: 192.168.1.1
Node 1 Sockets after start:
  AppIdx 0: PacketSink, Listening Port: 8070 IP: 10.1.1.2
  AppIdx 2: PacketSink, Listening Port: 8090 IP: 192.168.1.2
Node 2 Sockets after start:
  AppIdx 1: PacketSink, Listening Port: 8100 IP: 192.168.1.2
Node 3 Sockets after start:
  AppIdx 1: PacketSink, Listening Port: 8110 IP: 192.168.1.3
Node 4 Sockets after start:
  AppIdx 1: PacketSink, Listening Port: 8120 IP: 192.168.1.5
Node 5 Sockets after start:
  AppIdx 1: PacketSink, Listening Port: 8883 IP: 192.168.1.6
Node 6 Sockets after start:
  AppIdx 1: PacketSink, Listening Port: 8130 IP: 192.168.1.7
Node 7 Sockets after start:
  AppIdx 1: PacketSink, Listening Port: 8140 IP: 192.168.1.8
Node 7 Sockets after start:
  AppIdx 1: PacketSink, Listening Port: 8140 IP: 192.168.1.8
Node 0 Sockets after start:
[Retransmit] Called for flowId: 1, nodeIdx: 0
[Retransmit] Total retransmitted for flow 1: 0
[Retransmit] Called for flowId: 2, nodeIdx: 1
[Retransmit] Total retransmitted for flow 2: 0
[Retransmit] Called for flowId: 3, nodeIdx: 2
[Retransmit] Total retransmitted for flow 3: 0
[Retransmit] Called for flowId: 4, nodeIdx: 3
[Retransmit] Total retransmitted for flow 4: 0
[Retransmit] Called for flowId: 5, nodeIdx: 4
[Retransmit] Total retransmitted for flow 5: 0
[Retransmit] Called for flowId: 6, nodeIdx: 5
[Retransmit] Total retransmitted for flow 6: 0
[Retransmit] Called for flowId: 7, nodeIdx: 6
[Retransmit] Total retransmitted for flow 7: 0
[Retransmit] Called for flowId: 8, nodeIdx: 7
[Retransmit] Total retransmitted for flow 8: 0
[Retransmit] Called for flowId: 9, nodeIdx: 8
[Retransmit] Total retransmitted for flow 9: 0
MITM BYPASSED (disabled, forwarding packet UID 513122)
[BluetoothEnergy] time: 10.2000 s, node: 11, state: 1, total_energy: 0.0000 kWh
MITM BYPASSED (disabled, forwarding packet UID 513908)
MITM BYPASSED (disabled, forwarding packet UID 514517)
MITM BYPASSED (disabled, forwarding packet UID 515124)
MITM BYPASSED (disabled, forwarding packet UID 515721)
MITM BYPASSED (disabled, forwarding packet UID 516228)
MITM BYPASSED (disabled, forwarding packet UID 516733)
MITM BYPASSED (disabled, forwarding packet UID 517391)
MITM BYPASSED (disabled, forwarding packet UID 518103)
MITM BYPASSED (disabled, forwarding packet UID 518605)
MITM BYPASSED (disabled, forwarding packet UID 519250)
MITM BYPASSED (disabled, forwarding packet UID 519775)
MITM BYPASSED (disabled, forwarding packet UID 520353)
MITM BYPASSED (disabled, forwarding packet UID 521004)
MITM BYPASSED (disabled, forwarding packet UID 521660)
MITM BYPASSED (disabled, forwarding packet UID 522263)
MITM BYPASSED (disabled, forwarding packet UID 522857)
MITM BYPASSED (disabled, forwarding packet UID 523436)
MITM BYPASSED (disabled, forwarding packet UID 524052)
MITM BYPASSED (disabled, forwarding packet UID 524582)
MITM BYPASSED (disabled, forwarding packet UID 525115)
MITM BYPASSED (disabled, forwarding packet UID 525637)
MITM BYPASSED (disabled, forwarding packet UID 526138)
MITM BYPASSED (disabled, forwarding packet UID 526764)
MITM BYPASSED (disabled, forwarding packet UID 527488)
MITM BYPASSED (disabled, forwarding packet UID 528005)
MITM BYPASSED (disabled, forwarding packet UID 528470)
MITM BYPASSED (disabled, forwarding packet UID 529120)
MITM BYPASSED (disabled, forwarding packet UID 529506)
MITM BYPASSED (disabled, forwarding packet UID 530182)
MITM BYPASSED (disabled, forwarding packet UID 530724)
MITM BYPASSED (disabled, forwarding packet UID 531356)
MITM BYPASSED (disabled, forwarding packet UID 531912)
MITM BYPASSED (disabled, forwarding packet UID 532541)
MITM BYPASSED (disabled, forwarding packet UID 532923)
MITM BYPASSED (disabled, forwarding packet UID 533480)
MITM BYPASSED (disabled, forwarding packet UID 534106)
MITM BYPASSED (disabled, forwarding packet UID 534772)
MITM BYPASSED (disabled, forwarding packet UID 535365)
MITM BYPASSED (disabled, forwarding packet UID 535955)
MITM BYPASSED (disabled, forwarding packet UID 536503)
MITM BYPASSED (disabled, forwarding packet UID 537093)
MITM BYPASSED (disabled, forwarding packet UID 537748)
MITM BYPASSED (disabled, forwarding packet UID 538337)
MITM BYPASSED (disabled, forwarding packet UID 539042)
MITM BYPASSED (disabled, forwarding packet UID 539657)
MITM BYPASSED (disabled, forwarding packet UID 540188)
MITM BYPASSED (disabled, forwarding packet UID 540827)
MITM BYPASSED (disabled, forwarding packet UID 541460)
MITM BYPASSED (disabled, forwarding packet UID 542046)
MITM BYPASSED (disabled, forwarding packet UID 542686)
MITM BYPASSED (disabled, forwarding packet UID 543296)
MITM BYPASSED (disabled, forwarding packet UID 543965)
MITM BYPASSED (disabled, forwarding packet UID 544511)
MITM BYPASSED (disabled, forwarding packet UID 545169)
MITM BYPASSED (disabled, forwarding packet UID 545784)
MITM BYPASSED (disabled, forwarding packet UID 546410)
MITM BYPASSED (disabled, forwarding packet UID 547026)
MITM BYPASSED (disabled, forwarding packet UID 547586)
MITM BYPASSED (disabled, forwarding packet UID 547992)
MITM BYPASSED (disabled, forwarding packet UID 548521)
MITM BYPASSED (disabled, forwarding packet UID 549149)
MITM BYPASSED (disabled, forwarding packet UID 549765)
MITM BYPASSED (disabled, forwarding packet UID 550359)
MITM BYPASSED (disabled, forwarding packet UID 550955)
MITM BYPASSED (disabled, forwarding packet UID 551508)
MITM BYPASSED (disabled, forwarding packet UID 552225)
MITM BYPASSED (disabled, forwarding packet UID 552845)
MITM BYPASSED (disabled, forwarding packet UID 553418)
MITM BYPASSED (disabled, forwarding packet UID 554057)
MITM BYPASSED (disabled, forwarding packet UID 554624)
MITM BYPASSED (disabled, forwarding packet UID 555197)
MITM BYPASSED (disabled, forwarding packet UID 555858)
MITM BYPASSED (disabled, forwarding packet UID 556408)
MITM BYPASSED (disabled, forwarding packet UID 557034)
MITM BYPASSED (disabled, forwarding packet UID 557721)
MITM BYPASSED (disabled, forwarding packet UID 558297)
MITM BYPASSED (disabled, forwarding packet UID 558872)
MITM BYPASSED (disabled, forwarding packet UID 559384)
MITM BYPASSED (disabled, forwarding packet UID 559976)
MITM BYPASSED (disabled, forwarding packet UID 560554)
MITM BYPASSED (disabled, forwarding packet UID 561186)
MITM BYPASSED (disabled, forwarding packet UID 561815)
MITM BYPASSED (disabled, forwarding packet UID 562366)
MITM BYPASSED (disabled, forwarding packet UID 562747)
MITM BYPASSED (disabled, forwarding packet UID 563372)
MITM BYPASSED (disabled, forwarding packet UID 563996)
MITM BYPASSED (disabled, forwarding packet UID 564637)
MITM BYPASSED (disabled, forwarding packet UID 565202)
MITM BYPASSED (disabled, forwarding packet UID 565879)
MITM BYPASSED (disabled, forwarding packet UID 566419)
MITM BYPASSED (disabled, forwarding packet UID 567035)
MITM BYPASSED (disabled, forwarding packet UID 567661)
MITM BYPASSED (disabled, forwarding packet UID 568247)
MITM BYPASSED (disabled, forwarding packet UID 568771)
MITM BYPASSED (disabled, forwarding packet UID 569421)
MITM BYPASSED (disabled, forwarding packet UID 570038)
MITM BYPASSED (disabled, forwarding packet UID 570523)
MITM BYPASSED (disabled, forwarding packet UID 571154)
MITM BYPASSED (disabled, forwarding packet UID 571770)
MITM BYPASSED (disabled, forwarding packet UID 572434)
MITM BYPASSED (disabled, forwarding packet UID 573047)
MITM BYPASSED (disabled, forwarding packet UID 573643)
MITM BYPASSED (disabled, forwarding packet UID 574260)
MITM BYPASSED (disabled, forwarding packet UID 574833)
MITM BYPASSED (disabled, forwarding packet UID 575373)
MITM BYPASSED (disabled, forwarding packet UID 575916)
MITM BYPASSED (disabled, forwarding packet UID 576470)
MITM BYPASSED (disabled, forwarding packet UID 577114)
MITM BYPASSED (disabled, forwarding packet UID 577531)
MITM BYPASSED (disabled, forwarding packet UID 578158)
MITM BYPASSED (disabled, forwarding packet UID 578853)
MITM BYPASSED (disabled, forwarding packet UID 579455)
MITM BYPASSED (disabled, forwarding packet UID 580105)
MITM BYPASSED (disabled, forwarding packet UID 580701)
MITM BYPASSED (disabled, forwarding packet UID 581336)
MITM BYPASSED (disabled, forwarding packet UID 581971)
MITM BYPASSED (disabled, forwarding packet UID 582568)
MITM BYPASSED (disabled, forwarding packet UID 583161)
MITM BYPASSED (disabled, forwarding packet UID 583703)
MITM BYPASSED (disabled, forwarding packet UID 584346)
MITM BYPASSED (disabled, forwarding packet UID 584908)
MITM BYPASSED (disabled, forwarding packet UID 585488)
MITM BYPASSED (disabled, forwarding packet UID 586094)
MITM BYPASSED (disabled, forwarding packet UID 586686)
MITM BYPASSED (disabled, forwarding packet UID 587291)
MITM BYPASSED (disabled, forwarding packet UID 587913)
MITM BYPASSED (disabled, forwarding packet UID 588562)
MITM BYPASSED (disabled, forwarding packet UID 589193)
MITM BYPASSED (disabled, forwarding packet UID 589709)
MITM BYPASSED (disabled, forwarding packet UID 590353)
MITM BYPASSED (disabled, forwarding packet UID 590948)
MITM BYPASSED (disabled, forwarding packet UID 591459)
MITM BYPASSED (disabled, forwarding packet UID 592058)
MITM BYPASSED (disabled, forwarding packet UID 592465)
MITM BYPASSED (disabled, forwarding packet UID 593058)
MITM BYPASSED (disabled, forwarding packet UID 593703)
MITM BYPASSED (disabled, forwarding packet UID 594222)
MITM BYPASSED (disabled, forwarding packet UID 594764)
MITM BYPASSED (disabled, forwarding packet UID 595486)
MITM BYPASSED (disabled, forwarding packet UID 596237)
MITM BYPASSED (disabled, forwarding packet UID 596862)
MITM BYPASSED (disabled, forwarding packet UID 597450)
MITM BYPASSED (disabled, forwarding packet UID 598023)
MITM BYPASSED (disabled, forwarding packet UID 598536)
MITM BYPASSED (disabled, forwarding packet UID 599129)
MITM BYPASSED (disabled, forwarding packet UID 599777)
MITM BYPASSED (disabled, forwarding packet UID 600343)
MITM BYPASSED (disabled, forwarding packet UID 600971)
MITM BYPASSED (disabled, forwarding packet UID 601652)
MITM BYPASSED (disabled, forwarding packet UID 602253)
MITM BYPASSED (disabled, forwarding packet UID 602858)
MITM BYPASSED (disabled, forwarding packet UID 603537)
MITM BYPASSED (disabled, forwarding packet UID 604025)
MITM BYPASSED (disabled, forwarding packet UID 604674)
MITM BYPASSED (disabled, forwarding packet UID 605289)
MITM BYPASSED (disabled, forwarding packet UID 605872)
MITM BYPASSED (disabled, forwarding packet UID 606488)
MITM BYPASSED (disabled, forwarding packet UID 607125)
MITM BYPASSED (disabled, forwarding packet UID 607583)
MITM BYPASSED (disabled, forwarding packet UID 608158)
MITM BYPASSED (disabled, forwarding packet UID 608793)
MITM BYPASSED (disabled, forwarding packet UID 609391)
MITM BYPASSED (disabled, forwarding packet UID 609972)
MITM BYPASSED (disabled, forwarding packet UID 610577)
MITM BYPASSED (disabled, forwarding packet UID 611173)
MITM BYPASSED (disabled, forwarding packet UID 611795)
MITM BYPASSED (disabled, forwarding packet UID 612308)
MITM BYPASSED (disabled, forwarding packet UID 612926)
MITM BYPASSED (disabled, forwarding packet UID 613563)
MITM BYPASSED (disabled, forwarding packet UID 614164)
MITM BYPASSED (disabled, forwarding packet UID 614753)
MITM BYPASSED (disabled, forwarding packet UID 615351)
MITM BYPASSED (disabled, forwarding packet UID 615859)
MITM BYPASSED (disabled, forwarding packet UID 616464)
MITM BYPASSED (disabled, forwarding packet UID 617075)
MITM BYPASSED (disabled, forwarding packet UID 617596)
MITM BYPASSED (disabled, forwarding packet UID 618198)
MITM BYPASSED (disabled, forwarding packet UID 618822)
MITM BYPASSED (disabled, forwarding packet UID 619441)
MITM BYPASSED (disabled, forwarding packet UID 620012)
MITM BYPASSED (disabled, forwarding packet UID 620572)
MITM BYPASSED (disabled, forwarding packet UID 621194)
MITM BYPASSED (disabled, forwarding packet UID 621799)
MITM BYPASSED (disabled, forwarding packet UID 622278)
MITM BYPASSED (disabled, forwarding packet UID 622944)
MITM BYPASSED (disabled, forwarding packet UID 623459)
MITM BYPASSED (disabled, forwarding packet UID 624051)
MITM BYPASSED (disabled, forwarding packet UID 624764)
MITM BYPASSED (disabled, forwarding packet UID 625434)
MITM BYPASSED (disabled, forwarding packet UID 626015)
MITM BYPASSED (disabled, forwarding packet UID 626601)
MITM BYPASSED (disabled, forwarding packet UID 627223)
MITM BYPASSED (disabled, forwarding packet UID 627840)
MITM BYPASSED (disabled, forwarding packet UID 628446)
MITM BYPASSED (disabled, forwarding packet UID 629036)
MITM BYPASSED (disabled, forwarding packet UID 629611)
MITM BYPASSED (disabled, forwarding packet UID 630134)
MITM BYPASSED (disabled, forwarding packet UID 630709)
MITM BYPASSED (disabled, forwarding packet UID 631389)
MITM BYPASSED (disabled, forwarding packet UID 631924)
MITM BYPASSED (disabled, forwarding packet UID 632579)
MITM BYPASSED (disabled, forwarding packet UID 633220)
MITM BYPASSED (disabled, forwarding packet UID 633730)
MITM BYPASSED (disabled, forwarding packet UID 634332)
MITM BYPASSED (disabled, forwarding packet UID 634918)
MITM BYPASSED (disabled, forwarding packet UID 635553)
MITM BYPASSED (disabled, forwarding packet UID 636227)
MITM BYPASSED (disabled, forwarding packet UID 636856)
MITM BYPASSED (disabled, forwarding packet UID 637275)
MITM BYPASSED (disabled, forwarding packet UID 637879)
MITM BYPASSED (disabled, forwarding packet UID 638250)
MITM BYPASSED (disabled, forwarding packet UID 638881)
MITM BYPASSED (disabled, forwarding packet UID 639567)
MITM BYPASSED (disabled, forwarding packet UID 640203)
MITM BYPASSED (disabled, forwarding packet UID 640764)
MITM BYPASSED (disabled, forwarding packet UID 641264)
MITM BYPASSED (disabled, forwarding packet UID 641912)
MITM BYPASSED (disabled, forwarding packet UID 642521)
MITM BYPASSED (disabled, forwarding packet UID 643137)
MITM BYPASSED (disabled, forwarding packet UID 643714)
MITM BYPASSED (disabled, forwarding packet UID 644308)
MITM BYPASSED (disabled, forwarding packet UID 644925)
MITM BYPASSED (disabled, forwarding packet UID 645504)
MITM BYPASSED (disabled, forwarding packet UID 646073)
MITM BYPASSED (disabled, forwarding packet UID 646663)
MITM BYPASSED (disabled, forwarding packet UID 647291)
MITM BYPASSED (disabled, forwarding packet UID 647862)
MITM BYPASSED (disabled, forwarding packet UID 648385)
MITM BYPASSED (disabled, forwarding packet UID 648911)
MITM BYPASSED (disabled, forwarding packet UID 649629)
MITM BYPASSED (disabled, forwarding packet UID 650187)
MITM BYPASSED (disabled, forwarding packet UID 650865)
MITM BYPASSED (disabled, forwarding packet UID 651520)
MITM BYPASSED (disabled, forwarding packet UID 651961)
MITM BYPASSED (disabled, forwarding packet UID 652499)
MITM BYPASSED (disabled, forwarding packet UID 653156)
MITM BYPASSED (disabled, forwarding packet UID 653789)
MITM BYPASSED (disabled, forwarding packet UID 654429)
MITM BYPASSED (disabled, forwarding packet UID 655041)
MITM BYPASSED (disabled, forwarding packet UID 655694)
MITM BYPASSED (disabled, forwarding packet UID 656274)
MITM BYPASSED (disabled, forwarding packet UID 656877)
MITM BYPASSED (disabled, forwarding packet UID 657474)
MITM BYPASSED (disabled, forwarding packet UID 658060)
MITM BYPASSED (disabled, forwarding packet UID 658864)
MITM BYPASSED (disabled, forwarding packet UID 659402)
MITM BYPASSED (disabled, forwarding packet UID 660018)
MITM BYPASSED (disabled, forwarding packet UID 660638)
MITM BYPASSED (disabled, forwarding packet UID 661223)
MITM BYPASSED (disabled, forwarding packet UID 661768)
MITM BYPASSED (disabled, forwarding packet UID 662387)
MITM BYPASSED (disabled, forwarding packet UID 663004)
MITM BYPASSED (disabled, forwarding packet UID 663631)
MITM BYPASSED (disabled, forwarding packet UID 664205)
MITM BYPASSED (disabled, forwarding packet UID 664809)
MITM BYPASSED (disabled, forwarding packet UID 665360)
MITM BYPASSED (disabled, forwarding packet UID 665942)
MITM BYPASSED (disabled, forwarding packet UID 666543)
MITM BYPASSED (disabled, forwarding packet UID 667081)
MITM BYPASSED (disabled, forwarding packet UID 667750)
MITM BYPASSED (disabled, forwarding packet UID 668392)
MITM BYPASSED (disabled, forwarding packet UID 668940)
MITM BYPASSED (disabled, forwarding packet UID 669553)
MITM BYPASSED (disabled, forwarding packet UID 670102)
MITM BYPASSED (disabled, forwarding packet UID 670510)
MITM BYPASSED (disabled, forwarding packet UID 671031)
MITM BYPASSED (disabled, forwarding packet UID 671663)
MITM BYPASSED (disabled, forwarding packet UID 672324)
MITM BYPASSED (disabled, forwarding packet UID 673029)
MITM BYPASSED (disabled, forwarding packet UID 673615)
MITM BYPASSED (disabled, forwarding packet UID 674263)
MITM BYPASSED (disabled, forwarding packet UID 674873)
MITM BYPASSED (disabled, forwarding packet UID 675480)
MITM BYPASSED (disabled, forwarding packet UID 676055)
MITM BYPASSED (disabled, forwarding packet UID 676666)
MITM BYPASSED (disabled, forwarding packet UID 677293)
MITM BYPASSED (disabled, forwarding packet UID 677844)
MITM BYPASSED (disabled, forwarding packet UID 678423)
MITM BYPASSED (disabled, forwarding packet UID 679054)
MITM BYPASSED (disabled, forwarding packet UID 679518)
MITM BYPASSED (disabled, forwarding packet UID 680179)
MITM BYPASSED (disabled, forwarding packet UID 680806)
MITM BYPASSED (disabled, forwarding packet UID 681417)
MITM BYPASSED (disabled, forwarding packet UID 682047)
MITM BYPASSED (disabled, forwarding packet UID 682696)
MITM BYPASSED (disabled, forwarding packet UID 683273)
MITM BYPASSED (disabled, forwarding packet UID 683844)
MITM BYPASSED (disabled, forwarding packet UID 684513)
MITM BYPASSED (disabled, forwarding packet UID 685127)
MITM BYPASSED (disabled, forwarding packet UID 685519)
MITM BYPASSED (disabled, forwarding packet UID 686159)
MITM BYPASSED (disabled, forwarding packet UID 686850)
MITM BYPASSED (disabled, forwarding packet UID 687428)
MITM BYPASSED (disabled, forwarding packet UID 688079)
MITM BYPASSED (disabled, forwarding packet UID 688732)
MITM BYPASSED (disabled, forwarding packet UID 689356)
MITM BYPASSED (disabled, forwarding packet UID 689858)
MITM BYPASSED (disabled, forwarding packet UID 690507)
MITM BYPASSED (disabled, forwarding packet UID 691060)
MITM BYPASSED (disabled, forwarding packet UID 691651)
MITM BYPASSED (disabled, forwarding packet UID 692236)
MITM BYPASSED (disabled, forwarding packet UID 692892)
MITM BYPASSED (disabled, forwarding packet UID 693440)
MITM BYPASSED (disabled, forwarding packet UID 694079)
MITM BYPASSED (disabled, forwarding packet UID 694701)
MITM BYPASSED (disabled, forwarding packet UID 695361)
MITM BYPASSED (disabled, forwarding packet UID 695963)
MITM BYPASSED (disabled, forwarding packet UID 696566)
MITM BYPASSED (disabled, forwarding packet UID 697191)
MITM BYPASSED (disabled, forwarding packet UID 697567)
MITM BYPASSED (disabled, forwarding packet UID 698073)
MITM BYPASSED (disabled, forwarding packet UID 698763)
MITM BYPASSED (disabled, forwarding packet UID 699291)
MITM BYPASSED (disabled, forwarding packet UID 700008)
MITM BYPASSED (disabled, forwarding packet UID 700462)
MITM BYPASSED (disabled, forwarding packet UID 701119)
MITM BYPASSED (disabled, forwarding packet UID 701793)
MITM BYPASSED (disabled, forwarding packet UID 702424)
MITM BYPASSED (disabled, forwarding packet UID 703011)
MITM BYPASSED (disabled, forwarding packet UID 703642)
MITM BYPASSED (disabled, forwarding packet UID 704257)
MITM BYPASSED (disabled, forwarding packet UID 704805)
MITM BYPASSED (disabled, forwarding packet UID 705364)
MITM BYPASSED (disabled, forwarding packet UID 706022)
MITM BYPASSED (disabled, forwarding packet UID 706608)
MITM BYPASSED (disabled, forwarding packet UID 707260)
MITM BYPASSED (disabled, forwarding packet UID 707890)
MITM BYPASSED (disabled, forwarding packet UID 708481)
MITM BYPASSED (disabled, forwarding packet UID 709065)
MITM BYPASSED (disabled, forwarding packet UID 709610)
MITM BYPASSED (disabled, forwarding packet UID 710193)
MITM BYPASSED (disabled, forwarding packet UID 710813)
MITM BYPASSED (disabled, forwarding packet UID 711428)
MITM BYPASSED (disabled, forwarding packet UID 712072)
MITM BYPASSED (disabled, forwarding packet UID 712662)
MITM BYPASSED (disabled, forwarding packet UID 713124)
MITM BYPASSED (disabled, forwarding packet UID 713721)
MITM BYPASSED (disabled, forwarding packet UID 714345)
MITM BYPASSED (disabled, forwarding packet UID 714937)
MITM BYPASSED (disabled, forwarding packet UID 715320)
MITM BYPASSED (disabled, forwarding packet UID 715978)
MITM BYPASSED (disabled, forwarding packet UID 716578)
MITM BYPASSED (disabled, forwarding packet UID 717203)
MITM BYPASSED (disabled, forwarding packet UID 717830)
MITM BYPASSED (disabled, forwarding packet UID 718419)
MITM BYPASSED (disabled, forwarding packet UID 718952)
MITM BYPASSED (disabled, forwarding packet UID 719621)
MITM BYPASSED (disabled, forwarding packet UID 720206)
MITM BYPASSED (disabled, forwarding packet UID 720864)
MITM BYPASSED (disabled, forwarding packet UID 721348)
MITM BYPASSED (disabled, forwarding packet UID 721909)
MITM BYPASSED (disabled, forwarding packet UID 722564)
MITM BYPASSED (disabled, forwarding packet UID 723159)
MITM BYPASSED (disabled, forwarding packet UID 723709)
MITM BYPASSED (disabled, forwarding packet UID 724277)
MITM BYPASSED (disabled, forwarding packet UID 724962)
MITM BYPASSED (disabled, forwarding packet UID 725565)
MITM BYPASSED (disabled, forwarding packet UID 726141)
MITM BYPASSED (disabled, forwarding packet UID 726781)
MITM BYPASSED (disabled, forwarding packet UID 727389)
MITM BYPASSED (disabled, forwarding packet UID 727983)
MITM BYPASSED (disabled, forwarding packet UID 728590)
MITM BYPASSED (disabled, forwarding packet UID 729053)
MITM BYPASSED (disabled, forwarding packet UID 729712)
MITM BYPASSED (disabled, forwarding packet UID 730169)
MITM BYPASSED (disabled, forwarding packet UID 730753)
MITM BYPASSED (disabled, forwarding packet UID 731425)
MITM BYPASSED (disabled, forwarding packet UID 732091)
MITM BYPASSED (disabled, forwarding packet UID 732673)
MITM BYPASSED (disabled, forwarding packet UID 733262)
MITM BYPASSED (disabled, forwarding packet UID 733910)
MITM BYPASSED (disabled, forwarding packet UID 734499)
MITM BYPASSED (disabled, forwarding packet UID 735127)
MITM BYPASSED (disabled, forwarding packet UID 735665)
MITM BYPASSED (disabled, forwarding packet UID 736305)
MITM BYPASSED (disabled, forwarding packet UID 736906)
MITM BYPASSED (disabled, forwarding packet UID 737521)
MITM BYPASSED (disabled, forwarding packet UID 737955)
MITM BYPASSED (disabled, forwarding packet UID 738592)
MITM BYPASSED (disabled, forwarding packet UID 739172)
MITM BYPASSED (disabled, forwarding packet UID 739789)
MITM BYPASSED (disabled, forwarding packet UID 740375)
MITM BYPASSED (disabled, forwarding packet UID 740972)
MITM BYPASSED (disabled, forwarding packet UID 741461)
MITM BYPASSED (disabled, forwarding packet UID 742033)
MITM BYPASSED (disabled, forwarding packet UID 742633)
MITM BYPASSED (disabled, forwarding packet UID 743218)
MITM BYPASSED (disabled, forwarding packet UID 743873)
MITM BYPASSED (disabled, forwarding packet UID 744528)
MITM BYPASSED (disabled, forwarding packet UID 744865)
MITM BYPASSED (disabled, forwarding packet UID 745519)
MITM BYPASSED (disabled, forwarding packet UID 746151)
MITM BYPASSED (disabled, forwarding packet UID 746769)
MITM BYPASSED (disabled, forwarding packet UID 747425)
MITM BYPASSED (disabled, forwarding packet UID 748002)
MITM BYPASSED (disabled, forwarding packet UID 748558)
MITM BYPASSED (disabled, forwarding packet UID 749194)
MITM BYPASSED (disabled, forwarding packet UID 749776)
MITM BYPASSED (disabled, forwarding packet UID 750380)
MITM BYPASSED (disabled, forwarding packet UID 751014)
MITM BYPASSED (disabled, forwarding packet UID 751637)
MITM BYPASSED (disabled, forwarding packet UID 752251)
MITM BYPASSED (disabled, forwarding packet UID 752776)
MITM BYPASSED (disabled, forwarding packet UID 753399)
MITM BYPASSED (disabled, forwarding packet UID 754006)
MITM BYPASSED (disabled, forwarding packet UID 754659)
MITM BYPASSED (disabled, forwarding packet UID 755213)
MITM BYPASSED (disabled, forwarding packet UID 755805)
MITM BYPASSED (disabled, forwarding packet UID 756386)
MITM BYPASSED (disabled, forwarding packet UID 756972)
MITM BYPASSED (disabled, forwarding packet UID 757559)
MITM BYPASSED (disabled, forwarding packet UID 758208)
MITM BYPASSED (disabled, forwarding packet UID 758784)
MITM BYPASSED (disabled, forwarding packet UID 759427)
MITM BYPASSED (disabled, forwarding packet UID 759807)
MITM BYPASSED (disabled, forwarding packet UID 760416)
MITM BYPASSED (disabled, forwarding packet UID 761051)
MITM BYPASSED (disabled, forwarding packet UID 761633)
MITM BYPASSED (disabled, forwarding packet UID 762194)
MITM BYPASSED (disabled, forwarding packet UID 762938)
MITM BYPASSED (disabled, forwarding packet UID 763475)
MITM BYPASSED (disabled, forwarding packet UID 764105)
MITM BYPASSED (disabled, forwarding packet UID 764659)
MITM BYPASSED (disabled, forwarding packet UID 765302)
MITM BYPASSED (disabled, forwarding packet UID 765902)
MITM BYPASSED (disabled, forwarding packet UID 766570)
MITM BYPASSED (disabled, forwarding packet UID 767211)
MITM BYPASSED (disabled, forwarding packet UID 767811)
MITM BYPASSED (disabled, forwarding packet UID 768335)
MITM BYPASSED (disabled, forwarding packet UID 768989)
MITM BYPASSED (disabled, forwarding packet UID 769585)
MITM BYPASSED (disabled, forwarding packet UID 770206)
MITM BYPASSED (disabled, forwarding packet UID 770768)
MITM BYPASSED (disabled, forwarding packet UID 771370)
MITM BYPASSED (disabled, forwarding packet UID 771960)
MITM BYPASSED (disabled, forwarding packet UID 772636)
MITM BYPASSED (disabled, forwarding packet UID 773217)
MITM BYPASSED (disabled, forwarding packet UID 773800)
MITM BYPASSED (disabled, forwarding packet UID 774388)
MITM BYPASSED (disabled, forwarding packet UID 774802)
MITM BYPASSED (disabled, forwarding packet UID 775490)
MITM BYPASSED (disabled, forwarding packet UID 776088)
MITM BYPASSED (disabled, forwarding packet UID 776652)
MITM BYPASSED (disabled, forwarding packet UID 777245)
MITM BYPASSED (disabled, forwarding packet UID 777875)
MITM BYPASSED (disabled, forwarding packet UID 778516)
MITM BYPASSED (disabled, forwarding packet UID 779174)
MITM BYPASSED (disabled, forwarding packet UID 779746)
MITM BYPASSED (disabled, forwarding packet UID 780339)
MITM BYPASSED (disabled, forwarding packet UID 780864)
MITM BYPASSED (disabled, forwarding packet UID 781392)
MITM BYPASSED (disabled, forwarding packet UID 782005)
MITM BYPASSED (disabled, forwarding packet UID 782652)
MITM BYPASSED (disabled, forwarding packet UID 783241)
MITM BYPASSED (disabled, forwarding packet UID 783749)
MITM BYPASSED (disabled, forwarding packet UID 784410)
MITM BYPASSED (disabled, forwarding packet UID 784988)
MITM BYPASSED (disabled, forwarding packet UID 785667)
MITM BYPASSED (disabled, forwarding packet UID 786240)
MITM BYPASSED (disabled, forwarding packet UID 786871)
MITM BYPASSED (disabled, forwarding packet UID 787430)
MITM BYPASSED (disabled, forwarding packet UID 787919)
MITM BYPASSED (disabled, forwarding packet UID 788588)
MITM BYPASSED (disabled, forwarding packet UID 789188)
MITM BYPASSED (disabled, forwarding packet UID 789531)
MITM BYPASSED (disabled, forwarding packet UID 790267)
MITM BYPASSED (disabled, forwarding packet UID 790874)
MITM BYPASSED (disabled, forwarding packet UID 791396)
MITM BYPASSED (disabled, forwarding packet UID 791885)
MITM BYPASSED (disabled, forwarding packet UID 792537)
MITM BYPASSED (disabled, forwarding packet UID 793179)
MITM BYPASSED (disabled, forwarding packet UID 793758)
MITM BYPASSED (disabled, forwarding packet UID 794285)
MITM BYPASSED (disabled, forwarding packet UID 794926)
MITM BYPASSED (disabled, forwarding packet UID 795517)
MITM BYPASSED (disabled, forwarding packet UID 796113)
MITM BYPASSED (disabled, forwarding packet UID 796699)
MITM BYPASSED (disabled, forwarding packet UID 797294)
MITM BYPASSED (disabled, forwarding packet UID 797864)
MITM BYPASSED (disabled, forwarding packet UID 798488)
MITM BYPASSED (disabled, forwarding packet UID 799177)
MITM BYPASSED (disabled, forwarding packet UID 799819)
MITM BYPASSED (disabled, forwarding packet UID 800332)
MITM BYPASSED (disabled, forwarding packet UID 800859)
MITM BYPASSED (disabled, forwarding packet UID 801512)
MITM BYPASSED (disabled, forwarding packet UID 802128)
MITM BYPASSED (disabled, forwarding packet UID 802715)
MITM BYPASSED (disabled, forwarding packet UID 803313)
[BluetoothEnergy] time: 15.0000 s, node: 11, state: 0, total_energy: 0.0000 kWh
MITM BYPASSED (disabled, forwarding packet UID 804194)
MITM BYPASSED (disabled, forwarding packet UID 804822)
MITM BYPASSED (disabled, forwarding packet UID 805386)
MITM BYPASSED (disabled, forwarding packet UID 806037)
MITM BYPASSED (disabled, forwarding packet UID 806644)
MITM BYPASSED (disabled, forwarding packet UID 807250)
MITM BYPASSED (disabled, forwarding packet UID 807855)
MITM BYPASSED (disabled, forwarding packet UID 808214)
MITM BYPASSED (disabled, forwarding packet UID 808804)
MITM BYPASSED (disabled, forwarding packet UID 809426)
MITM BYPASSED (disabled, forwarding packet UID 810038)
MITM BYPASSED (disabled, forwarding packet UID 810595)
MITM BYPASSED (disabled, forwarding packet UID 811207)
MITM BYPASSED (disabled, forwarding packet UID 811745)
MITM BYPASSED (disabled, forwarding packet UID 812414)
MITM BYPASSED (disabled, forwarding packet UID 813122)
MITM BYPASSED (disabled, forwarding packet UID 813730)
MITM BYPASSED (disabled, forwarding packet UID 814311)
MITM BYPASSED (disabled, forwarding packet UID 814932)
MITM BYPASSED (disabled, forwarding packet UID 815559)
MITM BYPASSED (disabled, forwarding packet UID 816184)
MITM BYPASSED (disabled, forwarding packet UID 816741)
MITM BYPASSED (disabled, forwarding packet UID 817364)
MITM BYPASSED (disabled, forwarding packet UID 817965)
MITM BYPASSED (disabled, forwarding packet UID 818551)
MITM BYPASSED (disabled, forwarding packet UID 819094)
MITM BYPASSED (disabled, forwarding packet UID 819616)
MITM BYPASSED (disabled, forwarding packet UID 820118)
MITM BYPASSED (disabled, forwarding packet UID 820788)
MITM BYPASSED (disabled, forwarding packet UID 821389)
MITM BYPASSED (disabled, forwarding packet UID 822018)
MITM BYPASSED (disabled, forwarding packet UID 822613)
MITM BYPASSED (disabled, forwarding packet UID 823042)
MITM BYPASSED (disabled, forwarding packet UID 823575)
MITM BYPASSED (disabled, forwarding packet UID 824239)
MITM BYPASSED (disabled, forwarding packet UID 824880)
MITM BYPASSED (disabled, forwarding packet UID 825513)
MITM BYPASSED (disabled, forwarding packet UID 826098)
MITM BYPASSED (disabled, forwarding packet UID 826678)
MITM BYPASSED (disabled, forwarding packet UID 827347)
MITM BYPASSED (disabled, forwarding packet UID 828000)
MITM BYPASSED (disabled, forwarding packet UID 828516)
MITM BYPASSED (disabled, forwarding packet UID 829109)
MITM BYPASSED (disabled, forwarding packet UID 829757)
MITM BYPASSED (disabled, forwarding packet UID 830352)
MITM BYPASSED (disabled, forwarding packet UID 830877)
MITM BYPASSED (disabled, forwarding packet UID 831524)
MITM BYPASSED (disabled, forwarding packet UID 832164)
MITM BYPASSED (disabled, forwarding packet UID 832653)
[BluetoothEnergy] time: 15.2000 s, node: 11, state: 1, total_energy: 0.0000 kWh
MITM BYPASSED (disabled, forwarding packet UID 833209)
MITM BYPASSED (disabled, forwarding packet UID 833864)
MITM BYPASSED (disabled, forwarding packet UID 834473)
MITM BYPASSED (disabled, forwarding packet UID 835002)
MITM BYPASSED (disabled, forwarding packet UID 835634)
MITM BYPASSED (disabled, forwarding packet UID 836204)
MITM BYPASSED (disabled, forwarding packet UID 836803)
MITM BYPASSED (disabled, forwarding packet UID 837473)
MITM BYPASSED (disabled, forwarding packet UID 837922)
MITM BYPASSED (disabled, forwarding packet UID 838523)
MITM BYPASSED (disabled, forwarding packet UID 839197)
MITM BYPASSED (disabled, forwarding packet UID 839806)
MITM BYPASSED (disabled, forwarding packet UID 840433)
MITM BYPASSED (disabled, forwarding packet UID 841045)
MITM BYPASSED (disabled, forwarding packet UID 841680)
MITM BYPASSED (disabled, forwarding packet UID 842237)
MITM BYPASSED (disabled, forwarding packet UID 842813)
MITM BYPASSED (disabled, forwarding packet UID 843366)
MITM BYPASSED (disabled, forwarding packet UID 843992)
MITM BYPASSED (disabled, forwarding packet UID 844528)
MITM BYPASSED (disabled, forwarding packet UID 845148)
MITM BYPASSED (disabled, forwarding packet UID 845787)
MITM BYPASSED (disabled, forwarding packet UID 846429)
MITM BYPASSED (disabled, forwarding packet UID 846999)
MITM BYPASSED (disabled, forwarding packet UID 847572)
MITM BYPASSED (disabled, forwarding packet UID 848242)
MITM BYPASSED (disabled, forwarding packet UID 848782)
MITM BYPASSED (disabled, forwarding packet UID 849422)
MITM BYPASSED (disabled, forwarding packet UID 849999)
MITM BYPASSED (disabled, forwarding packet UID 850561)
MITM BYPASSED (disabled, forwarding packet UID 851175)
MITM BYPASSED (disabled, forwarding packet UID 851800)
MITM BYPASSED (disabled, forwarding packet UID 852446)
MITM BYPASSED (disabled, forwarding packet UID 852881)
MITM BYPASSED (disabled, forwarding packet UID 853547)
MITM BYPASSED (disabled, forwarding packet UID 854170)
MITM BYPASSED (disabled, forwarding packet UID 854821)
MITM BYPASSED (disabled, forwarding packet UID 855489)
MITM BYPASSED (disabled, forwarding packet UID 856096)
MITM BYPASSED (disabled, forwarding packet UID 856656)
MITM BYPASSED (disabled, forwarding packet UID 857248)
MITM BYPASSED (disabled, forwarding packet UID 857818)
MITM BYPASSED (disabled, forwarding packet UID 858326)
MITM BYPASSED (disabled, forwarding packet UID 858959)
MITM BYPASSED (disabled, forwarding packet UID 859500)
MITM BYPASSED (disabled, forwarding packet UID 860127)
MITM BYPASSED (disabled, forwarding packet UID 860691)
MITM BYPASSED (disabled, forwarding packet UID 861331)
MITM BYPASSED (disabled, forwarding packet UID 861958)
MITM BYPASSED (disabled, forwarding packet UID 862534)
MITM BYPASSED (disabled, forwarding packet UID 863184)
MITM BYPASSED (disabled, forwarding packet UID 863733)
MITM BYPASSED (disabled, forwarding packet UID 864353)
MITM BYPASSED (disabled, forwarding packet UID 864881)
MITM BYPASSED (disabled, forwarding packet UID 865509)
MITM BYPASSED (disabled, forwarding packet UID 866023)
MITM BYPASSED (disabled, forwarding packet UID 866613)
MITM BYPASSED (disabled, forwarding packet UID 867176)
MITM BYPASSED (disabled, forwarding packet UID 867527)
MITM BYPASSED (disabled, forwarding packet UID 868156)
MITM BYPASSED (disabled, forwarding packet UID 868798)
MITM BYPASSED (disabled, forwarding packet UID 869265)
MITM BYPASSED (disabled, forwarding packet UID 869784)
MITM BYPASSED (disabled, forwarding packet UID 870390)
MITM BYPASSED (disabled, forwarding packet UID 871123)
MITM BYPASSED (disabled, forwarding packet UID 871899)
MITM BYPASSED (disabled, forwarding packet UID 872487)
MITM BYPASSED (disabled, forwarding packet UID 873084)
MITM BYPASSED (disabled, forwarding packet UID 873676)
MITM BYPASSED (disabled, forwarding packet UID 874336)
MITM BYPASSED (disabled, forwarding packet UID 874936)
MITM BYPASSED (disabled, forwarding packet UID 875538)
MITM BYPASSED (disabled, forwarding packet UID 876130)
MITM BYPASSED (disabled, forwarding packet UID 876751)
MITM BYPASSED (disabled, forwarding packet UID 877331)
MITM BYPASSED (disabled, forwarding packet UID 877953)
MITM BYPASSED (disabled, forwarding packet UID 878546)
MITM BYPASSED (disabled, forwarding packet UID 879129)
MITM BYPASSED (disabled, forwarding packet UID 879732)
MITM BYPASSED (disabled, forwarding packet UID 880326)
MITM BYPASSED (disabled, forwarding packet UID 880978)
MITM BYPASSED (disabled, forwarding packet UID 881589)
MITM BYPASSED (disabled, forwarding packet UID 882122)
MITM BYPASSED (disabled, forwarding packet UID 882459)
MITM BYPASSED (disabled, forwarding packet UID 883117)
MITM BYPASSED (disabled, forwarding packet UID 883657)
MITM BYPASSED (disabled, forwarding packet UID 884371)
MITM BYPASSED (disabled, forwarding packet UID 884971)
MITM BYPASSED (disabled, forwarding packet UID 885579)
MITM BYPASSED (disabled, forwarding packet UID 886171)
MITM BYPASSED (disabled, forwarding packet UID 886713)
MITM BYPASSED (disabled, forwarding packet UID 887354)
MITM BYPASSED (disabled, forwarding packet UID 887968)
MITM BYPASSED (disabled, forwarding packet UID 888525)
MITM BYPASSED (disabled, forwarding packet UID 889205)
MITM BYPASSED (disabled, forwarding packet UID 889770)
MITM BYPASSED (disabled, forwarding packet UID 890357)
MITM BYPASSED (disabled, forwarding packet UID 890943)
MITM BYPASSED (disabled, forwarding packet UID 891616)
MITM BYPASSED (disabled, forwarding packet UID 892170)
MITM BYPASSED (disabled, forwarding packet UID 892742)
MITM BYPASSED (disabled, forwarding packet UID 893298)
MITM BYPASSED (disabled, forwarding packet UID 893920)
MITM BYPASSED (disabled, forwarding packet UID 894483)
MITM BYPASSED (disabled, forwarding packet UID 895090)
MITM BYPASSED (disabled, forwarding packet UID 895781)
MITM BYPASSED (disabled, forwarding packet UID 896313)
MITM BYPASSED (disabled, forwarding packet UID 896971)
MITM BYPASSED (disabled, forwarding packet UID 897359)
MITM BYPASSED (disabled, forwarding packet UID 897938)
MITM BYPASSED (disabled, forwarding packet UID 898641)
MITM BYPASSED (disabled, forwarding packet UID 899240)
MITM BYPASSED (disabled, forwarding packet UID 899923)
MITM BYPASSED (disabled, forwarding packet UID 900512)
MITM BYPASSED (disabled, forwarding packet UID 901041)
MITM BYPASSED (disabled, forwarding packet UID 901718)
MITM BYPASSED (disabled, forwarding packet UID 902273)
MITM BYPASSED (disabled, forwarding packet UID 902852)
MITM BYPASSED (disabled, forwarding packet UID 903443)
MITM BYPASSED (disabled, forwarding packet UID 904067)
MITM BYPASSED (disabled, forwarding packet UID 904695)
MITM BYPASSED (disabled, forwarding packet UID 905278)
MITM BYPASSED (disabled, forwarding packet UID 905876)
MITM BYPASSED (disabled, forwarding packet UID 906497)
MITM BYPASSED (disabled, forwarding packet UID 907137)
MITM BYPASSED (disabled, forwarding packet UID 907795)
MITM BYPASSED (disabled, forwarding packet UID 908403)
MITM BYPASSED (disabled, forwarding packet UID 909032)
MITM BYPASSED (disabled, forwarding packet UID 909657)
MITM BYPASSED (disabled, forwarding packet UID 910260)
MITM BYPASSED (disabled, forwarding packet UID 910891)
MITM BYPASSED (disabled, forwarding packet UID 911500)
MITM BYPASSED (disabled, forwarding packet UID 912103)
MITM BYPASSED (disabled, forwarding packet UID 912532)
MITM BYPASSED (disabled, forwarding packet UID 913226)
MITM BYPASSED (disabled, forwarding packet UID 913793)
MITM BYPASSED (disabled, forwarding packet UID 914391)
MITM BYPASSED (disabled, forwarding packet UID 915015)
MITM BYPASSED (disabled, forwarding packet UID 915611)
MITM BYPASSED (disabled, forwarding packet UID 916174)
MITM BYPASSED (disabled, forwarding packet UID 916744)
MITM BYPASSED (disabled, forwarding packet UID 917406)
MITM BYPASSED (disabled, forwarding packet UID 918000)
MITM BYPASSED (disabled, forwarding packet UID 918602)
MITM BYPASSED (disabled, forwarding packet UID 919224)
MITM BYPASSED (disabled, forwarding packet UID 919893)
MITM BYPASSED (disabled, forwarding packet UID 920489)
MITM BYPASSED (disabled, forwarding packet UID 921081)
MITM BYPASSED (disabled, forwarding packet UID 921667)
MITM BYPASSED (disabled, forwarding packet UID 922284)
MITM BYPASSED (disabled, forwarding packet UID 922902)
MITM BYPASSED (disabled, forwarding packet UID 923494)
MITM BYPASSED (disabled, forwarding packet UID 924111)
MITM BYPASSED (disabled, forwarding packet UID 924697)
MITM BYPASSED (disabled, forwarding packet UID 925321)
MITM BYPASSED (disabled, forwarding packet UID 925944)
MITM BYPASSED (disabled, forwarding packet UID 926567)
MITM BYPASSED (disabled, forwarding packet UID 927009)
MITM BYPASSED (disabled, forwarding packet UID 927315)
MITM BYPASSED (disabled, forwarding packet UID 928054)
MITM BYPASSED (disabled, forwarding packet UID 928638)
MITM BYPASSED (disabled, forwarding packet UID 929199)
MITM BYPASSED (disabled, forwarding packet UID 929864)
MITM BYPASSED (disabled, forwarding packet UID 930522)
MITM BYPASSED (disabled, forwarding packet UID 931096)
MITM BYPASSED (disabled, forwarding packet UID 931700)
MITM BYPASSED (disabled, forwarding packet UID 932287)
MITM BYPASSED (disabled, forwarding packet UID 932909)
MITM BYPASSED (disabled, forwarding packet UID 933508)
MITM BYPASSED (disabled, forwarding packet UID 934074)
MITM BYPASSED (disabled, forwarding packet UID 934696)
MITM BYPASSED (disabled, forwarding packet UID 935278)
MITM BYPASSED (disabled, forwarding packet UID 935888)
MITM BYPASSED (disabled, forwarding packet UID 936418)
MITM BYPASSED (disabled, forwarding packet UID 937065)
MITM BYPASSED (disabled, forwarding packet UID 937661)
MITM BYPASSED (disabled, forwarding packet UID 938215)
MITM BYPASSED (disabled, forwarding packet UID 938787)
MITM BYPASSED (disabled, forwarding packet UID 939438)
MITM BYPASSED (disabled, forwarding packet UID 939970)
MITM BYPASSED (disabled, forwarding packet UID 940545)
MITM BYPASSED (disabled, forwarding packet UID 941147)
MITM BYPASSED (disabled, forwarding packet UID 941824)
MITM BYPASSED (disabled, forwarding packet UID 942241)
MITM BYPASSED (disabled, forwarding packet UID 942860)
MITM BYPASSED (disabled, forwarding packet UID 943526)
MITM BYPASSED (disabled, forwarding packet UID 944055)
MITM BYPASSED (disabled, forwarding packet UID 944670)
MITM BYPASSED (disabled, forwarding packet UID 945248)
MITM BYPASSED (disabled, forwarding packet UID 945814)
MITM BYPASSED (disabled, forwarding packet UID 946420)
MITM BYPASSED (disabled, forwarding packet UID 947033)
MITM BYPASSED (disabled, forwarding packet UID 947692)
MITM BYPASSED (disabled, forwarding packet UID 948289)
MITM BYPASSED (disabled, forwarding packet UID 948916)
MITM BYPASSED (disabled, forwarding packet UID 949813)
MITM BYPASSED (disabled, forwarding packet UID 950437)
MITM BYPASSED (disabled, forwarding packet UID 951011)
MITM BYPASSED (disabled, forwarding packet UID 951646)
MITM BYPASSED (disabled, forwarding packet UID 952183)
MITM BYPASSED (disabled, forwarding packet UID 952834)
MITM BYPASSED (disabled, forwarding packet UID 953411)
MITM BYPASSED (disabled, forwarding packet UID 954041)
MITM BYPASSED (disabled, forwarding packet UID 954620)
MITM BYPASSED (disabled, forwarding packet UID 955202)
MITM BYPASSED (disabled, forwarding packet UID 955841)
MITM BYPASSED (disabled, forwarding packet UID 956431)
MITM BYPASSED (disabled, forwarding packet UID 957011)
MITM BYPASSED (disabled, forwarding packet UID 957652)
MITM BYPASSED (disabled, forwarding packet UID 958221)
MITM BYPASSED (disabled, forwarding packet UID 958902)
MITM BYPASSED (disabled, forwarding packet UID 959505)
MITM BYPASSED (disabled, forwarding packet UID 960108)
MITM BYPASSED (disabled, forwarding packet UID 960622)
MITM BYPASSED (disabled, forwarding packet UID 961049)
MITM BYPASSED (disabled, forwarding packet UID 961718)
MITM BYPASSED (disabled, forwarding packet UID 962424)
MITM BYPASSED (disabled, forwarding packet UID 962985)
MITM BYPASSED (disabled, forwarding packet UID 963655)
MITM BYPASSED (disabled, forwarding packet UID 964206)
MITM BYPASSED (disabled, forwarding packet UID 964850)
MITM BYPASSED (disabled, forwarding packet UID 965405)
MITM BYPASSED (disabled, forwarding packet UID 965957)
MITM BYPASSED (disabled, forwarding packet UID 966569)
MITM BYPASSED (disabled, forwarding packet UID 967194)
MITM BYPASSED (disabled, forwarding packet UID 967794)
MITM BYPASSED (disabled, forwarding packet UID 968377)
MITM BYPASSED (disabled, forwarding packet UID 968981)
MITM BYPASSED (disabled, forwarding packet UID 969619)
MITM BYPASSED (disabled, forwarding packet UID 970225)
MITM BYPASSED (disabled, forwarding packet UID 970766)
MITM BYPASSED (disabled, forwarding packet UID 971442)
MITM BYPASSED (disabled, forwarding packet UID 972060)
MITM BYPASSED (disabled, forwarding packet UID 972620)
MITM BYPASSED (disabled, forwarding packet UID 973234)
MITM BYPASSED (disabled, forwarding packet UID 973861)
MITM BYPASSED (disabled, forwarding packet UID 974455)
MITM BYPASSED (disabled, forwarding packet UID 975051)
MITM BYPASSED (disabled, forwarding packet UID 975582)
MITM BYPASSED (disabled, forwarding packet UID 975968)
MITM BYPASSED (disabled, forwarding packet UID 976564)
MITM BYPASSED (disabled, forwarding packet UID 977174)
MITM BYPASSED (disabled, forwarding packet UID 977782)
MITM BYPASSED (disabled, forwarding packet UID 978396)
MITM BYPASSED (disabled, forwarding packet UID 978980)
MITM BYPASSED (disabled, forwarding packet UID 979632)
MITM BYPASSED (disabled, forwarding packet UID 980270)
MITM BYPASSED (disabled, forwarding packet UID 980804)
MITM BYPASSED (disabled, forwarding packet UID 981386)
MITM BYPASSED (disabled, forwarding packet UID 981882)
MITM BYPASSED (disabled, forwarding packet UID 982562)
MITM BYPASSED (disabled, forwarding packet UID 983079)
MITM BYPASSED (disabled, forwarding packet UID 983778)
MITM BYPASSED (disabled, forwarding packet UID 984421)
MITM BYPASSED (disabled, forwarding packet UID 984893)
MITM BYPASSED (disabled, forwarding packet UID 985465)
MITM BYPASSED (disabled, forwarding packet UID 986067)
MITM BYPASSED (disabled, forwarding packet UID 986591)
MITM BYPASSED (disabled, forwarding packet UID 987189)
MITM BYPASSED (disabled, forwarding packet UID 987907)
MITM BYPASSED (disabled, forwarding packet UID 988438)
MITM BYPASSED (disabled, forwarding packet UID 989108)
MITM BYPASSED (disabled, forwarding packet UID 989787)
MITM BYPASSED (disabled, forwarding packet UID 990327)
MITM BYPASSED (disabled, forwarding packet UID 990722)
MITM BYPASSED (disabled, forwarding packet UID 991415)
MITM BYPASSED (disabled, forwarding packet UID 992054)
MITM BYPASSED (disabled, forwarding packet UID 992643)
MITM BYPASSED (disabled, forwarding packet UID 993153)
MITM BYPASSED (disabled, forwarding packet UID 993714)
MITM BYPASSED (disabled, forwarding packet UID 994272)
MITM BYPASSED (disabled, forwarding packet UID 994900)
MITM BYPASSED (disabled, forwarding packet UID 995497)
MITM BYPASSED (disabled, forwarding packet UID 996112)
MITM BYPASSED (disabled, forwarding packet UID 996682)
MITM BYPASSED (disabled, forwarding packet UID 997290)
MITM BYPASSED (disabled, forwarding packet UID 997878)
MITM BYPASSED (disabled, forwarding packet UID 998370)
MITM BYPASSED (disabled, forwarding packet UID 999022)
MITM BYPASSED (disabled, forwarding packet UID 999542)
MITM BYPASSED (disabled, forwarding packet UID 1000120)
MITM BYPASSED (disabled, forwarding packet UID 1000710)
MITM BYPASSED (disabled, forwarding packet UID 1001498)
MITM BYPASSED (disabled, forwarding packet UID 1002074)
MITM BYPASSED (disabled, forwarding packet UID 1002702)
MITM BYPASSED (disabled, forwarding packet UID 1003273)
MITM BYPASSED (disabled, forwarding packet UID 1003915)
MITM BYPASSED (disabled, forwarding packet UID 1004468)
MITM BYPASSED (disabled, forwarding packet UID 1005096)
MITM BYPASSED (disabled, forwarding packet UID 1005455)
MITM BYPASSED (disabled, forwarding packet UID 1006154)
MITM BYPASSED (disabled, forwarding packet UID 1006764)
MITM BYPASSED (disabled, forwarding packet UID 1007344)
MITM BYPASSED (disabled, forwarding packet UID 1007918)
MITM BYPASSED (disabled, forwarding packet UID 1008592)
MITM BYPASSED (disabled, forwarding packet UID 1009121)
MITM BYPASSED (disabled, forwarding packet UID 1009736)
MITM BYPASSED (disabled, forwarding packet UID 1010434)
MITM BYPASSED (disabled, forwarding packet UID 1010969)
MITM BYPASSED (disabled, forwarding packet UID 1011560)
MITM BYPASSED (disabled, forwarding packet UID 1012216)
MITM BYPASSED (disabled, forwarding packet UID 1012783)
MITM BYPASSED (disabled, forwarding packet UID 1013328)
MITM BYPASSED (disabled, forwarding packet UID 1013955)
MITM BYPASSED (disabled, forwarding packet UID 1014576)
MITM BYPASSED (disabled, forwarding packet UID 1015187)
MITM BYPASSED (disabled, forwarding packet UID 1015807)
MITM BYPASSED (disabled, forwarding packet UID 1016417)
MITM BYPASSED (disabled, forwarding packet UID 1017020)
MITM BYPASSED (disabled, forwarding packet UID 1017519)
MITM BYPASSED (disabled, forwarding packet UID 1018076)
MITM BYPASSED (disabled, forwarding packet UID 1018725)
MITM BYPASSED (disabled, forwarding packet UID 1019364)
MITM BYPASSED (disabled, forwarding packet UID 1019995)
MITM BYPASSED (disabled, forwarding packet UID 1020319)
MITM BYPASSED (disabled, forwarding packet UID 1020967)
MITM BYPASSED (disabled, forwarding packet UID 1021584)
MITM BYPASSED (disabled, forwarding packet UID 1022192)
MITM BYPASSED (disabled, forwarding packet UID 1022847)
MITM BYPASSED (disabled, forwarding packet UID 1023473)
MITM BYPASSED (disabled, forwarding packet UID 1023924)
MITM BYPASSED (disabled, forwarding packet UID 1024600)
MITM BYPASSED (disabled, forwarding packet UID 1025173)
MITM BYPASSED (disabled, forwarding packet UID 1025736)
MITM BYPASSED (disabled, forwarding packet UID 1026301)
MITM BYPASSED (disabled, forwarding packet UID 1026913)
MITM BYPASSED (disabled, forwarding packet UID 1027501)
MITM BYPASSED (disabled, forwarding packet UID 1028136)
MITM BYPASSED (disabled, forwarding packet UID 1028823)
MITM BYPASSED (disabled, forwarding packet UID 1029430)
MITM BYPASSED (disabled, forwarding packet UID 1030026)
MITM BYPASSED (disabled, forwarding packet UID 1030629)
MITM BYPASSED (disabled, forwarding packet UID 1031211)
MITM BYPASSED (disabled, forwarding packet UID 1031811)
MITM BYPASSED (disabled, forwarding packet UID 1032416)
MITM BYPASSED (disabled, forwarding packet UID 1032959)
MITM BYPASSED (disabled, forwarding packet UID 1033587)
MITM BYPASSED (disabled, forwarding packet UID 1034126)
MITM BYPASSED (disabled, forwarding packet UID 1034776)
MITM BYPASSED (disabled, forwarding packet UID 1035126)
MITM BYPASSED (disabled, forwarding packet UID 1035756)
MITM BYPASSED (disabled, forwarding packet UID 1036352)
MITM BYPASSED (disabled, forwarding packet UID 1036985)
MITM BYPASSED (disabled, forwarding packet UID 1037611)
MITM BYPASSED (disabled, forwarding packet UID 1038173)
MITM BYPASSED (disabled, forwarding packet UID 1038826)
MITM BYPASSED (disabled, forwarding packet UID 1039421)
MITM BYPASSED (disabled, forwarding packet UID 1039984)
MITM BYPASSED (disabled, forwarding packet UID 1040539)
MITM BYPASSED (disabled, forwarding packet UID 1041196)
MITM BYPASSED (disabled, forwarding packet UID 1041815)
MITM BYPASSED (disabled, forwarding packet UID 1042411)
MITM BYPASSED (disabled, forwarding packet UID 1043049)
MITM BYPASSED (disabled, forwarding packet UID 1043647)
MITM BYPASSED (disabled, forwarding packet UID 1044254)
MITM BYPASSED (disabled, forwarding packet UID 1044880)
MITM BYPASSED (disabled, forwarding packet UID 1045395)
MITM BYPASSED (disabled, forwarding packet UID 1046022)
MITM BYPASSED (disabled, forwarding packet UID 1046621)
MITM BYPASSED (disabled, forwarding packet UID 1047231)
MITM BYPASSED (disabled, forwarding packet UID 1047858)
MITM BYPASSED (disabled, forwarding packet UID 1048379)
MITM BYPASSED (disabled, forwarding packet UID 1049012)
MITM BYPASSED (disabled, forwarding packet UID 1049651)
MITM BYPASSED (disabled, forwarding packet UID 1050035)
MITM BYPASSED (disabled, forwarding packet UID 1050601)
MITM BYPASSED (disabled, forwarding packet UID 1051323)
MITM BYPASSED (disabled, forwarding packet UID 1051863)
MITM BYPASSED (disabled, forwarding packet UID 1052513)
MITM BYPASSED (disabled, forwarding packet UID 1053064)
MITM BYPASSED (disabled, forwarding packet UID 1053736)
MITM BYPASSED (disabled, forwarding packet UID 1054368)
MITM BYPASSED (disabled, forwarding packet UID 1055016)
MITM BYPASSED (disabled, forwarding packet UID 1055542)
MITM BYPASSED (disabled, forwarding packet UID 1056149)
MITM BYPASSED (disabled, forwarding packet UID 1056806)
MITM BYPASSED (disabled, forwarding packet UID 1057345)
MITM BYPASSED (disabled, forwarding packet UID 1057961)
MITM BYPASSED (disabled, forwarding packet UID 1058542)
MITM BYPASSED (disabled, forwarding packet UID 1059147)
MITM BYPASSED (disabled, forwarding packet UID 1059738)
MITM BYPASSED (disabled, forwarding packet UID 1060363)
MITM BYPASSED (disabled, forwarding packet UID 1060952)
MITM BYPASSED (disabled, forwarding packet UID 1061493)
MITM BYPASSED (disabled, forwarding packet UID 1062042)
MITM BYPASSED (disabled, forwarding packet UID 1062573)
MITM BYPASSED (disabled, forwarding packet UID 1063172)
MITM BYPASSED (disabled, forwarding packet UID 1063952)
MITM BYPASSED (disabled, forwarding packet UID 1064585)
MITM BYPASSED (disabled, forwarding packet UID 1064961)
MITM BYPASSED (disabled, forwarding packet UID 1065548)
MITM BYPASSED (disabled, forwarding packet UID 1066247)
MITM BYPASSED (disabled, forwarding packet UID 1066871)
MITM BYPASSED (disabled, forwarding packet UID 1067489)
MITM BYPASSED (disabled, forwarding packet UID 1068098)
MITM BYPASSED (disabled, forwarding packet UID 1068783)
MITM BYPASSED (disabled, forwarding packet UID 1069387)
MITM BYPASSED (disabled, forwarding packet UID 1070009)
MITM BYPASSED (disabled, forwarding packet UID 1070518)
MITM BYPASSED (disabled, forwarding packet UID 1071032)
MITM BYPASSED (disabled, forwarding packet UID 1071673)
MITM BYPASSED (disabled, forwarding packet UID 1072235)
MITM BYPASSED (disabled, forwarding packet UID 1072915)
MITM BYPASSED (disabled, forwarding packet UID 1073537)
MITM BYPASSED (disabled, forwarding packet UID 1074145)
MITM BYPASSED (disabled, forwarding packet UID 1074706)
MITM BYPASSED (disabled, forwarding packet UID 1075350)
MITM BYPASSED (disabled, forwarding packet UID 1075962)
MITM BYPASSED (disabled, forwarding packet UID 1076605)
MITM BYPASSED (disabled, forwarding packet UID 1077235)
MITM BYPASSED (disabled, forwarding packet UID 1077846)
MITM BYPASSED (disabled, forwarding packet UID 1078390)
MITM BYPASSED (disabled, forwarding packet UID 1079015)
MITM BYPASSED (disabled, forwarding packet UID 1079644)
MITM BYPASSED (disabled, forwarding packet UID 1080128)
MITM BYPASSED (disabled, forwarding packet UID 1080772)
MITM BYPASSED (disabled, forwarding packet UID 1081393)
MITM BYPASSED (disabled, forwarding packet UID 1081976)
MITM BYPASSED (disabled, forwarding packet UID 1082629)
MITM BYPASSED (disabled, forwarding packet UID 1083232)
MITM BYPASSED (disabled, forwarding packet UID 1083837)
MITM BYPASSED (disabled, forwarding packet UID 1084504)
MITM BYPASSED (disabled, forwarding packet UID 1084954)
MITM BYPASSED (disabled, forwarding packet UID 1085581)
MITM BYPASSED (disabled, forwarding packet UID 1086145)
MITM BYPASSED (disabled, forwarding packet UID 1086784)
MITM BYPASSED (disabled, forwarding packet UID 1087415)
MITM BYPASSED (disabled, forwarding packet UID 1088013)
MITM BYPASSED (disabled, forwarding packet UID 1088618)
MITM BYPASSED (disabled, forwarding packet UID 1089231)
MITM BYPASSED (disabled, forwarding packet UID 1089815)
MITM BYPASSED (disabled, forwarding packet UID 1090371)
MITM BYPASSED (disabled, forwarding packet UID 1090978)
MITM BYPASSED (disabled, forwarding packet UID 1091599)
MITM BYPASSED (disabled, forwarding packet UID 1092123)
MITM BYPASSED (disabled, forwarding packet UID 1092779)
MITM BYPASSED (disabled, forwarding packet UID 1093348)
MITM BYPASSED (disabled, forwarding packet UID 1093955)
MITM BYPASSED (disabled, forwarding packet UID 1094519)
MITM BYPASSED (disabled, forwarding packet UID 1094891)
MITM BYPASSED (disabled, forwarding packet UID 1095830)
MITM BYPASSED (disabled, forwarding packet UID 1096286)
MITM BYPASSED (disabled, forwarding packet UID 1096967)
MITM BYPASSED (disabled, forwarding packet UID 1097571)
MITM BYPASSED (disabled, forwarding packet UID 1098194)
MITM BYPASSED (disabled, forwarding packet UID 1098611)
MITM BYPASSED (disabled, forwarding packet UID 1099117)
MITM BYPASSED (disabled, forwarding packet UID 1099776)
MITM BYPASSED (disabled, forwarding packet UID 1100387)
MITM BYPASSED (disabled, forwarding packet UID 1101013)
MITM BYPASSED (disabled, forwarding packet UID 1101603)
MITM BYPASSED (disabled, forwarding packet UID 1102244)
MITM BYPASSED (disabled, forwarding packet UID 1102928)
MITM BYPASSED (disabled, forwarding packet UID 1103524)
MITM BYPASSED (disabled, forwarding packet UID 1104153)
MITM BYPASSED (disabled, forwarding packet UID 1104738)
MITM BYPASSED (disabled, forwarding packet UID 1105269)
MITM BYPASSED (disabled, forwarding packet UID 1105864)
MITM BYPASSED (disabled, forwarding packet UID 1106544)
MITM BYPASSED (disabled, forwarding packet UID 1107036)
MITM BYPASSED (disabled, forwarding packet UID 1107606)
MITM BYPASSED (disabled, forwarding packet UID 1108225)
MITM BYPASSED (disabled, forwarding packet UID 1108839)
MITM BYPASSED (disabled, forwarding packet UID 1109405)
MITM BYPASSED (disabled, forwarding packet UID 1109989)
MITM BYPASSED (disabled, forwarding packet UID 1110603)
MITM BYPASSED (disabled, forwarding packet UID 1111259)
MITM BYPASSED (disabled, forwarding packet UID 1111825)
MITM BYPASSED (disabled, forwarding packet UID 1112404)
MITM BYPASSED (disabled, forwarding packet UID 1113018)
MITM BYPASSED (disabled, forwarding packet UID 1113438)
MITM BYPASSED (disabled, forwarding packet UID 1114028)
MITM BYPASSED (disabled, forwarding packet UID 1114655)
MITM BYPASSED (disabled, forwarding packet UID 1115359)
MITM BYPASSED (disabled, forwarding packet UID 1115961)
MITM BYPASSED (disabled, forwarding packet UID 1116505)
MITM BYPASSED (disabled, forwarding packet UID 1116965)
MITM BYPASSED (disabled, forwarding packet UID 1117722)
MITM BYPASSED (disabled, forwarding packet UID 1118334)
MITM BYPASSED (disabled, forwarding packet UID 1118994)
MITM BYPASSED (disabled, forwarding packet UID 1119664)
MITM BYPASSED (disabled, forwarding packet UID 1120230)
MITM BYPASSED (disabled, forwarding packet UID 1120885)
MITM BYPASSED (disabled, forwarding packet UID 1121485)
MITM BYPASSED (disabled, forwarding packet UID 1122100)
MITM BYPASSED (disabled, forwarding packet UID 1122663)
MITM BYPASSED (disabled, forwarding packet UID 1123246)
MITM BYPASSED (disabled, forwarding packet UID 1123855)
MITM BYPASSED (disabled, forwarding packet UID 1124426)
MITM BYPASSED (disabled, forwarding packet UID 1125050)
MITM BYPASSED (disabled, forwarding packet UID 1125667)
MITM BYPASSED (disabled, forwarding packet UID 1126257)
MITM BYPASSED (disabled, forwarding packet UID 1126857)
MITM BYPASSED (disabled, forwarding packet UID 1127487)
MITM BYPASSED (disabled, forwarding packet UID 1128126)
MITM BYPASSED (disabled, forwarding packet UID 1128566)
MITM BYPASSED (disabled, forwarding packet UID 1129247)
MITM BYPASSED (disabled, forwarding packet UID 1129796)
MITM BYPASSED (disabled, forwarding packet UID 1130394)
MITM BYPASSED (disabled, forwarding packet UID 1130997)
MITM BYPASSED (disabled, forwarding packet UID 1131477)
MITM BYPASSED (disabled, forwarding packet UID 1132142)
MITM BYPASSED (disabled, forwarding packet UID 1132764)
MITM BYPASSED (disabled, forwarding packet UID 1133396)
MITM BYPASSED (disabled, forwarding packet UID 1134010)
MITM BYPASSED (disabled, forwarding packet UID 1134553)
MITM BYPASSED (disabled, forwarding packet UID 1135107)
MITM BYPASSED (disabled, forwarding packet UID 1135683)
MITM BYPASSED (disabled, forwarding packet UID 1136254)
MITM BYPASSED (disabled, forwarding packet UID 1136873)
MITM BYPASSED (disabled, forwarding packet UID 1137519)
MITM BYPASSED (disabled, forwarding packet UID 1138071)
MITM BYPASSED (disabled, forwarding packet UID 1138743)
MITM BYPASSED (disabled, forwarding packet UID 1139328)
MITM BYPASSED (disabled, forwarding packet UID 1139983)
MITM BYPASSED (disabled, forwarding packet UID 1140566)
MITM BYPASSED (disabled, forwarding packet UID 1141148)
MITM BYPASSED (disabled, forwarding packet UID 1141687)
MITM BYPASSED (disabled, forwarding packet UID 1142342)
MITM BYPASSED (disabled, forwarding packet UID 1142948)
MITM BYPASSED (disabled, forwarding packet UID 1143342)
MITM BYPASSED (disabled, forwarding packet UID 1143976)
MITM BYPASSED (disabled, forwarding packet UID 1144652)
MITM BYPASSED (disabled, forwarding packet UID 1145225)
MITM BYPASSED (disabled, forwarding packet UID 1145873)
MITM BYPASSED (disabled, forwarding packet UID 1146499)
MITM BYPASSED (disabled, forwarding packet UID 1147094)
MITM BYPASSED (disabled, forwarding packet UID 1147716)
MITM BYPASSED (disabled, forwarding packet UID 1148219)
MITM BYPASSED (disabled, forwarding packet UID 1148853)
MITM BYPASSED (disabled, forwarding packet UID 1149495)
MITM BYPASSED (disabled, forwarding packet UID 1150109)
MITM BYPASSED (disabled, forwarding packet UID 1150668)
MITM BYPASSED (disabled, forwarding packet UID 1151319)
MITM BYPASSED (disabled, forwarding packet UID 1151915)
MITM BYPASSED (disabled, forwarding packet UID 1152526)
MITM BYPASSED (disabled, forwarding packet UID 1153106)
MITM BYPASSED (disabled, forwarding packet UID 1153585)
MITM BYPASSED (disabled, forwarding packet UID 1154164)
MITM BYPASSED (disabled, forwarding packet UID 1154843)
MITM BYPASSED (disabled, forwarding packet UID 1155476)
MITM BYPASSED (disabled, forwarding packet UID 1156041)
MITM BYPASSED (disabled, forwarding packet UID 1156625)
MITM BYPASSED (disabled, forwarding packet UID 1157274)
MITM BYPASSED (disabled, forwarding packet UID 1157844)
MITM BYPASSED (disabled, forwarding packet UID 1158281)
MITM BYPASSED (disabled, forwarding packet UID 1158913)
MITM BYPASSED (disabled, forwarding packet UID 1159474)
MITM BYPASSED (disabled, forwarding packet UID 1160077)
MITM BYPASSED (disabled, forwarding packet UID 1160762)
MITM BYPASSED (disabled, forwarding packet UID 1161365)
MITM BYPASSED (disabled, forwarding packet UID 1162009)
MITM BYPASSED (disabled, forwarding packet UID 1162584)
MITM BYPASSED (disabled, forwarding packet UID 1163158)
MITM BYPASSED (disabled, forwarding packet UID 1163732)
MITM BYPASSED (disabled, forwarding packet UID 1164383)
MITM BYPASSED (disabled, forwarding packet UID 1165001)
MITM BYPASSED (disabled, forwarding packet UID 1165604)
MITM BYPASSED (disabled, forwarding packet UID 1166246)
MITM BYPASSED (disabled, forwarding packet UID 1166875)
MITM BYPASSED (disabled, forwarding packet UID 1167390)
MITM BYPASSED (disabled, forwarding packet UID 1168028)
MITM BYPASSED (disabled, forwarding packet UID 1168667)
MITM BYPASSED (disabled, forwarding packet UID 1169210)
MITM BYPASSED (disabled, forwarding packet UID 1169788)
MITM BYPASSED (disabled, forwarding packet UID 1170440)
MITM BYPASSED (disabled, forwarding packet UID 1171041)
MITM BYPASSED (disabled, forwarding packet UID 1171548)
MITM BYPASSED (disabled, forwarding packet UID 1172173)
MITM BYPASSED (disabled, forwarding packet UID 1172798)
MITM BYPASSED (disabled, forwarding packet UID 1173234)
MITM BYPASSED (disabled, forwarding packet UID 1173855)
MITM BYPASSED (disabled, forwarding packet UID 1174511)
MITM BYPASSED (disabled, forwarding packet UID 1175185)
MITM BYPASSED (disabled, forwarding packet UID 1175746)
MITM BYPASSED (disabled, forwarding packet UID 1176345)
MITM BYPASSED (disabled, forwarding packet UID 1176960)
MITM BYPASSED (disabled, forwarding packet UID 1177634)
MITM BYPASSED (disabled, forwarding packet UID 1178289)
MITM BYPASSED (disabled, forwarding packet UID 1178878)
MITM BYPASSED (disabled, forwarding packet UID 1179370)
MITM BYPASSED (disabled, forwarding packet UID 1179990)
MITM BYPASSED (disabled, forwarding packet UID 1180626)
MITM BYPASSED (disabled, forwarding packet UID 1181234)
MITM BYPASSED (disabled, forwarding packet UID 1181787)
MITM BYPASSED (disabled, forwarding packet UID 1182368)
MITM BYPASSED (disabled, forwarding packet UID 1183032)
MITM BYPASSED (disabled, forwarding packet UID 1183590)
MITM BYPASSED (disabled, forwarding packet UID 1184243)
MITM BYPASSED (disabled, forwarding packet UID 1184839)
MITM BYPASSED (disabled, forwarding packet UID 1185438)
MITM BYPASSED (disabled, forwarding packet UID 1185977)
MITM BYPASSED (disabled, forwarding packet UID 1186555)
MITM BYPASSED (disabled, forwarding packet UID 1187169)
MITM BYPASSED (disabled, forwarding packet UID 1187744)
MITM BYPASSED (disabled, forwarding packet UID 1188100)
MITM BYPASSED (disabled, forwarding packet UID 1188833)
MITM BYPASSED (disabled, forwarding packet UID 1189318)
MITM BYPASSED (disabled, forwarding packet UID 1189918)
MITM BYPASSED (disabled, forwarding packet UID 1190581)
MITM BYPASSED (disabled, forwarding packet UID 1191183)
MITM BYPASSED (disabled, forwarding packet UID 1191808)
MITM BYPASSED (disabled, forwarding packet UID 1192474)
MITM BYPASSED (disabled, forwarding packet UID 1193044)
MITM BYPASSED (disabled, forwarding packet UID 1193641)
MITM BYPASSED (disabled, forwarding packet UID 1194226)
MITM BYPASSED (disabled, forwarding packet UID 1194756)
MITM BYPASSED (disabled, forwarding packet UID 1195339)
MITM BYPASSED (disabled, forwarding packet UID 1196004)
MITM BYPASSED (disabled, forwarding packet UID 1196647)
MITM BYPASSED (disabled, forwarding packet UID 1197222)
MITM BYPASSED (disabled, forwarding packet UID 1197825)
MITM BYPASSED (disabled, forwarding packet UID 1198435)
MITM BYPASSED (disabled, forwarding packet UID 1199045)
MITM BYPASSED (disabled, forwarding packet UID 1199717)
MITM BYPASSED (disabled, forwarding packet UID 1200241)
MITM BYPASSED (disabled, forwarding packet UID 1200797)
MITM BYPASSED (disabled, forwarding packet UID 1201465)
MITM BYPASSED (disabled, forwarding packet UID 1201942)
MITM BYPASSED (disabled, forwarding packet UID 1202515)
MITM BYPASSED (disabled, forwarding packet UID 1202881)
MITM BYPASSED (disabled, forwarding packet UID 1203538)
MITM BYPASSED (disabled, forwarding packet UID 1204196)
MITM BYPASSED (disabled, forwarding packet UID 1204844)
MITM BYPASSED (disabled, forwarding packet UID 1205437)
MITM BYPASSED (disabled, forwarding packet UID 1205971)
MITM BYPASSED (disabled, forwarding packet UID 1206554)
MITM BYPASSED (disabled, forwarding packet UID 1207128)
MITM BYPASSED (disabled, forwarding packet UID 1207716)
MITM BYPASSED (disabled, forwarding packet UID 1208381)
MITM BYPASSED (disabled, forwarding packet UID 1208952)
MITM BYPASSED (disabled, forwarding packet UID 1209643)
MITM BYPASSED (disabled, forwarding packet UID 1210299)
MITM BYPASSED (disabled, forwarding packet UID 1210803)
MITM BYPASSED (disabled, forwarding packet UID 1211291)
MITM BYPASSED (disabled, forwarding packet UID 1211901)
MITM BYPASSED (disabled, forwarding packet UID 1212552)
MITM BYPASSED (disabled, forwarding packet UID 1213240)
MITM BYPASSED (disabled, forwarding packet UID 1213843)
MITM BYPASSED (disabled, forwarding packet UID 1214451)
MITM BYPASSED (disabled, forwarding packet UID 1215030)
MITM BYPASSED (disabled, forwarding packet UID 1215604)
MITM BYPASSED (disabled, forwarding packet UID 1216122)
MITM BYPASSED (disabled, forwarding packet UID 1216731)
MITM BYPASSED (disabled, forwarding packet UID 1217264)
MITM BYPASSED (disabled, forwarding packet UID 1217661)
MITM BYPASSED (disabled, forwarding packet UID 1218336)
MITM BYPASSED (disabled, forwarding packet UID 1218948)
MITM BYPASSED (disabled, forwarding packet UID 1219646)
MITM BYPASSED (disabled, forwarding packet UID 1220214)
MITM BYPASSED (disabled, forwarding packet UID 1220873)
MITM BYPASSED (disabled, forwarding packet UID 1221465)
MITM BYPASSED (disabled, forwarding packet UID 1222107)
MITM BYPASSED (disabled, forwarding packet UID 1222728)
MITM BYPASSED (disabled, forwarding packet UID 1223378)
MITM BYPASSED (disabled, forwarding packet UID 1223947)
MITM BYPASSED (disabled, forwarding packet UID 1224577)
MITM BYPASSED (disabled, forwarding packet UID 1225149)
MITM BYPASSED (disabled, forwarding packet UID 1225799)
MITM BYPASSED (disabled, forwarding packet UID 1226406)
MITM BYPASSED (disabled, forwarding packet UID 1226999)
MITM BYPASSED (disabled, forwarding packet UID 1227588)
MITM BYPASSED (disabled, forwarding packet UID 1228140)
MITM BYPASSED (disabled, forwarding packet UID 1228805)
MITM BYPASSED (disabled, forwarding packet UID 1229406)
MITM BYPASSED (disabled, forwarding packet UID 1230029)
MITM BYPASSED (disabled, forwarding packet UID 1230631)
MITM BYPASSED (disabled, forwarding packet UID 1231209)
MITM BYPASSED (disabled, forwarding packet UID 1231799)
MITM BYPASSED (disabled, forwarding packet UID 1232294)
MITM BYPASSED (disabled, forwarding packet UID 1232676)
MITM BYPASSED (disabled, forwarding packet UID 1233372)
MITM BYPASSED (disabled, forwarding packet UID 1233887)
MITM BYPASSED (disabled, forwarding packet UID 1234509)
MITM BYPASSED (disabled, forwarding packet UID 1235056)
MITM BYPASSED (disabled, forwarding packet UID 1235679)
MITM BYPASSED (disabled, forwarding packet UID 1236412)
MITM BYPASSED (disabled, forwarding packet UID 1237015)
MITM BYPASSED (disabled, forwarding packet UID 1237540)
MITM BYPASSED (disabled, forwarding packet UID 1238098)
MITM BYPASSED (disabled, forwarding packet UID 1238671)
MITM BYPASSED (disabled, forwarding packet UID 1239275)
MITM BYPASSED (disabled, forwarding packet UID 1239899)
[BluetoothEnergy] time: 20.0000 s, node: 11, state: 0, total_energy: 0.0000 kWh
[QoS Adapt] Flow 1 threat=HIGH newJitter=0.0002 newDelay=0.0015
[QoS Adapt] Flow 2 threat=HIGH newJitter=0.0002 newDelay=0.0015
[QoS Adapt] Flow 5 threat=HIGH newJitter=0.0013 newDelay=0.0102
[QoS Adapt] Flow 6 threat=MEDIUM newJitter=0.0054 newDelay=0.0180
[QoS Adapt] Flow 8 threat=HIGH newJitter=0.0018 newDelay=0.0180

=== EMERGENCY RESPONSE TRIGGERED ===
  Device: WIP  Flow: 8
  wASI: 71.3770 [HIGH]
  Local FL model probability: 0.6679
  ISO/IEC 27005 Risk: High
  ISO 14971 Action: Action | Urgent response
  ISO/IEC 27001 Gap: YES | A.12/A.17 insufficient for real-time availability
  IEC 80001-1 Pillar: Safety
  NHS CAF-DSPT: B - Protecting against cyber-attack
  NHS RAG: Orange (L=4 I=2)
  FDA ALARP Residual Risk Acceptable: No (Probability=4)
  HL7-FHIR Dimension: Data Management Policies; Narrative integrity
  HL7-FHIR Action: Avoidance — immediate FHIR audit trail activation; flow isolation
  Mitigation: Investigate bandwidth/path, QoS, TLS/SSL, routing. Urgent: enable TLS/mutual auth + redundant path + enhanced FL-IDS. URGENT WIP: packet loss threatens dosage accuracy — redundant path mandatory.
====================================

=== EMERGENCY RESPONSE TRIGGERED ===
  Device: WIP  Flow: 8
  wASI: 71.3770 [HIGH]
  Local FL model probability: 0.6679
  ISO/IEC 27005 Risk: High
  ISO 14971 Action: Action | Urgent response
  ISO/IEC 27001 Gap: YES | A.12/A.17 insufficient for real-time availability
  IEC 80001-1 Pillar: Safety
  NHS CAF-DSPT: B - Protecting against cyber-attack
  NHS RAG: Orange (L=4 I=2)
  FDA ALARP Residual Risk Acceptable: No (Probability=4)
  HL7-FHIR Dimension: Data Management Policies; Narrative integrity
  HL7-FHIR Action: Avoidance — immediate FHIR audit trail activation; flow isolation
  Mitigation: Investigate bandwidth/path, QoS, TLS/SSL, routing. Urgent: enable TLS/mutual auth + redundant path + enhanced FL-IDS. URGENT WIP: packet loss threatens dosage accuracy — redundant path mandatory.
====================================

=== EMERGENCY RESPONSE TRIGGERED ===
  Device: WIP  Flow: 8
  wASI: 71.3770 [HIGH]
  Local FL model probability: 0.6679
  ISO/IEC 27005 Risk: High
  ISO 14971 Action: Action | Urgent response
  ISO/IEC 27001 Gap: YES | A.12/A.17 insufficient for real-time availability
  IEC 80001-1 Pillar: Safety
  NHS CAF-DSPT: B - Protecting against cyber-attack
  NHS RAG: Orange (L=4 I=2)
  FDA ALARP Residual Risk Acceptable: No (Probability=4)
  HL7-FHIR Dimension: Data Management Policies; Narrative integrity
  HL7-FHIR Action: Avoidance — immediate FHIR audit trail activation; flow isolation
  Mitigation: Investigate bandwidth/path, QoS, TLS/SSL, routing. Urgent: enable TLS/mutual auth + redundant path + enhanced FL-IDS. URGENT WIP: packet loss threatens dosage accuracy — redundant path mandatory.
====================================

=== EMERGENCY RESPONSE TRIGGERED ===
  Device: WIP  Flow: 8
  wASI: 71.3770 [HIGH]
  Local FL model probability: 0.6679
  ISO/IEC 27005 Risk: High
  ISO 14971 Action: Action | Urgent response
  ISO/IEC 27001 Gap: YES | A.12/A.17 insufficient for real-time availability
  IEC 80001-1 Pillar: Safety
  NHS CAF-DSPT: B - Protecting against cyber-attack
  NHS RAG: Orange (L=4 I=2)
  FDA ALARP Residual Risk Acceptable: No (Probability=4)
  HL7-FHIR Dimension: Data Management Policies; Narrative integrity
  HL7-FHIR Action: Avoidance — immediate FHIR audit trail activation; flow isolation
  Mitigation: Investigate bandwidth/path, QoS, TLS/SSL, routing. Urgent: enable TLS/mutual auth + redundant path + enhanced FL-IDS. URGENT WIP: packet loss threatens dosage accuracy — redundant path mandatory.
====================================

=== EMERGENCY RESPONSE TRIGGERED ===
  Device: WIP  Flow: 8
  wASI: 71.3770 [HIGH]
  Local FL model probability: 0.6679
  ISO/IEC 27005 Risk: High
  ISO 14971 Action: Action | Urgent response
  ISO/IEC 27001 Gap: YES | A.12/A.17 insufficient for real-time availability
  IEC 80001-1 Pillar: Safety
  NHS CAF-DSPT: B - Protecting against cyber-attack
  NHS RAG: Orange (L=4 I=2)
  FDA ALARP Residual Risk Acceptable: No (Probability=4)
  HL7-FHIR Dimension: Data Management Policies; Narrative integrity
  HL7-FHIR Action: Avoidance — immediate FHIR audit trail activation; flow isolation
  Mitigation: Investigate bandwidth/path, QoS, TLS/SSL, routing. Urgent: enable TLS/mutual auth + redundant path + enhanced FL-IDS. URGENT WIP: packet loss threatens dosage accuracy — redundant path mandatory.
====================================
[QoS Adapt] Flow 1 threat=CRITICAL newJitter=0.0000 newDelay=0.0012
[QoS Adapt] Flow 2 threat=CRITICAL newJitter=0.0000 newDelay=0.0012
[QoS Adapt] Flow 6 threat=HIGH newJitter=0.0018 newDelay=0.0180
[QoS Adapt] Flow 7 threat=HIGH newJitter=0.0018 newDelay=0.0180
[FedAvg][WIP] Round 2 complete | mean local training loss=0.7244 | global weights broadcast to 5 nodes
[FedAvg][SHS] Round 2 complete | mean local training loss=0.7349 | global weights broadcast to 4 nodes
[FL-IDS] Federated Learning Round Complete (Real Local-Model + FedAvg):
 Node 0: Federated Local-Model IDS (real per-node SGD + multi-round FedAvg) | trainingSamples=18 | localMLProb=0.6504 | trainAccuracy=0.5000 | anomaly=no
 Node 1: Federated Local-Model IDS (real per-node SGD + multi-round FedAvg) | trainingSamples=18 | localMLProb=0.6504 | trainAccuracy=0.5000 | anomaly=no
 Node 2: Federated Local-Model IDS (real per-node SGD + multi-round FedAvg) | trainingSamples=18 | localMLProb=0.6504 | trainAccuracy=0.5000 | anomaly=no
 Node 3: Federated Local-Model IDS (real per-node SGD + multi-round FedAvg) | trainingSamples=18 | localMLProb=0.6504 | trainAccuracy=0.5000 | anomaly=no
 Node 4: Federated Local-Model IDS (real per-node SGD + multi-round FedAvg) | trainingSamples=18 | localMLProb=0.6504 | trainAccuracy=0.5000 | anomaly=no
 Node 5: Federated Local-Model IDS (real per-node SGD + multi-round FedAvg) | trainingSamples=18 | localMLProb=0.6601 | trainAccuracy=0.5000 | anomaly=no
 Node 6: Federated Local-Model IDS (real per-node SGD + multi-round FedAvg) | trainingSamples=18 | localMLProb=0.6601 | trainAccuracy=0.5000 | anomaly=no
 Node 7: Federated Local-Model IDS (real per-node SGD + multi-round FedAvg) | trainingSamples=18 | localMLProb=0.6601 | trainAccuracy=0.5000 | anomaly=no
 Node 8: Federated Local-Model IDS (real per-node SGD + multi-round FedAvg) | trainingSamples=18 | localMLProb=0.6601 | trainAccuracy=0.5000 | anomaly=no
WIP FedAvg round=2 globalLoss=0.7244 | SHS FedAvg round=2 globalLoss=0.7349
MITM DISABLED for recovery!
Node 0 detected anomaly (MITM) via trained local FL model - triggering in-sim recovery
Node 1 detected anomaly (MITM) via trained local FL model - triggering in-sim recovery
Node 2 detected anomaly (MITM) via trained local FL model - triggering in-sim recovery
Node 3 detected anomaly (MITM) via trained local FL model - triggering in-sim recovery
Node 4 detected anomaly (MITM) via trained local FL model - triggering in-sim recovery
Node 5 detected anomaly (MITM) via trained local FL model - triggering in-sim recovery
Node 6 detected anomaly (MITM) via trained local FL model - triggering in-sim recovery
Node 7 detected anomaly (MITM) via trained local FL model - triggering in-sim recovery
Node 8 detected anomaly (MITM) via trained local FL model - triggering in-sim recovery
[Retransmit] Called for flowId: 1, nodeIdx: 0
[Retransmit] Total retransmitted for flow 1: 0
[Retransmit] Called for flowId: 2, nodeIdx: 1
[Retransmit] Total retransmitted for flow 2: 0
[Retransmit] Called for flowId: 3, nodeIdx: 2
[Retransmit] Total retransmitted for flow 3: 0
[Retransmit] Called for flowId: 4, nodeIdx: 3
[Retransmit] Total retransmitted for flow 4: 0
[Retransmit] Called for flowId: 5, nodeIdx: 4
[Retransmit] Total retransmitted for flow 5: 0
[Retransmit] Called for flowId: 6, nodeIdx: 5
[Retransmit] Total retransmitted for flow 6: 0
[Retransmit] Called for flowId: 7, nodeIdx: 6
[Retransmit] Total retransmitted for flow 7: 0
[Retransmit] Called for flowId: 8, nodeIdx: 7
[Retransmit] Total retransmitted for flow 8: 0
[Retransmit] Called for flowId: 9, nodeIdx: 8
[Retransmit] Total retransmitted for flow 9: 0
MITM BYPASSED (disabled, forwarding packet UID 1240516)
[BluetoothEnergy] time: 20.2000 s, node: 11, state: 1, total_energy: 0.0000 kWh
MITM BYPASSED (disabled, forwarding packet UID 1241405)
MITM BYPASSED (disabled, forwarding packet UID 1241975)
MITM BYPASSED (disabled, forwarding packet UID 1242586)
MITM BYPASSED (disabled, forwarding packet UID 1243174)
MITM BYPASSED (disabled, forwarding packet UID 1243812)
MITM BYPASSED (disabled, forwarding packet UID 1244407)
MITM BYPASSED (disabled, forwarding packet UID 1245029)
MITM BYPASSED (disabled, forwarding packet UID 1245585)
MITM BYPASSED (disabled, forwarding packet UID 1246242)
MITM BYPASSED (disabled, forwarding packet UID 1246799)
MITM BYPASSED (disabled, forwarding packet UID 1247381)
MITM BYPASSED (disabled, forwarding packet UID 1248001)
MITM BYPASSED (disabled, forwarding packet UID 1248634)
MITM BYPASSED (disabled, forwarding packet UID 1249256)
MITM BYPASSED (disabled, forwarding packet UID 1249861)
MITM BYPASSED (disabled, forwarding packet UID 1250474)
MITM BYPASSED (disabled, forwarding packet UID 1251073)
MITM BYPASSED (disabled, forwarding packet UID 1251481)
MITM BYPASSED (disabled, forwarding packet UID 1252042)
MITM BYPASSED (disabled, forwarding packet UID 1252671)
MITM BYPASSED (disabled, forwarding packet UID 1253331)
MITM BYPASSED (disabled, forwarding packet UID 1253973)
MITM BYPASSED (disabled, forwarding packet UID 1254557)
MITM BYPASSED (disabled, forwarding packet UID 1255173)
MITM BYPASSED (disabled, forwarding packet UID 1255806)
MITM BYPASSED (disabled, forwarding packet UID 1256435)
MITM BYPASSED (disabled, forwarding packet UID 1257086)
MITM BYPASSED (disabled, forwarding packet UID 1257593)
MITM BYPASSED (disabled, forwarding packet UID 1258193)
MITM BYPASSED (disabled, forwarding packet UID 1258813)
MITM BYPASSED (disabled, forwarding packet UID 1259352)
MITM BYPASSED (disabled, forwarding packet UID 1259917)
MITM BYPASSED (disabled, forwarding packet UID 1260436)
MITM BYPASSED (disabled, forwarding packet UID 1261067)
MITM BYPASSED (disabled, forwarding packet UID 1261665)
MITM BYPASSED (disabled, forwarding packet UID 1262347)
MITM BYPASSED (disabled, forwarding packet UID 1262915)
MITM BYPASSED (disabled, forwarding packet UID 1263498)
MITM BYPASSED (disabled, forwarding packet UID 1264070)
MITM BYPASSED (disabled, forwarding packet UID 1264667)
MITM BYPASSED (disabled, forwarding packet UID 1265296)
MITM BYPASSED (disabled, forwarding packet UID 1265800)
MITM BYPASSED (disabled, forwarding packet UID 1266264)
MITM BYPASSED (disabled, forwarding packet UID 1266956)
MITM BYPASSED (disabled, forwarding packet UID 1267560)
MITM BYPASSED (disabled, forwarding packet UID 1268134)
MITM BYPASSED (disabled, forwarding packet UID 1268765)
MITM BYPASSED (disabled, forwarding packet UID 1269418)
MITM BYPASSED (disabled, forwarding packet UID 1270045)
MITM BYPASSED (disabled, forwarding packet UID 1270650)
MITM BYPASSED (disabled, forwarding packet UID 1271271)
MITM BYPASSED (disabled, forwarding packet UID 1271781)
MITM BYPASSED (disabled, forwarding packet UID 1272378)
MITM BYPASSED (disabled, forwarding packet UID 1272974)
MITM BYPASSED (disabled, forwarding packet UID 1273611)
MITM BYPASSED (disabled, forwarding packet UID 1274262)
MITM BYPASSED (disabled, forwarding packet UID 1274827)
MITM BYPASSED (disabled, forwarding packet UID 1275463)
MITM BYPASSED (disabled, forwarding packet UID 1276072)
MITM BYPASSED (disabled, forwarding packet UID 1276630)
MITM BYPASSED (disabled, forwarding packet UID 1277256)
MITM BYPASSED (disabled, forwarding packet UID 1277864)
MITM BYPASSED (disabled, forwarding packet UID 1278542)
MITM BYPASSED (disabled, forwarding packet UID 1279173)
MITM BYPASSED (disabled, forwarding packet UID 1279748)
MITM BYPASSED (disabled, forwarding packet UID 1280379)
MITM BYPASSED (disabled, forwarding packet UID 1280841)
MITM BYPASSED (disabled, forwarding packet UID 1281241)
MITM BYPASSED (disabled, forwarding packet UID 1281870)
MITM BYPASSED (disabled, forwarding packet UID 1282490)
MITM BYPASSED (disabled, forwarding packet UID 1283128)
MITM BYPASSED (disabled, forwarding packet UID 1283668)
MITM BYPASSED (disabled, forwarding packet UID 1284247)
MITM BYPASSED (disabled, forwarding packet UID 1284844)
MITM BYPASSED (disabled, forwarding packet UID 1285512)
MITM BYPASSED (disabled, forwarding packet UID 1286071)
MITM BYPASSED (disabled, forwarding packet UID 1286636)
MITM BYPASSED (disabled, forwarding packet UID 1287295)
MITM BYPASSED (disabled, forwarding packet UID 1287862)
MITM BYPASSED (disabled, forwarding packet UID 1288434)
MITM BYPASSED (disabled, forwarding packet UID 1289035)
MITM BYPASSED (disabled, forwarding packet UID 1289669)
MITM BYPASSED (disabled, forwarding packet UID 1290265)
MITM BYPASSED (disabled, forwarding packet UID 1290811)
MITM BYPASSED (disabled, forwarding packet UID 1291391)
MITM BYPASSED (disabled, forwarding packet UID 1291908)
MITM BYPASSED (disabled, forwarding packet UID 1292510)
MITM BYPASSED (disabled, forwarding packet UID 1293195)
MITM BYPASSED (disabled, forwarding packet UID 1293707)
MITM BYPASSED (disabled, forwarding packet UID 1294322)
MITM BYPASSED (disabled, forwarding packet UID 1294975)
MITM BYPASSED (disabled, forwarding packet UID 1295519)
MITM BYPASSED (disabled, forwarding packet UID 1295914)
MITM BYPASSED (disabled, forwarding packet UID 1296496)
MITM BYPASSED (disabled, forwarding packet UID 1297167)
MITM BYPASSED (disabled, forwarding packet UID 1297616)
MITM BYPASSED (disabled, forwarding packet UID 1298306)
MITM BYPASSED (disabled, forwarding packet UID 1298933)
MITM BYPASSED (disabled, forwarding packet UID 1299246)
MITM BYPASSED (disabled, forwarding packet UID 1299975)
MITM BYPASSED (disabled, forwarding packet UID 1300596)
MITM BYPASSED (disabled, forwarding packet UID 1301153)
MITM BYPASSED (disabled, forwarding packet UID 1301738)
MITM BYPASSED (disabled, forwarding packet UID 1302343)
MITM BYPASSED (disabled, forwarding packet UID 1302911)
MITM BYPASSED (disabled, forwarding packet UID 1303592)
MITM BYPASSED (disabled, forwarding packet UID 1304241)
MITM BYPASSED (disabled, forwarding packet UID 1304844)
MITM BYPASSED (disabled, forwarding packet UID 1305339)
MITM BYPASSED (disabled, forwarding packet UID 1305968)
MITM BYPASSED (disabled, forwarding packet UID 1306552)
MITM BYPASSED (disabled, forwarding packet UID 1307163)
MITM BYPASSED (disabled, forwarding packet UID 1307795)
MITM BYPASSED (disabled, forwarding packet UID 1308250)
MITM BYPASSED (disabled, forwarding packet UID 1308888)
MITM BYPASSED (disabled, forwarding packet UID 1309462)
MITM BYPASSED (disabled, forwarding packet UID 1310098)
MITM BYPASSED (disabled, forwarding packet UID 1310527)
MITM BYPASSED (disabled, forwarding packet UID 1311172)
MITM BYPASSED (disabled, forwarding packet UID 1311800)
MITM BYPASSED (disabled, forwarding packet UID 1312480)
MITM BYPASSED (disabled, forwarding packet UID 1313061)
MITM BYPASSED (disabled, forwarding packet UID 1313621)
MITM BYPASSED (disabled, forwarding packet UID 1314198)
MITM BYPASSED (disabled, forwarding packet UID 1314750)
MITM BYPASSED (disabled, forwarding packet UID 1315301)
MITM BYPASSED (disabled, forwarding packet UID 1315926)
MITM BYPASSED (disabled, forwarding packet UID 1316594)
MITM BYPASSED (disabled, forwarding packet UID 1317233)
MITM BYPASSED (disabled, forwarding packet UID 1317826)
MITM BYPASSED (disabled, forwarding packet UID 1318448)
MITM BYPASSED (disabled, forwarding packet UID 1319051)
MITM BYPASSED (disabled, forwarding packet UID 1319634)
MITM BYPASSED (disabled, forwarding packet UID 1320248)
MITM BYPASSED (disabled, forwarding packet UID 1320847)
MITM BYPASSED (disabled, forwarding packet UID 1321359)
MITM BYPASSED (disabled, forwarding packet UID 1321880)
MITM BYPASSED (disabled, forwarding packet UID 1322451)
MITM BYPASSED (disabled, forwarding packet UID 1323051)
MITM BYPASSED (disabled, forwarding packet UID 1323672)
MITM BYPASSED (disabled, forwarding packet UID 1324311)
MITM BYPASSED (disabled, forwarding packet UID 1324914)
MITM BYPASSED (disabled, forwarding packet UID 1325372)
MITM BYPASSED (disabled, forwarding packet UID 1326051)
MITM BYPASSED (disabled, forwarding packet UID 1326745)
MITM BYPASSED (disabled, forwarding packet UID 1327381)
MITM BYPASSED (disabled, forwarding packet UID 1327916)
MITM BYPASSED (disabled, forwarding packet UID 1328454)
MITM BYPASSED (disabled, forwarding packet UID 1329085)
MITM BYPASSED (disabled, forwarding packet UID 1329604)
MITM BYPASSED (disabled, forwarding packet UID 1330225)
MITM BYPASSED (disabled, forwarding packet UID 1330888)
MITM BYPASSED (disabled, forwarding packet UID 1331535)
MITM BYPASSED (disabled, forwarding packet UID 1332130)
MITM BYPASSED (disabled, forwarding packet UID 1332738)
MITM BYPASSED (disabled, forwarding packet UID 1333341)
MITM BYPASSED (disabled, forwarding packet UID 1333943)
MITM BYPASSED (disabled, forwarding packet UID 1334545)
MITM BYPASSED (disabled, forwarding packet UID 1335066)
MITM BYPASSED (disabled, forwarding packet UID 1335681)
MITM BYPASSED (disabled, forwarding packet UID 1336300)
MITM BYPASSED (disabled, forwarding packet UID 1336802)
MITM BYPASSED (disabled, forwarding packet UID 1337372)
MITM BYPASSED (disabled, forwarding packet UID 1338080)
MITM BYPASSED (disabled, forwarding packet UID 1338722)
MITM BYPASSED (disabled, forwarding packet UID 1339369)
MITM BYPASSED (disabled, forwarding packet UID 1339935)
MITM BYPASSED (disabled, forwarding packet UID 1340256)
MITM BYPASSED (disabled, forwarding packet UID 1340887)
MITM BYPASSED (disabled, forwarding packet UID 1341542)
MITM BYPASSED (disabled, forwarding packet UID 1342158)
MITM BYPASSED (disabled, forwarding packet UID 1342823)
MITM BYPASSED (disabled, forwarding packet UID 1343390)
MITM BYPASSED (disabled, forwarding packet UID 1343960)
MITM BYPASSED (disabled, forwarding packet UID 1344621)
MITM BYPASSED (disabled, forwarding packet UID 1345214)
MITM BYPASSED (disabled, forwarding packet UID 1345858)
MITM BYPASSED (disabled, forwarding packet UID 1346467)
MITM BYPASSED (disabled, forwarding packet UID 1347064)
MITM BYPASSED (disabled, forwarding packet UID 1347677)
MITM BYPASSED (disabled, forwarding packet UID 1348194)
MITM BYPASSED (disabled, forwarding packet UID 1348759)
MITM BYPASSED (disabled, forwarding packet UID 1349378)
MITM BYPASSED (disabled, forwarding packet UID 1349942)
MITM BYPASSED (disabled, forwarding packet UID 1350516)
MITM BYPASSED (disabled, forwarding packet UID 1351028)
MITM BYPASSED (disabled, forwarding packet UID 1351680)
MITM BYPASSED (disabled, forwarding packet UID 1352330)
MITM BYPASSED (disabled, forwarding packet UID 1352985)
MITM BYPASSED (disabled, forwarding packet UID 1353551)
MITM BYPASSED (disabled, forwarding packet UID 1354121)
MITM BYPASSED (disabled, forwarding packet UID 1354760)
MITM BYPASSED (disabled, forwarding packet UID 1355192)
MITM BYPASSED (disabled, forwarding packet UID 1355816)
MITM BYPASSED (disabled, forwarding packet UID 1356459)
MITM BYPASSED (disabled, forwarding packet UID 1357107)
MITM BYPASSED (disabled, forwarding packet UID 1357743)
MITM BYPASSED (disabled, forwarding packet UID 1358326)
MITM BYPASSED (disabled, forwarding packet UID 1358959)
MITM BYPASSED (disabled, forwarding packet UID 1359578)
MITM BYPASSED (disabled, forwarding packet UID 1360153)
MITM BYPASSED (disabled, forwarding packet UID 1360805)
MITM BYPASSED (disabled, forwarding packet UID 1361335)
MITM BYPASSED (disabled, forwarding packet UID 1362027)
MITM BYPASSED (disabled, forwarding packet UID 1362634)
MITM BYPASSED (disabled, forwarding packet UID 1363218)
MITM BYPASSED (disabled, forwarding packet UID 1363901)
MITM BYPASSED (disabled, forwarding packet UID 1364499)
MITM BYPASSED (disabled, forwarding packet UID 1365095)
MITM BYPASSED (disabled, forwarding packet UID 1365698)
MITM BYPASSED (disabled, forwarding packet UID 1366317)
MITM BYPASSED (disabled, forwarding packet UID 1366903)
MITM BYPASSED (disabled, forwarding packet UID 1367535)
MITM BYPASSED (disabled, forwarding packet UID 1368166)
MITM BYPASSED (disabled, forwarding packet UID 1368764)
MITM BYPASSED (disabled, forwarding packet UID 1369342)
MITM BYPASSED (disabled, forwarding packet UID 1369779)
MITM BYPASSED (disabled, forwarding packet UID 1370135)
MITM BYPASSED (disabled, forwarding packet UID 1370883)
MITM BYPASSED (disabled, forwarding packet UID 1371477)
MITM BYPASSED (disabled, forwarding packet UID 1372123)
MITM BYPASSED (disabled, forwarding packet UID 1372708)
MITM BYPASSED (disabled, forwarding packet UID 1373343)
MITM BYPASSED (disabled, forwarding packet UID 1373861)
MITM BYPASSED (disabled, forwarding packet UID 1374490)
MITM BYPASSED (disabled, forwarding packet UID 1375151)
MITM BYPASSED (disabled, forwarding packet UID 1375753)
MITM BYPASSED (disabled, forwarding packet UID 1376269)
MITM BYPASSED (disabled, forwarding packet UID 1376909)
MITM BYPASSED (disabled, forwarding packet UID 1377481)
MITM BYPASSED (disabled, forwarding packet UID 1378149)
MITM BYPASSED (disabled, forwarding packet UID 1378707)
MITM BYPASSED (disabled, forwarding packet UID 1379264)
MITM BYPASSED (disabled, forwarding packet UID 1379857)
MITM BYPASSED (disabled, forwarding packet UID 1380492)
MITM BYPASSED (disabled, forwarding packet UID 1381167)
MITM BYPASSED (disabled, forwarding packet UID 1381765)
MITM BYPASSED (disabled, forwarding packet UID 1382359)
MITM BYPASSED (disabled, forwarding packet UID 1382941)
MITM BYPASSED (disabled, forwarding packet UID 1383534)
MITM BYPASSED (disabled, forwarding packet UID 1384107)
MITM BYPASSED (disabled, forwarding packet UID 1384751)
MITM BYPASSED (disabled, forwarding packet UID 1385129)
MITM BYPASSED (disabled, forwarding packet UID 1385764)
MITM BYPASSED (disabled, forwarding packet UID 1386675)
MITM BYPASSED (disabled, forwarding packet UID 1387304)
MITM BYPASSED (disabled, forwarding packet UID 1387876)
MITM BYPASSED (disabled, forwarding packet UID 1388487)
MITM BYPASSED (disabled, forwarding packet UID 1388930)
MITM BYPASSED (disabled, forwarding packet UID 1389505)
MITM BYPASSED (disabled, forwarding packet UID 1390110)
MITM BYPASSED (disabled, forwarding packet UID 1390738)
MITM BYPASSED (disabled, forwarding packet UID 1391340)
MITM BYPASSED (disabled, forwarding packet UID 1391978)
MITM BYPASSED (disabled, forwarding packet UID 1392600)
MITM BYPASSED (disabled, forwarding packet UID 1393152)
MITM BYPASSED (disabled, forwarding packet UID 1393758)
MITM BYPASSED (disabled, forwarding packet UID 1394269)
MITM BYPASSED (disabled, forwarding packet UID 1394861)
MITM BYPASSED (disabled, forwarding packet UID 1395418)
MITM BYPASSED (disabled, forwarding packet UID 1396120)
MITM BYPASSED (disabled, forwarding packet UID 1396664)
MITM BYPASSED (disabled, forwarding packet UID 1397292)
MITM BYPASSED (disabled, forwarding packet UID 1397892)
MITM BYPASSED (disabled, forwarding packet UID 1398380)
MITM BYPASSED (disabled, forwarding packet UID 1398983)
MITM BYPASSED (disabled, forwarding packet UID 1399575)
MITM BYPASSED (disabled, forwarding packet UID 1400153)
MITM BYPASSED (disabled, forwarding packet UID 1400737)
MITM BYPASSED (disabled, forwarding packet UID 1401364)
MITM BYPASSED (disabled, forwarding packet UID 1401958)
MITM BYPASSED (disabled, forwarding packet UID 1402532)
MITM BYPASSED (disabled, forwarding packet UID 1403043)
MITM BYPASSED (disabled, forwarding packet UID 1403542)
MITM BYPASSED (disabled, forwarding packet UID 1404202)
MITM BYPASSED (disabled, forwarding packet UID 1404817)
MITM BYPASSED (disabled, forwarding packet UID 1405422)
MITM BYPASSED (disabled, forwarding packet UID 1405973)
MITM BYPASSED (disabled, forwarding packet UID 1406551)
MITM BYPASSED (disabled, forwarding packet UID 1407147)
MITM BYPASSED (disabled, forwarding packet UID 1407681)
MITM BYPASSED (disabled, forwarding packet UID 1408351)
MITM BYPASSED (disabled, forwarding packet UID 1408946)
MITM BYPASSED (disabled, forwarding packet UID 1409584)
MITM BYPASSED (disabled, forwarding packet UID 1410161)
MITM BYPASSED (disabled, forwarding packet UID 1410849)
MITM BYPASSED (disabled, forwarding packet UID 1411434)
MITM BYPASSED (disabled, forwarding packet UID 1412006)
MITM BYPASSED (disabled, forwarding packet UID 1412541)
MITM BYPASSED (disabled, forwarding packet UID 1413147)
MITM BYPASSED (disabled, forwarding packet UID 1413806)
MITM BYPASSED (disabled, forwarding packet UID 1414505)
MITM BYPASSED (disabled, forwarding packet UID 1415102)
MITM BYPASSED (disabled, forwarding packet UID 1415751)
MITM BYPASSED (disabled, forwarding packet UID 1416249)
MITM BYPASSED (disabled, forwarding packet UID 1416759)
MITM BYPASSED (disabled, forwarding packet UID 1417479)
MITM BYPASSED (disabled, forwarding packet UID 1417936)
MITM BYPASSED (disabled, forwarding packet UID 1418440)
MITM BYPASSED (disabled, forwarding packet UID 1419117)
MITM BYPASSED (disabled, forwarding packet UID 1419736)
MITM BYPASSED (disabled, forwarding packet UID 1420318)
MITM BYPASSED (disabled, forwarding packet UID 1420994)
MITM BYPASSED (disabled, forwarding packet UID 1421589)
MITM BYPASSED (disabled, forwarding packet UID 1422139)
MITM BYPASSED (disabled, forwarding packet UID 1422677)
MITM BYPASSED (disabled, forwarding packet UID 1423328)
MITM BYPASSED (disabled, forwarding packet UID 1423976)
MITM BYPASSED (disabled, forwarding packet UID 1424679)
MITM BYPASSED (disabled, forwarding packet UID 1425348)
MITM BYPASSED (disabled, forwarding packet UID 1425834)
MITM BYPASSED (disabled, forwarding packet UID 1426391)
MITM BYPASSED (disabled, forwarding packet UID 1426993)
MITM BYPASSED (disabled, forwarding packet UID 1427490)
MITM BYPASSED (disabled, forwarding packet UID 1428104)
MITM BYPASSED (disabled, forwarding packet UID 1428782)
MITM BYPASSED (disabled, forwarding packet UID 1429342)
MITM BYPASSED (disabled, forwarding packet UID 1430009)
MITM BYPASSED (disabled, forwarding packet UID 1430593)
MITM BYPASSED (disabled, forwarding packet UID 1431188)
MITM BYPASSED (disabled, forwarding packet UID 1431778)
MITM BYPASSED (disabled, forwarding packet UID 1432405)
MITM BYPASSED (disabled, forwarding packet UID 1432966)
MITM BYPASSED (disabled, forwarding packet UID 1433300)
MITM BYPASSED (disabled, forwarding packet UID 1433882)
MITM BYPASSED (disabled, forwarding packet UID 1434567)
MITM BYPASSED (disabled, forwarding packet UID 1435206)
MITM BYPASSED (disabled, forwarding packet UID 1435817)
MITM BYPASSED (disabled, forwarding packet UID 1436371)
MITM BYPASSED (disabled, forwarding packet UID 1436913)
MITM BYPASSED (disabled, forwarding packet UID 1437644)
MITM BYPASSED (disabled, forwarding packet UID 1438188)
MITM BYPASSED (disabled, forwarding packet UID 1438807)
MITM BYPASSED (disabled, forwarding packet UID 1439382)
MITM BYPASSED (disabled, forwarding packet UID 1439950)
MITM BYPASSED (disabled, forwarding packet UID 1440570)
MITM BYPASSED (disabled, forwarding packet UID 1441180)
MITM BYPASSED (disabled, forwarding packet UID 1441706)
MITM BYPASSED (disabled, forwarding packet UID 1442239)
MITM BYPASSED (disabled, forwarding packet UID 1442925)
MITM BYPASSED (disabled, forwarding packet UID 1443499)
MITM BYPASSED (disabled, forwarding packet UID 1444107)
MITM BYPASSED (disabled, forwarding packet UID 1444720)
MITM BYPASSED (disabled, forwarding packet UID 1445313)
MITM BYPASSED (disabled, forwarding packet UID 1445888)
MITM BYPASSED (disabled, forwarding packet UID 1446412)
MITM BYPASSED (disabled, forwarding packet UID 1447005)
MITM BYPASSED (disabled, forwarding packet UID 1447491)
MITM BYPASSED (disabled, forwarding packet UID 1448021)
MITM BYPASSED (disabled, forwarding packet UID 1448744)
MITM BYPASSED (disabled, forwarding packet UID 1449346)
MITM BYPASSED (disabled, forwarding packet UID 1449933)
MITM BYPASSED (disabled, forwarding packet UID 1450490)
MITM BYPASSED (disabled, forwarding packet UID 1451150)
MITM BYPASSED (disabled, forwarding packet UID 1451731)
MITM BYPASSED (disabled, forwarding packet UID 1452384)
MITM BYPASSED (disabled, forwarding packet UID 1452851)
MITM BYPASSED (disabled, forwarding packet UID 1453430)
MITM BYPASSED (disabled, forwarding packet UID 1453892)
MITM BYPASSED (disabled, forwarding packet UID 1454551)
MITM BYPASSED (disabled, forwarding packet UID 1455231)
MITM BYPASSED (disabled, forwarding packet UID 1455889)
MITM BYPASSED (disabled, forwarding packet UID 1456498)
MITM BYPASSED (disabled, forwarding packet UID 1457096)
MITM BYPASSED (disabled, forwarding packet UID 1457597)
MITM BYPASSED (disabled, forwarding packet UID 1458255)
MITM BYPASSED (disabled, forwarding packet UID 1458804)
MITM BYPASSED (disabled, forwarding packet UID 1459418)
MITM BYPASSED (disabled, forwarding packet UID 1459969)
MITM BYPASSED (disabled, forwarding packet UID 1460530)
MITM BYPASSED (disabled, forwarding packet UID 1461217)
MITM BYPASSED (disabled, forwarding packet UID 1461903)
MITM BYPASSED (disabled, forwarding packet UID 1462481)
MITM BYPASSED (disabled, forwarding packet UID 1462964)
MITM BYPASSED (disabled, forwarding packet UID 1463503)
MITM BYPASSED (disabled, forwarding packet UID 1464042)
MITM BYPASSED (disabled, forwarding packet UID 1464601)
MITM BYPASSED (disabled, forwarding packet UID 1465210)
MITM BYPASSED (disabled, forwarding packet UID 1465812)
MITM BYPASSED (disabled, forwarding packet UID 1466421)
MITM BYPASSED (disabled, forwarding packet UID 1467076)
MITM BYPASSED (disabled, forwarding packet UID 1467599)
MITM BYPASSED (disabled, forwarding packet UID 1468168)
MITM BYPASSED (disabled, forwarding packet UID 1468789)
MITM BYPASSED (disabled, forwarding packet UID 1469433)
MITM BYPASSED (disabled, forwarding packet UID 1470002)
MITM BYPASSED (disabled, forwarding packet UID 1470590)
MITM BYPASSED (disabled, forwarding packet UID 1471196)
MITM BYPASSED (disabled, forwarding packet UID 1471687)
MITM BYPASSED (disabled, forwarding packet UID 1472235)
MITM BYPASSED (disabled, forwarding packet UID 1472787)
MITM BYPASSED (disabled, forwarding packet UID 1473434)
MITM BYPASSED (disabled, forwarding packet UID 1474107)
MITM BYPASSED (disabled, forwarding packet UID 1474746)
MITM BYPASSED (disabled, forwarding packet UID 1475379)
MITM BYPASSED (disabled, forwarding packet UID 1475881)
MITM BYPASSED (disabled, forwarding packet UID 1476559)
MITM BYPASSED (disabled, forwarding packet UID 1477131)
MITM BYPASSED (disabled, forwarding packet UID 1477529)
MITM BYPASSED (disabled, forwarding packet UID 1478095)
MITM BYPASSED (disabled, forwarding packet UID 1478737)
MITM BYPASSED (disabled, forwarding packet UID 1479316)
MITM BYPASSED (disabled, forwarding packet UID 1479937)
MITM BYPASSED (disabled, forwarding packet UID 1480588)
MITM BYPASSED (disabled, forwarding packet UID 1481261)
MITM BYPASSED (disabled, forwarding packet UID 1481877)
MITM BYPASSED (disabled, forwarding packet UID 1482518)
MITM BYPASSED (disabled, forwarding packet UID 1483147)
MITM BYPASSED (disabled, forwarding packet UID 1483702)
MITM BYPASSED (disabled, forwarding packet UID 1484311)
MITM BYPASSED (disabled, forwarding packet UID 1484957)
MITM BYPASSED (disabled, forwarding packet UID 1485590)
MITM BYPASSED (disabled, forwarding packet UID 1486191)
MITM BYPASSED (disabled, forwarding packet UID 1486784)
MITM BYPASSED (disabled, forwarding packet UID 1487369)
MITM BYPASSED (disabled, forwarding packet UID 1487945)
MITM BYPASSED (disabled, forwarding packet UID 1488573)
MITM BYPASSED (disabled, forwarding packet UID 1489213)
MITM BYPASSED (disabled, forwarding packet UID 1489765)
MITM BYPASSED (disabled, forwarding packet UID 1490386)
MITM BYPASSED (disabled, forwarding packet UID 1490998)
MITM BYPASSED (disabled, forwarding packet UID 1491598)
MITM BYPASSED (disabled, forwarding packet UID 1492193)
MITM BYPASSED (disabled, forwarding packet UID 1492620)
MITM BYPASSED (disabled, forwarding packet UID 1493238)
MITM BYPASSED (disabled, forwarding packet UID 1493860)
MITM BYPASSED (disabled, forwarding packet UID 1494494)
MITM BYPASSED (disabled, forwarding packet UID 1495047)
MITM BYPASSED (disabled, forwarding packet UID 1495607)
MITM BYPASSED (disabled, forwarding packet UID 1496298)
MITM BYPASSED (disabled, forwarding packet UID 1496889)
MITM BYPASSED (disabled, forwarding packet UID 1497540)
MITM BYPASSED (disabled, forwarding packet UID 1498189)
MITM BYPASSED (disabled, forwarding packet UID 1498743)
MITM BYPASSED (disabled, forwarding packet UID 1499219)
MITM BYPASSED (disabled, forwarding packet UID 1499909)
MITM BYPASSED (disabled, forwarding packet UID 1500543)
MITM BYPASSED (disabled, forwarding packet UID 1501034)
MITM BYPASSED (disabled, forwarding packet UID 1501625)
MITM BYPASSED (disabled, forwarding packet UID 1502304)
MITM BYPASSED (disabled, forwarding packet UID 1502905)
MITM BYPASSED (disabled, forwarding packet UID 1503489)
MITM BYPASSED (disabled, forwarding packet UID 1504097)
MITM BYPASSED (disabled, forwarding packet UID 1504689)
MITM BYPASSED (disabled, forwarding packet UID 1505251)
MITM BYPASSED (disabled, forwarding packet UID 1505824)
MITM BYPASSED (disabled, forwarding packet UID 1506449)
MITM BYPASSED (disabled, forwarding packet UID 1507026)
MITM BYPASSED (disabled, forwarding packet UID 1507492)
MITM BYPASSED (disabled, forwarding packet UID 1508207)
MITM BYPASSED (disabled, forwarding packet UID 1508824)
MITM BYPASSED (disabled, forwarding packet UID 1509380)
MITM BYPASSED (disabled, forwarding packet UID 1509988)
MITM BYPASSED (disabled, forwarding packet UID 1510591)
MITM BYPASSED (disabled, forwarding packet UID 1511206)
MITM BYPASSED (disabled, forwarding packet UID 1511834)
MITM BYPASSED (disabled, forwarding packet UID 1512376)
MITM BYPASSED (disabled, forwarding packet UID 1513034)
MITM BYPASSED (disabled, forwarding packet UID 1513658)
MITM BYPASSED (disabled, forwarding packet UID 1514257)
MITM BYPASSED (disabled, forwarding packet UID 1514900)
MITM BYPASSED (disabled, forwarding packet UID 1515515)
MITM BYPASSED (disabled, forwarding packet UID 1516068)
MITM BYPASSED (disabled, forwarding packet UID 1516745)
MITM BYPASSED (disabled, forwarding packet UID 1517341)
MITM BYPASSED (disabled, forwarding packet UID 1517910)
MITM BYPASSED (disabled, forwarding packet UID 1518489)
MITM BYPASSED (disabled, forwarding packet UID 1519164)
MITM BYPASSED (disabled, forwarding packet UID 1519747)
MITM BYPASSED (disabled, forwarding packet UID 1520344)
MITM BYPASSED (disabled, forwarding packet UID 1520932)
MITM BYPASSED (disabled, forwarding packet UID 1521508)
MITM BYPASSED (disabled, forwarding packet UID 1522083)
MITM BYPASSED (disabled, forwarding packet UID 1522539)
MITM BYPASSED (disabled, forwarding packet UID 1523039)
MITM BYPASSED (disabled, forwarding packet UID 1523755)
MITM BYPASSED (disabled, forwarding packet UID 1524328)
MITM BYPASSED (disabled, forwarding packet UID 1524964)
MITM BYPASSED (disabled, forwarding packet UID 1525508)
MITM BYPASSED (disabled, forwarding packet UID 1526162)
MITM BYPASSED (disabled, forwarding packet UID 1526807)
MITM BYPASSED (disabled, forwarding packet UID 1527381)
MITM BYPASSED (disabled, forwarding packet UID 1527929)
MITM BYPASSED (disabled, forwarding packet UID 1528543)
MITM BYPASSED (disabled, forwarding packet UID 1529211)
MITM BYPASSED (disabled, forwarding packet UID 1529804)
MITM BYPASSED (disabled, forwarding packet UID 1530418)
MITM BYPASSED (disabled, forwarding packet UID 1530988)
[BluetoothEnergy] time: 25.0000 s, node: 11, state: 0, total_energy: 0.0000 kWh
MITM BYPASSED (disabled, forwarding packet UID 1531823)
MITM BYPASSED (disabled, forwarding packet UID 1532429)
MITM BYPASSED (disabled, forwarding packet UID 1533018)
MITM BYPASSED (disabled, forwarding packet UID 1533611)
MITM BYPASSED (disabled, forwarding packet UID 1534244)
MITM BYPASSED (disabled, forwarding packet UID 1534850)
MITM BYPASSED (disabled, forwarding packet UID 1535447)
MITM BYPASSED (disabled, forwarding packet UID 1536034)
MITM BYPASSED (disabled, forwarding packet UID 1536638)
MITM BYPASSED (disabled, forwarding packet UID 1537281)
MITM BYPASSED (disabled, forwarding packet UID 1537850)
MITM BYPASSED (disabled, forwarding packet UID 1538460)
MITM BYPASSED (disabled, forwarding packet UID 1539031)
MITM BYPASSED (disabled, forwarding packet UID 1539693)
MITM BYPASSED (disabled, forwarding packet UID 1540315)
MITM BYPASSED (disabled, forwarding packet UID 1540754)
MITM BYPASSED (disabled, forwarding packet UID 1541277)
MITM BYPASSED (disabled, forwarding packet UID 1541930)
MITM BYPASSED (disabled, forwarding packet UID 1542575)
MITM BYPASSED (disabled, forwarding packet UID 1543258)
MITM BYPASSED (disabled, forwarding packet UID 1543861)
MITM BYPASSED (disabled, forwarding packet UID 1544435)
MITM BYPASSED (disabled, forwarding packet UID 1545046)
MITM BYPASSED (disabled, forwarding packet UID 1545655)
MITM BYPASSED (disabled, forwarding packet UID 1546243)
MITM BYPASSED (disabled, forwarding packet UID 1546846)
MITM BYPASSED (disabled, forwarding packet UID 1547447)
MITM BYPASSED (disabled, forwarding packet UID 1548054)
MITM BYPASSED (disabled, forwarding packet UID 1548660)
MITM BYPASSED (disabled, forwarding packet UID 1549281)
MITM BYPASSED (disabled, forwarding packet UID 1549884)
MITM BYPASSED (disabled, forwarding packet UID 1550487)
MITM BYPASSED (disabled, forwarding packet UID 1551109)
MITM BYPASSED (disabled, forwarding packet UID 1551700)
MITM BYPASSED (disabled, forwarding packet UID 1552315)
MITM BYPASSED (disabled, forwarding packet UID 1552932)
MITM BYPASSED (disabled, forwarding packet UID 1553508)
MITM BYPASSED (disabled, forwarding packet UID 1554121)
MITM BYPASSED (disabled, forwarding packet UID 1554743)
MITM BYPASSED (disabled, forwarding packet UID 1555358)
MITM BYPASSED (disabled, forwarding packet UID 1555816)
MITM BYPASSED (disabled, forwarding packet UID 1556408)
MITM BYPASSED (disabled, forwarding packet UID 1557094)
MITM BYPASSED (disabled, forwarding packet UID 1557739)
MITM BYPASSED (disabled, forwarding packet UID 1558364)
MITM BYPASSED (disabled, forwarding packet UID 1558893)
MITM BYPASSED (disabled, forwarding packet UID 1559478)
MITM BYPASSED (disabled, forwarding packet UID 1560139)
MITM BYPASSED (disabled, forwarding packet UID 1560764)
[BluetoothEnergy] time: 25.2000 s, node: 11, state: 1, total_energy: 0.0000 kWh
MITM BYPASSED (disabled, forwarding packet UID 1561385)
MITM BYPASSED (disabled, forwarding packet UID 1561957)
MITM BYPASSED (disabled, forwarding packet UID 1562494)
MITM BYPASSED (disabled, forwarding packet UID 1563100)
MITM BYPASSED (disabled, forwarding packet UID 1563787)
MITM BYPASSED (disabled, forwarding packet UID 1564419)
MITM BYPASSED (disabled, forwarding packet UID 1564966)
MITM BYPASSED (disabled, forwarding packet UID 1565551)
MITM BYPASSED (disabled, forwarding packet UID 1566116)
MITM BYPASSED (disabled, forwarding packet UID 1566774)
MITM BYPASSED (disabled, forwarding packet UID 1567440)
MITM BYPASSED (disabled, forwarding packet UID 1568088)
MITM BYPASSED (disabled, forwarding packet UID 1568680)
MITM BYPASSED (disabled, forwarding packet UID 1569309)
MITM BYPASSED (disabled, forwarding packet UID 1569935)
MITM BYPASSED (disabled, forwarding packet UID 1570541)
MITM BYPASSED (disabled, forwarding packet UID 1571065)
MITM BYPASSED (disabled, forwarding packet UID 1571667)
MITM BYPASSED (disabled, forwarding packet UID 1572301)
MITM BYPASSED (disabled, forwarding packet UID 1572844)
MITM BYPASSED (disabled, forwarding packet UID 1573381)
MITM BYPASSED (disabled, forwarding packet UID 1574038)
MITM BYPASSED (disabled, forwarding packet UID 1574676)
MITM BYPASSED (disabled, forwarding packet UID 1575330)
MITM BYPASSED (disabled, forwarding packet UID 1575928)
MITM BYPASSED (disabled, forwarding packet UID 1576561)
MITM BYPASSED (disabled, forwarding packet UID 1577211)
MITM BYPASSED (disabled, forwarding packet UID 1577797)
MITM BYPASSED (disabled, forwarding packet UID 1578367)
MITM BYPASSED (disabled, forwarding packet UID 1578967)
MITM BYPASSED (disabled, forwarding packet UID 1579600)
MITM BYPASSED (disabled, forwarding packet UID 1580155)
MITM BYPASSED (disabled, forwarding packet UID 1580709)
MITM BYPASSED (disabled, forwarding packet UID 1581292)
MITM BYPASSED (disabled, forwarding packet UID 1581930)
MITM BYPASSED (disabled, forwarding packet UID 1582520)
MITM BYPASSED (disabled, forwarding packet UID 1583127)
MITM BYPASSED (disabled, forwarding packet UID 1583785)
MITM BYPASSED (disabled, forwarding packet UID 1584391)
MITM BYPASSED (disabled, forwarding packet UID 1585027)
MITM BYPASSED (disabled, forwarding packet UID 1585616)
MITM BYPASSED (disabled, forwarding packet UID 1586071)
MITM BYPASSED (disabled, forwarding packet UID 1586641)
MITM BYPASSED (disabled, forwarding packet UID 1587200)
MITM BYPASSED (disabled, forwarding packet UID 1587866)
MITM BYPASSED (disabled, forwarding packet UID 1588503)
MITM BYPASSED (disabled, forwarding packet UID 1589148)
MITM BYPASSED (disabled, forwarding packet UID 1589660)
MITM BYPASSED (disabled, forwarding packet UID 1590274)
MITM BYPASSED (disabled, forwarding packet UID 1590888)
MITM BYPASSED (disabled, forwarding packet UID 1591495)
MITM BYPASSED (disabled, forwarding packet UID 1592064)
MITM BYPASSED (disabled, forwarding packet UID 1592643)
MITM BYPASSED (disabled, forwarding packet UID 1593282)
MITM BYPASSED (disabled, forwarding packet UID 1593864)
MITM BYPASSED (disabled, forwarding packet UID 1594565)
MITM BYPASSED (disabled, forwarding packet UID 1595098)
MITM BYPASSED (disabled, forwarding packet UID 1595778)
MITM BYPASSED (disabled, forwarding packet UID 1596343)
MITM BYPASSED (disabled, forwarding packet UID 1596928)
MITM BYPASSED (disabled, forwarding packet UID 1597549)
MITM BYPASSED (disabled, forwarding packet UID 1598151)
MITM BYPASSED (disabled, forwarding packet UID 1598570)
MITM BYPASSED (disabled, forwarding packet UID 1599230)
MITM BYPASSED (disabled, forwarding packet UID 1599862)
MITM BYPASSED (disabled, forwarding packet UID 1600456)
MITM BYPASSED (disabled, forwarding packet UID 1600996)
MITM BYPASSED (disabled, forwarding packet UID 1601597)
MITM BYPASSED (disabled, forwarding packet UID 1602198)
MITM BYPASSED (disabled, forwarding packet UID 1602830)
MITM BYPASSED (disabled, forwarding packet UID 1603427)
MITM BYPASSED (disabled, forwarding packet UID 1604076)
MITM BYPASSED (disabled, forwarding packet UID 1604637)
MITM BYPASSED (disabled, forwarding packet UID 1605252)
MITM BYPASSED (disabled, forwarding packet UID 1605890)
MITM BYPASSED (disabled, forwarding packet UID 1606539)
MITM BYPASSED (disabled, forwarding packet UID 1607153)
MITM BYPASSED (disabled, forwarding packet UID 1607693)
MITM BYPASSED (disabled, forwarding packet UID 1608291)
MITM BYPASSED (disabled, forwarding packet UID 1608910)
MITM BYPASSED (disabled, forwarding packet UID 1609539)
MITM BYPASSED (disabled, forwarding packet UID 1610072)
MITM BYPASSED (disabled, forwarding packet UID 1610694)
MITM BYPASSED (disabled, forwarding packet UID 1611220)
MITM BYPASSED (disabled, forwarding packet UID 1611832)
MITM BYPASSED (disabled, forwarding packet UID 1612348)
MITM BYPASSED (disabled, forwarding packet UID 1612955)
MITM BYPASSED (disabled, forwarding packet UID 1613509)
MITM BYPASSED (disabled, forwarding packet UID 1614115)
MITM BYPASSED (disabled, forwarding packet UID 1614814)
MITM BYPASSED (disabled, forwarding packet UID 1615432)
MITM BYPASSED (disabled, forwarding packet UID 1615913)
MITM BYPASSED (disabled, forwarding packet UID 1616456)
MITM BYPASSED (disabled, forwarding packet UID 1617085)
MITM BYPASSED (disabled, forwarding packet UID 1617680)
MITM BYPASSED (disabled, forwarding packet UID 1618244)
MITM BYPASSED (disabled, forwarding packet UID 1618888)
MITM BYPASSED (disabled, forwarding packet UID 1619420)
MITM BYPASSED (disabled, forwarding packet UID 1620051)
MITM BYPASSED (disabled, forwarding packet UID 1620603)
MITM BYPASSED (disabled, forwarding packet UID 1621255)
MITM BYPASSED (disabled, forwarding packet UID 1621886)
MITM BYPASSED (disabled, forwarding packet UID 1622541)
MITM BYPASSED (disabled, forwarding packet UID 1623066)
MITM BYPASSED (disabled, forwarding packet UID 1623760)
MITM BYPASSED (disabled, forwarding packet UID 1624342)
MITM BYPASSED (disabled, forwarding packet UID 1624924)
MITM BYPASSED (disabled, forwarding packet UID 1625533)
MITM BYPASSED (disabled, forwarding packet UID 1626128)
MITM BYPASSED (disabled, forwarding packet UID 1626663)
MITM BYPASSED (disabled, forwarding packet UID 1627246)
MITM BYPASSED (disabled, forwarding packet UID 1627879)
MITM BYPASSED (disabled, forwarding packet UID 1628483)
MITM BYPASSED (disabled, forwarding packet UID 1629116)
MITM BYPASSED (disabled, forwarding packet UID 1629701)
MITM BYPASSED (disabled, forwarding packet UID 1630269)
MITM BYPASSED (disabled, forwarding packet UID 1630761)
MITM BYPASSED (disabled, forwarding packet UID 1631281)
MITM BYPASSED (disabled, forwarding packet UID 1631893)
MITM BYPASSED (disabled, forwarding packet UID 1632603)
MITM BYPASSED (disabled, forwarding packet UID 1633085)
MITM BYPASSED (disabled, forwarding packet UID 1633728)
MITM BYPASSED (disabled, forwarding packet UID 1634417)
MITM BYPASSED (disabled, forwarding packet UID 1635033)
MITM BYPASSED (disabled, forwarding packet UID 1635545)
MITM BYPASSED (disabled, forwarding packet UID 1636183)
MITM BYPASSED (disabled, forwarding packet UID 1636803)
MITM BYPASSED (disabled, forwarding packet UID 1637390)
MITM BYPASSED (disabled, forwarding packet UID 1637977)
MITM BYPASSED (disabled, forwarding packet UID 1638645)
MITM BYPASSED (disabled, forwarding packet UID 1639254)
MITM BYPASSED (disabled, forwarding packet UID 1639861)
MITM BYPASSED (disabled, forwarding packet UID 1640437)
MITM BYPASSED (disabled, forwarding packet UID 1641074)
MITM BYPASSED (disabled, forwarding packet UID 1641636)
MITM BYPASSED (disabled, forwarding packet UID 1642254)
MITM BYPASSED (disabled, forwarding packet UID 1642854)
MITM BYPASSED (disabled, forwarding packet UID 1643460)
MITM BYPASSED (disabled, forwarding packet UID 1644037)
MITM BYPASSED (disabled, forwarding packet UID 1644625)
MITM BYPASSED (disabled, forwarding packet UID 1645170)
MITM BYPASSED (disabled, forwarding packet UID 1645660)
MITM BYPASSED (disabled, forwarding packet UID 1646193)
MITM BYPASSED (disabled, forwarding packet UID 1646761)
MITM BYPASSED (disabled, forwarding packet UID 1647342)
MITM BYPASSED (disabled, forwarding packet UID 1648060)
MITM BYPASSED (disabled, forwarding packet UID 1648669)
MITM BYPASSED (disabled, forwarding packet UID 1649305)
MITM BYPASSED (disabled, forwarding packet UID 1649890)
MITM BYPASSED (disabled, forwarding packet UID 1650489)
MITM BYPASSED (disabled, forwarding packet UID 1651106)
MITM BYPASSED (disabled, forwarding packet UID 1651642)
MITM BYPASSED (disabled, forwarding packet UID 1652185)
MITM BYPASSED (disabled, forwarding packet UID 1652884)
MITM BYPASSED (disabled, forwarding packet UID 1653453)
MITM BYPASSED (disabled, forwarding packet UID 1654034)
MITM BYPASSED (disabled, forwarding packet UID 1654641)
MITM BYPASSED (disabled, forwarding packet UID 1655270)
MITM BYPASSED (disabled, forwarding packet UID 1655861)
MITM BYPASSED (disabled, forwarding packet UID 1656473)
MITM BYPASSED (disabled, forwarding packet UID 1657029)
MITM BYPASSED (disabled, forwarding packet UID 1657680)
MITM BYPASSED (disabled, forwarding packet UID 1658263)
MITM BYPASSED (disabled, forwarding packet UID 1658838)
MITM BYPASSED (disabled, forwarding packet UID 1659409)
MITM BYPASSED (disabled, forwarding packet UID 1659960)
MITM BYPASSED (disabled, forwarding packet UID 1660415)
MITM BYPASSED (disabled, forwarding packet UID 1660968)
MITM BYPASSED (disabled, forwarding packet UID 1661619)
MITM BYPASSED (disabled, forwarding packet UID 1662291)
MITM BYPASSED (disabled, forwarding packet UID 1662907)
MITM BYPASSED (disabled, forwarding packet UID 1663544)
MITM BYPASSED (disabled, forwarding packet UID 1664130)
MITM BYPASSED (disabled, forwarding packet UID 1664799)
MITM BYPASSED (disabled, forwarding packet UID 1665371)
MITM BYPASSED (disabled, forwarding packet UID 1665999)
MITM BYPASSED (disabled, forwarding packet UID 1666550)
MITM BYPASSED (disabled, forwarding packet UID 1667125)
MITM BYPASSED (disabled, forwarding packet UID 1667743)
MITM BYPASSED (disabled, forwarding packet UID 1668414)
MITM BYPASSED (disabled, forwarding packet UID 1669072)
MITM BYPASSED (disabled, forwarding packet UID 1669721)
MITM BYPASSED (disabled, forwarding packet UID 1670379)
MITM BYPASSED (disabled, forwarding packet UID 1670953)
MITM BYPASSED (disabled, forwarding packet UID 1671586)
MITM BYPASSED (disabled, forwarding packet UID 1672140)
MITM BYPASSED (disabled, forwarding packet UID 1672744)
MITM BYPASSED (disabled, forwarding packet UID 1673322)
MITM BYPASSED (disabled, forwarding packet UID 1673918)
MITM BYPASSED (disabled, forwarding packet UID 1674535)
MITM BYPASSED (disabled, forwarding packet UID 1675161)
MITM BYPASSED (disabled, forwarding packet UID 1675591)
MITM BYPASSED (disabled, forwarding packet UID 1676133)
MITM BYPASSED (disabled, forwarding packet UID 1676757)
MITM BYPASSED (disabled, forwarding packet UID 1677478)
MITM BYPASSED (disabled, forwarding packet UID 1678281)
MITM BYPASSED (disabled, forwarding packet UID 1678879)
MITM BYPASSED (disabled, forwarding packet UID 1679320)
MITM BYPASSED (disabled, forwarding packet UID 1679890)
MITM BYPASSED (disabled, forwarding packet UID 1680543)
MITM BYPASSED (disabled, forwarding packet UID 1681082)
MITM BYPASSED (disabled, forwarding packet UID 1681713)
MITM BYPASSED (disabled, forwarding packet UID 1682352)
MITM BYPASSED (disabled, forwarding packet UID 1682938)
MITM BYPASSED (disabled, forwarding packet UID 1683560)
MITM BYPASSED (disabled, forwarding packet UID 1684199)
MITM BYPASSED (disabled, forwarding packet UID 1684759)
MITM BYPASSED (disabled, forwarding packet UID 1685364)
MITM BYPASSED (disabled, forwarding packet UID 1686018)
MITM BYPASSED (disabled, forwarding packet UID 1686621)
MITM BYPASSED (disabled, forwarding packet UID 1687255)
MITM BYPASSED (disabled, forwarding packet UID 1687867)
MITM BYPASSED (disabled, forwarding packet UID 1688398)
MITM BYPASSED (disabled, forwarding packet UID 1688968)
MITM BYPASSED (disabled, forwarding packet UID 1689565)
MITM BYPASSED (disabled, forwarding packet UID 1690168)
MITM BYPASSED (disabled, forwarding packet UID 1690848)
MITM BYPASSED (disabled, forwarding packet UID 1691425)
MITM BYPASSED (disabled, forwarding packet UID 1692046)
MITM BYPASSED (disabled, forwarding packet UID 1692676)
MITM BYPASSED (disabled, forwarding packet UID 1693216)
MITM BYPASSED (disabled, forwarding packet UID 1693769)
MITM BYPASSED (disabled, forwarding packet UID 1694209)
MITM BYPASSED (disabled, forwarding packet UID 1694862)
MITM BYPASSED (disabled, forwarding packet UID 1695525)
MITM BYPASSED (disabled, forwarding packet UID 1696094)
MITM BYPASSED (disabled, forwarding packet UID 1696642)
MITM BYPASSED (disabled, forwarding packet UID 1697265)
MITM BYPASSED (disabled, forwarding packet UID 1697872)
MITM BYPASSED (disabled, forwarding packet UID 1698426)
MITM BYPASSED (disabled, forwarding packet UID 1699020)
MITM BYPASSED (disabled, forwarding packet UID 1699613)
MITM BYPASSED (disabled, forwarding packet UID 1700209)
MITM BYPASSED (disabled, forwarding packet UID 1700847)
MITM BYPASSED (disabled, forwarding packet UID 1701472)
MITM BYPASSED (disabled, forwarding packet UID 1702066)
MITM BYPASSED (disabled, forwarding packet UID 1702636)
MITM BYPASSED (disabled, forwarding packet UID 1703293)
MITM BYPASSED (disabled, forwarding packet UID 1703909)
MITM BYPASSED (disabled, forwarding packet UID 1704494)
MITM BYPASSED (disabled, forwarding packet UID 1705130)
MITM BYPASSED (disabled, forwarding packet UID 1705723)
MITM BYPASSED (disabled, forwarding packet UID 1706319)
MITM BYPASSED (disabled, forwarding packet UID 1706864)
MITM BYPASSED (disabled, forwarding packet UID 1707487)
MITM BYPASSED (disabled, forwarding packet UID 1708158)
MITM BYPASSED (disabled, forwarding packet UID 1708778)
MITM BYPASSED (disabled, forwarding packet UID 1709183)
MITM BYPASSED (disabled, forwarding packet UID 1709835)
MITM BYPASSED (disabled, forwarding packet UID 1710435)
MITM BYPASSED (disabled, forwarding packet UID 1711102)
MITM BYPASSED (disabled, forwarding packet UID 1711731)
MITM BYPASSED (disabled, forwarding packet UID 1712411)
MITM BYPASSED (disabled, forwarding packet UID 1712982)
MITM BYPASSED (disabled, forwarding packet UID 1713597)
MITM BYPASSED (disabled, forwarding packet UID 1714227)
MITM BYPASSED (disabled, forwarding packet UID 1714794)
MITM BYPASSED (disabled, forwarding packet UID 1715427)
MITM BYPASSED (disabled, forwarding packet UID 1715996)
MITM BYPASSED (disabled, forwarding packet UID 1716611)
MITM BYPASSED (disabled, forwarding packet UID 1717272)
MITM BYPASSED (disabled, forwarding packet UID 1717817)
MITM BYPASSED (disabled, forwarding packet UID 1718405)
MITM BYPASSED (disabled, forwarding packet UID 1719021)
MITM BYPASSED (disabled, forwarding packet UID 1719631)
MITM BYPASSED (disabled, forwarding packet UID 1720269)
MITM BYPASSED (disabled, forwarding packet UID 1720904)
MITM BYPASSED (disabled, forwarding packet UID 1721433)
MITM BYPASSED (disabled, forwarding packet UID 1721986)
MITM BYPASSED (disabled, forwarding packet UID 1722656)
MITM BYPASSED (disabled, forwarding packet UID 1723236)
MITM BYPASSED (disabled, forwarding packet UID 1723861)
MITM BYPASSED (disabled, forwarding packet UID 1724219)
MITM BYPASSED (disabled, forwarding packet UID 1724790)
MITM BYPASSED (disabled, forwarding packet UID 1725406)
MITM BYPASSED (disabled, forwarding packet UID 1726076)
MITM BYPASSED (disabled, forwarding packet UID 1726629)
MITM BYPASSED (disabled, forwarding packet UID 1727280)
MITM BYPASSED (disabled, forwarding packet UID 1727915)
MITM BYPASSED (disabled, forwarding packet UID 1728476)
MITM BYPASSED (disabled, forwarding packet UID 1729111)
MITM BYPASSED (disabled, forwarding packet UID 1729737)
MITM BYPASSED (disabled, forwarding packet UID 1730350)
MITM BYPASSED (disabled, forwarding packet UID 1730973)
MITM BYPASSED (disabled, forwarding packet UID 1731566)
MITM BYPASSED (disabled, forwarding packet UID 1732214)
MITM BYPASSED (disabled, forwarding packet UID 1732809)
MITM BYPASSED (disabled, forwarding packet UID 1733402)
MITM BYPASSED (disabled, forwarding packet UID 1734031)
MITM BYPASSED (disabled, forwarding packet UID 1734657)
MITM BYPASSED (disabled, forwarding packet UID 1735259)
MITM BYPASSED (disabled, forwarding packet UID 1735852)
MITM BYPASSED (disabled, forwarding packet UID 1736446)
MITM BYPASSED (disabled, forwarding packet UID 1737067)
MITM BYPASSED (disabled, forwarding packet UID 1737662)
MITM BYPASSED (disabled, forwarding packet UID 1738307)
MITM BYPASSED (disabled, forwarding packet UID 1738919)
MITM BYPASSED (disabled, forwarding packet UID 1739319)
MITM BYPASSED (disabled, forwarding packet UID 1739911)
MITM BYPASSED (disabled, forwarding packet UID 1740589)
MITM BYPASSED (disabled, forwarding packet UID 1741211)
MITM BYPASSED (disabled, forwarding packet UID 1741743)
MITM BYPASSED (disabled, forwarding packet UID 1742312)
MITM BYPASSED (disabled, forwarding packet UID 1743000)
MITM BYPASSED (disabled, forwarding packet UID 1743553)
MITM BYPASSED (disabled, forwarding packet UID 1744135)
MITM BYPASSED (disabled, forwarding packet UID 1744801)
MITM BYPASSED (disabled, forwarding packet UID 1745423)
MITM BYPASSED (disabled, forwarding packet UID 1745946)
MITM BYPASSED (disabled, forwarding packet UID 1746524)
MITM BYPASSED (disabled, forwarding packet UID 1747118)
MITM BYPASSED (disabled, forwarding packet UID 1747699)
MITM BYPASSED (disabled, forwarding packet UID 1748345)
MITM BYPASSED (disabled, forwarding packet UID 1749012)
MITM BYPASSED (disabled, forwarding packet UID 1749660)
MITM BYPASSED (disabled, forwarding packet UID 1750253)
MITM BYPASSED (disabled, forwarding packet UID 1750851)
MITM BYPASSED (disabled, forwarding packet UID 1751404)
MITM BYPASSED (disabled, forwarding packet UID 1751984)
MITM BYPASSED (disabled, forwarding packet UID 1752644)
MITM BYPASSED (disabled, forwarding packet UID 1753215)
MITM BYPASSED (disabled, forwarding packet UID 1753761)
MITM BYPASSED (disabled, forwarding packet UID 1754226)
MITM BYPASSED (disabled, forwarding packet UID 1754866)
MITM BYPASSED (disabled, forwarding packet UID 1755539)
MITM BYPASSED (disabled, forwarding packet UID 1756205)
MITM BYPASSED (disabled, forwarding packet UID 1756811)
MITM BYPASSED (disabled, forwarding packet UID 1757414)
MITM BYPASSED (disabled, forwarding packet UID 1757983)
MITM BYPASSED (disabled, forwarding packet UID 1758554)
MITM BYPASSED (disabled, forwarding packet UID 1759142)
MITM BYPASSED (disabled, forwarding packet UID 1759715)
MITM BYPASSED (disabled, forwarding packet UID 1760375)
MITM BYPASSED (disabled, forwarding packet UID 1760975)
MITM BYPASSED (disabled, forwarding packet UID 1761575)
MITM BYPASSED (disabled, forwarding packet UID 1762177)
MITM BYPASSED (disabled, forwarding packet UID 1762764)
MITM BYPASSED (disabled, forwarding packet UID 1763346)
MITM BYPASSED (disabled, forwarding packet UID 1763965)
MITM BYPASSED (disabled, forwarding packet UID 1764570)
MITM BYPASSED (disabled, forwarding packet UID 1765186)
MITM BYPASSED (disabled, forwarding packet UID 1765780)
MITM BYPASSED (disabled, forwarding packet UID 1766365)
MITM BYPASSED (disabled, forwarding packet UID 1766958)
MITM BYPASSED (disabled, forwarding packet UID 1767486)
MITM BYPASSED (disabled, forwarding packet UID 1768120)
MITM BYPASSED (disabled, forwarding packet UID 1768737)
MITM BYPASSED (disabled, forwarding packet UID 1769116)
MITM BYPASSED (disabled, forwarding packet UID 1769802)
MITM BYPASSED (disabled, forwarding packet UID 1770491)
MITM BYPASSED (disabled, forwarding packet UID 1771050)
MITM BYPASSED (disabled, forwarding packet UID 1771674)
MITM BYPASSED (disabled, forwarding packet UID 1772336)
MITM BYPASSED (disabled, forwarding packet UID 1772932)
MITM BYPASSED (disabled, forwarding packet UID 1773522)
MITM BYPASSED (disabled, forwarding packet UID 1774035)
MITM BYPASSED (disabled, forwarding packet UID 1774706)
MITM BYPASSED (disabled, forwarding packet UID 1775320)
MITM BYPASSED (disabled, forwarding packet UID 1775918)
MITM BYPASSED (disabled, forwarding packet UID 1776472)
MITM BYPASSED (disabled, forwarding packet UID 1777089)
MITM BYPASSED (disabled, forwarding packet UID 1777720)
MITM BYPASSED (disabled, forwarding packet UID 1778324)
MITM BYPASSED (disabled, forwarding packet UID 1778938)
MITM BYPASSED (disabled, forwarding packet UID 1779516)
MITM BYPASSED (disabled, forwarding packet UID 1780140)
MITM BYPASSED (disabled, forwarding packet UID 1780682)
MITM BYPASSED (disabled, forwarding packet UID 1781170)
MITM BYPASSED (disabled, forwarding packet UID 1781606)
MITM BYPASSED (disabled, forwarding packet UID 1782389)
MITM BYPASSED (disabled, forwarding packet UID 1783052)
MITM BYPASSED (disabled, forwarding packet UID 1783607)
MITM BYPASSED (disabled, forwarding packet UID 1783983)
MITM BYPASSED (disabled, forwarding packet UID 1784562)
MITM BYPASSED (disabled, forwarding packet UID 1785187)
MITM BYPASSED (disabled, forwarding packet UID 1785764)
MITM BYPASSED (disabled, forwarding packet UID 1786356)
MITM BYPASSED (disabled, forwarding packet UID 1786922)
MITM BYPASSED (disabled, forwarding packet UID 1787538)
MITM BYPASSED (disabled, forwarding packet UID 1788209)
MITM BYPASSED (disabled, forwarding packet UID 1788803)
MITM BYPASSED (disabled, forwarding packet UID 1789420)
MITM BYPASSED (disabled, forwarding packet UID 1790015)
MITM BYPASSED (disabled, forwarding packet UID 1790682)
MITM BYPASSED (disabled, forwarding packet UID 1791284)
MITM BYPASSED (disabled, forwarding packet UID 1791899)
MITM BYPASSED (disabled, forwarding packet UID 1792510)
MITM BYPASSED (disabled, forwarding packet UID 1793089)
MITM BYPASSED (disabled, forwarding packet UID 1793734)
MITM BYPASSED (disabled, forwarding packet UID 1794327)
MITM BYPASSED (disabled, forwarding packet UID 1794867)
MITM BYPASSED (disabled, forwarding packet UID 1795463)
MITM BYPASSED (disabled, forwarding packet UID 1796109)
MITM BYPASSED (disabled, forwarding packet UID 1796638)
MITM BYPASSED (disabled, forwarding packet UID 1797283)
MITM BYPASSED (disabled, forwarding packet UID 1797897)
MITM BYPASSED (disabled, forwarding packet UID 1798500)
MITM BYPASSED (disabled, forwarding packet UID 1798805)
MITM BYPASSED (disabled, forwarding packet UID 1799495)
MITM BYPASSED (disabled, forwarding packet UID 1800055)
MITM BYPASSED (disabled, forwarding packet UID 1800722)
MITM BYPASSED (disabled, forwarding packet UID 1801350)
MITM BYPASSED (disabled, forwarding packet UID 1801896)
MITM BYPASSED (disabled, forwarding packet UID 1802471)
MITM BYPASSED (disabled, forwarding packet UID 1803049)
MITM BYPASSED (disabled, forwarding packet UID 1803610)
MITM BYPASSED (disabled, forwarding packet UID 1804154)
MITM BYPASSED (disabled, forwarding packet UID 1804808)
MITM BYPASSED (disabled, forwarding packet UID 1805450)
MITM BYPASSED (disabled, forwarding packet UID 1806089)
MITM BYPASSED (disabled, forwarding packet UID 1806683)
MITM BYPASSED (disabled, forwarding packet UID 1807286)
MITM BYPASSED (disabled, forwarding packet UID 1807852)
MITM BYPASSED (disabled, forwarding packet UID 1808467)
MITM BYPASSED (disabled, forwarding packet UID 1809088)
MITM BYPASSED (disabled, forwarding packet UID 1809710)
MITM BYPASSED (disabled, forwarding packet UID 1810328)
MITM BYPASSED (disabled, forwarding packet UID 1810885)
MITM BYPASSED (disabled, forwarding packet UID 1811478)
MITM BYPASSED (disabled, forwarding packet UID 1812094)
MITM BYPASSED (disabled, forwarding packet UID 1812596)
MITM BYPASSED (disabled, forwarding packet UID 1813109)
MITM BYPASSED (disabled, forwarding packet UID 1813511)
MITM BYPASSED (disabled, forwarding packet UID 1814164)
MITM BYPASSED (disabled, forwarding packet UID 1814766)
MITM BYPASSED (disabled, forwarding packet UID 1815339)
MITM BYPASSED (disabled, forwarding packet UID 1815909)
MITM BYPASSED (disabled, forwarding packet UID 1816419)
MITM BYPASSED (disabled, forwarding packet UID 1817098)
MITM BYPASSED (disabled, forwarding packet UID 1817685)
MITM BYPASSED (disabled, forwarding packet UID 1818276)
MITM BYPASSED (disabled, forwarding packet UID 1818890)
MITM BYPASSED (disabled, forwarding packet UID 1819451)
MITM BYPASSED (disabled, forwarding packet UID 1820009)
MITM BYPASSED (disabled, forwarding packet UID 1820663)
MITM BYPASSED (disabled, forwarding packet UID 1821262)
MITM BYPASSED (disabled, forwarding packet UID 1821924)
MITM BYPASSED (disabled, forwarding packet UID 1822515)
MITM BYPASSED (disabled, forwarding packet UID 1823044)
MITM BYPASSED (disabled, forwarding packet UID 1823919)
MITM BYPASSED (disabled, forwarding packet UID 1824542)
MITM BYPASSED (disabled, forwarding packet UID 1825155)
MITM BYPASSED (disabled, forwarding packet UID 1825718)
MITM BYPASSED (disabled, forwarding packet UID 1826367)
MITM BYPASSED (disabled, forwarding packet UID 1826996)
MITM BYPASSED (disabled, forwarding packet UID 1827612)
MITM BYPASSED (disabled, forwarding packet UID 1828208)
MITM BYPASSED (disabled, forwarding packet UID 1828815)
MITM BYPASSED (disabled, forwarding packet UID 1829334)
MITM BYPASSED (disabled, forwarding packet UID 1829892)
MITM BYPASSED (disabled, forwarding packet UID 1830527)
MITM BYPASSED (disabled, forwarding packet UID 1831162)
MITM BYPASSED (disabled, forwarding packet UID 1831765)
MITM BYPASSED (disabled, forwarding packet UID 1832253)
MITM BYPASSED (disabled, forwarding packet UID 1832862)
MITM BYPASSED (disabled, forwarding packet UID 1833514)
MITM BYPASSED (disabled, forwarding packet UID 1834173)
MITM BYPASSED (disabled, forwarding packet UID 1834672)
MITM BYPASSED (disabled, forwarding packet UID 1835302)
MITM BYPASSED (disabled, forwarding packet UID 1835910)
MITM BYPASSED (disabled, forwarding packet UID 1836459)
MITM BYPASSED (disabled, forwarding packet UID 1837020)
MITM BYPASSED (disabled, forwarding packet UID 1837645)
MITM BYPASSED (disabled, forwarding packet UID 1838342)
MITM BYPASSED (disabled, forwarding packet UID 1838886)
MITM BYPASSED (disabled, forwarding packet UID 1839522)
MITM BYPASSED (disabled, forwarding packet UID 1840072)
MITM BYPASSED (disabled, forwarding packet UID 1840766)
MITM BYPASSED (disabled, forwarding packet UID 1841389)
MITM BYPASSED (disabled, forwarding packet UID 1841983)
MITM BYPASSED (disabled, forwarding packet UID 1842574)
MITM BYPASSED (disabled, forwarding packet UID 1843195)
MITM BYPASSED (disabled, forwarding packet UID 1843811)
MITM BYPASSED (disabled, forwarding packet UID 1844409)
MITM BYPASSED (disabled, forwarding packet UID 1845000)
MITM BYPASSED (disabled, forwarding packet UID 1845598)
MITM BYPASSED (disabled, forwarding packet UID 1846167)
MITM BYPASSED (disabled, forwarding packet UID 1846762)
MITM BYPASSED (disabled, forwarding packet UID 1847167)
MITM BYPASSED (disabled, forwarding packet UID 1847870)
MITM BYPASSED (disabled, forwarding packet UID 1848474)
MITM BYPASSED (disabled, forwarding packet UID 1849134)
MITM BYPASSED (disabled, forwarding packet UID 1849600)
MITM BYPASSED (disabled, forwarding packet UID 1850235)
MITM BYPASSED (disabled, forwarding packet UID 1850812)
MITM BYPASSED (disabled, forwarding packet UID 1851351)
MITM BYPASSED (disabled, forwarding packet UID 1852029)
MITM BYPASSED (disabled, forwarding packet UID 1852681)
MITM BYPASSED (disabled, forwarding packet UID 1853330)
MITM BYPASSED (disabled, forwarding packet UID 1853923)
MITM BYPASSED (disabled, forwarding packet UID 1854439)
MITM BYPASSED (disabled, forwarding packet UID 1855143)
MITM BYPASSED (disabled, forwarding packet UID 1855770)
MITM BYPASSED (disabled, forwarding packet UID 1856356)
MITM BYPASSED (disabled, forwarding packet UID 1856972)
MITM BYPASSED (disabled, forwarding packet UID 1857562)
MITM BYPASSED (disabled, forwarding packet UID 1858086)
MITM BYPASSED (disabled, forwarding packet UID 1858753)
MITM BYPASSED (disabled, forwarding packet UID 1859391)
MITM BYPASSED (disabled, forwarding packet UID 1860002)
MITM BYPASSED (disabled, forwarding packet UID 1860627)
MITM BYPASSED (disabled, forwarding packet UID 1861169)
MITM BYPASSED (disabled, forwarding packet UID 1861793)
MITM BYPASSED (disabled, forwarding packet UID 1862197)
MITM BYPASSED (disabled, forwarding packet UID 1862816)
MITM BYPASSED (disabled, forwarding packet UID 1863497)
MITM BYPASSED (disabled, forwarding packet UID 1864097)
MITM BYPASSED (disabled, forwarding packet UID 1864675)
MITM BYPASSED (disabled, forwarding packet UID 1865301)
MITM BYPASSED (disabled, forwarding packet UID 1865853)
MITM BYPASSED (disabled, forwarding packet UID 1866494)
MITM BYPASSED (disabled, forwarding packet UID 1867172)
MITM BYPASSED (disabled, forwarding packet UID 1867699)
MITM BYPASSED (disabled, forwarding packet UID 1868266)
MITM BYPASSED (disabled, forwarding packet UID 1868897)
MITM BYPASSED (disabled, forwarding packet UID 1869554)
MITM BYPASSED (disabled, forwarding packet UID 1870110)
MITM BYPASSED (disabled, forwarding packet UID 1870738)
MITM BYPASSED (disabled, forwarding packet UID 1871341)
MITM BYPASSED (disabled, forwarding packet UID 1871935)
MITM BYPASSED (disabled, forwarding packet UID 1872564)
MITM BYPASSED (disabled, forwarding packet UID 1873155)
MITM BYPASSED (disabled, forwarding packet UID 1873762)
MITM BYPASSED (disabled, forwarding packet UID 1874352)
MITM BYPASSED (disabled, forwarding packet UID 1874940)
MITM BYPASSED (disabled, forwarding packet UID 1875445)
MITM BYPASSED (disabled, forwarding packet UID 1876068)
MITM BYPASSED (disabled, forwarding packet UID 1876667)
MITM BYPASSED (disabled, forwarding packet UID 1877115)
MITM BYPASSED (disabled, forwarding packet UID 1877745)
MITM BYPASSED (disabled, forwarding packet UID 1878386)
MITM BYPASSED (disabled, forwarding packet UID 1879045)
MITM BYPASSED (disabled, forwarding packet UID 1879595)
MITM BYPASSED (disabled, forwarding packet UID 1880276)
MITM BYPASSED (disabled, forwarding packet UID 1880904)
MITM BYPASSED (disabled, forwarding packet UID 1881530)
MITM BYPASSED (disabled, forwarding packet UID 1882147)
MITM BYPASSED (disabled, forwarding packet UID 1882690)
MITM BYPASSED (disabled, forwarding packet UID 1883346)
MITM BYPASSED (disabled, forwarding packet UID 1883974)
MITM BYPASSED (disabled, forwarding packet UID 1884544)
MITM BYPASSED (disabled, forwarding packet UID 1885050)
MITM BYPASSED (disabled, forwarding packet UID 1885791)
MITM BYPASSED (disabled, forwarding packet UID 1886378)
MITM BYPASSED (disabled, forwarding packet UID 1886914)
MITM BYPASSED (disabled, forwarding packet UID 1887542)
MITM BYPASSED (disabled, forwarding packet UID 1888121)
MITM BYPASSED (disabled, forwarding packet UID 1888716)
MITM BYPASSED (disabled, forwarding packet UID 1889360)
MITM BYPASSED (disabled, forwarding packet UID 1889943)
MITM BYPASSED (disabled, forwarding packet UID 1890541)
MITM BYPASSED (disabled, forwarding packet UID 1891153)
MITM BYPASSED (disabled, forwarding packet UID 1891764)
MITM BYPASSED (disabled, forwarding packet UID 1892159)
MITM BYPASSED (disabled, forwarding packet UID 1892801)
MITM BYPASSED (disabled, forwarding packet UID 1893419)
MITM BYPASSED (disabled, forwarding packet UID 1894051)
MITM BYPASSED (disabled, forwarding packet UID 1894655)
MITM BYPASSED (disabled, forwarding packet UID 1895260)
MITM BYPASSED (disabled, forwarding packet UID 1895942)
MITM BYPASSED (disabled, forwarding packet UID 1896558)
MITM BYPASSED (disabled, forwarding packet UID 1897144)
MITM BYPASSED (disabled, forwarding packet UID 1897790)
MITM BYPASSED (disabled, forwarding packet UID 1898397)
MITM BYPASSED (disabled, forwarding packet UID 1899012)
MITM BYPASSED (disabled, forwarding packet UID 1899536)
MITM BYPASSED (disabled, forwarding packet UID 1900181)
MITM BYPASSED (disabled, forwarding packet UID 1900863)
MITM BYPASSED (disabled, forwarding packet UID 1901474)
MITM BYPASSED (disabled, forwarding packet UID 1902030)
MITM BYPASSED (disabled, forwarding packet UID 1902611)
MITM BYPASSED (disabled, forwarding packet UID 1903242)
MITM BYPASSED (disabled, forwarding packet UID 1903817)
MITM BYPASSED (disabled, forwarding packet UID 1904387)
MITM BYPASSED (disabled, forwarding packet UID 1904912)
MITM BYPASSED (disabled, forwarding packet UID 1905541)
MITM BYPASSED (disabled, forwarding packet UID 1906060)
MITM BYPASSED (disabled, forwarding packet UID 1906678)
MITM BYPASSED (disabled, forwarding packet UID 1907040)
MITM BYPASSED (disabled, forwarding packet UID 1907597)
MITM BYPASSED (disabled, forwarding packet UID 1908224)
MITM BYPASSED (disabled, forwarding packet UID 1908919)
MITM BYPASSED (disabled, forwarding packet UID 1909614)
MITM BYPASSED (disabled, forwarding packet UID 1910222)
MITM BYPASSED (disabled, forwarding packet UID 1910802)
MITM BYPASSED (disabled, forwarding packet UID 1911400)
MITM BYPASSED (disabled, forwarding packet UID 1912031)
MITM BYPASSED (disabled, forwarding packet UID 1912603)
MITM BYPASSED (disabled, forwarding packet UID 1913204)
MITM BYPASSED (disabled, forwarding packet UID 1913848)
MITM BYPASSED (disabled, forwarding packet UID 1914462)
MITM BYPASSED (disabled, forwarding packet UID 1915067)
MITM BYPASSED (disabled, forwarding packet UID 1915569)
MITM BYPASSED (disabled, forwarding packet UID 1916072)
MITM BYPASSED (disabled, forwarding packet UID 1916698)
MITM BYPASSED (disabled, forwarding packet UID 1917205)
MITM BYPASSED (disabled, forwarding packet UID 1917875)
MITM BYPASSED (disabled, forwarding packet UID 1918538)
MITM BYPASSED (disabled, forwarding packet UID 1919131)
MITM BYPASSED (disabled, forwarding packet UID 1919736)
MITM BYPASSED (disabled, forwarding packet UID 1920347)
MITM BYPASSED (disabled, forwarding packet UID 1920966)
MITM BYPASSED (disabled, forwarding packet UID 1921601)
MITM BYPASSED (disabled, forwarding packet UID 1922003)
MITM BYPASSED (disabled, forwarding packet UID 1922682)
MITM BYPASSED (disabled, forwarding packet UID 1923337)
MITM BYPASSED (disabled, forwarding packet UID 1923966)
MITM BYPASSED (disabled, forwarding packet UID 1924571)
MITM BYPASSED (disabled, forwarding packet UID 1925159)
MITM BYPASSED (disabled, forwarding packet UID 1925784)
MITM BYPASSED (disabled, forwarding packet UID 1926398)
MITM BYPASSED (disabled, forwarding packet UID 1926991)
MITM BYPASSED (disabled, forwarding packet UID 1927539)
MITM BYPASSED (disabled, forwarding packet UID 1928171)
MITM BYPASSED (disabled, forwarding packet UID 1928773)
MITM BYPASSED (disabled, forwarding packet UID 1929397)
MITM BYPASSED (disabled, forwarding packet UID 1930038)
MITM BYPASSED (disabled, forwarding packet UID 1930593)
MITM BYPASSED (disabled, forwarding packet UID 1931245)
MITM BYPASSED (disabled, forwarding packet UID 1931863)
MITM BYPASSED (disabled, forwarding packet UID 1932428)
MITM BYPASSED (disabled, forwarding packet UID 1933025)
MITM BYPASSED (disabled, forwarding packet UID 1933664)
MITM BYPASSED (disabled, forwarding packet UID 1934288)
MITM BYPASSED (disabled, forwarding packet UID 1934912)
MITM BYPASSED (disabled, forwarding packet UID 1935527)
MITM BYPASSED (disabled, forwarding packet UID 1936141)
MITM BYPASSED (disabled, forwarding packet UID 1936754)
MITM BYPASSED (disabled, forwarding packet UID 1937134)
MITM BYPASSED (disabled, forwarding packet UID 1937737)
MITM BYPASSED (disabled, forwarding packet UID 1938448)
MITM BYPASSED (disabled, forwarding packet UID 1939107)
MITM BYPASSED (disabled, forwarding packet UID 1939667)
MITM BYPASSED (disabled, forwarding packet UID 1940220)
MITM BYPASSED (disabled, forwarding packet UID 1940773)
MITM BYPASSED (disabled, forwarding packet UID 1941475)
MITM BYPASSED (disabled, forwarding packet UID 1941928)
MITM BYPASSED (disabled, forwarding packet UID 1942568)
MITM BYPASSED (disabled, forwarding packet UID 1943185)
MITM BYPASSED (disabled, forwarding packet UID 1943812)
MITM BYPASSED (disabled, forwarding packet UID 1944433)
MITM BYPASSED (disabled, forwarding packet UID 1945056)
MITM BYPASSED (disabled, forwarding packet UID 1945559)
MITM BYPASSED (disabled, forwarding packet UID 1946152)
MITM BYPASSED (disabled, forwarding packet UID 1946829)
MITM BYPASSED (disabled, forwarding packet UID 1947433)
MITM BYPASSED (disabled, forwarding packet UID 1948042)
MITM BYPASSED (disabled, forwarding packet UID 1948638)
MITM BYPASSED (disabled, forwarding packet UID 1949257)
MITM BYPASSED (disabled, forwarding packet UID 1949866)
MITM BYPASSED (disabled, forwarding packet UID 1950479)
MITM BYPASSED (disabled, forwarding packet UID 1951078)
MITM BYPASSED (disabled, forwarding packet UID 1951691)
MITM BYPASSED (disabled, forwarding packet UID 1952133)
MITM BYPASSED (disabled, forwarding packet UID 1952776)
MITM BYPASSED (disabled, forwarding packet UID 1953501)
MITM BYPASSED (disabled, forwarding packet UID 1954060)
MITM BYPASSED (disabled, forwarding packet UID 1954680)
MITM BYPASSED (disabled, forwarding packet UID 1955341)
MITM BYPASSED (disabled, forwarding packet UID 1955932)
MITM BYPASSED (disabled, forwarding packet UID 1956561)
MITM BYPASSED (disabled, forwarding packet UID 1957160)
MITM BYPASSED (disabled, forwarding packet UID 1957801)
MITM BYPASSED (disabled, forwarding packet UID 1958368)
MITM BYPASSED (disabled, forwarding packet UID 1958941)
MITM BYPASSED (disabled, forwarding packet UID 1959556)
MITM BYPASSED (disabled, forwarding packet UID 1960137)
MITM BYPASSED (disabled, forwarding packet UID 1960788)
MITM BYPASSED (disabled, forwarding packet UID 1961351)
MITM BYPASSED (disabled, forwarding packet UID 1961937)
MITM BYPASSED (disabled, forwarding packet UID 1962528)
MITM BYPASSED (disabled, forwarding packet UID 1963124)
MITM BYPASSED (disabled, forwarding packet UID 1963746)
MITM BYPASSED (disabled, forwarding packet UID 1964427)
MITM BYPASSED (disabled, forwarding packet UID 1964962)
MITM BYPASSED (disabled, forwarding packet UID 1965507)
MITM BYPASSED (disabled, forwarding packet UID 1966066)
MITM BYPASSED (disabled, forwarding packet UID 1966659)
MITM BYPASSED (disabled, forwarding packet UID 1967074)
MITM BYPASSED (disabled, forwarding packet UID 1967668)
MITM BYPASSED (disabled, forwarding packet UID 1968298)
MITM BYPASSED (disabled, forwarding packet UID 1968833)
MITM BYPASSED (disabled, forwarding packet UID 1969504)
[BluetoothEnergy] time: 30.0000 s, node: 11, state: 0, total_energy: 0.0000 kWh
[QoS Adapt] Flow 1 threat=HIGH newJitter=0.0001 newDelay=0.0010
[QoS Adapt] Flow 2 threat=HIGH newJitter=0.0001 newDelay=0.0010
[QoS Adapt] Flow 6 threat=MEDIUM newJitter=0.0054 newDelay=0.0180
[QoS Adapt] Flow 7 threat=MEDIUM newJitter=0.0054 newDelay=0.0180
[QoS Adapt] Flow 1 threat=CRITICAL newJitter=0.0000 newDelay=0.0008
[QoS Adapt] Flow 2 threat=CRITICAL newJitter=0.0000 newDelay=0.0008
[QoS Adapt] Flow 6 threat=HIGH newJitter=0.0018 newDelay=0.0180
[QoS Adapt] Flow 7 threat=HIGH newJitter=0.0018 newDelay=0.0180
[FedAvg][WIP] Round 3 complete | mean local training loss=0.7169 | global weights broadcast to 5 nodes
[FedAvg][SHS] Round 3 complete | mean local training loss=0.7094 | global weights broadcast to 4 nodes
[FL-IDS] Federated Learning Round Complete (Real Local-Model + FedAvg):
 Node 0: Federated Local-Model IDS (real per-node SGD + multi-round FedAvg) | trainingSamples=27 | localMLProb=0.6036 | trainAccuracy=0.3704 | anomaly=no
 Node 1: Federated Local-Model IDS (real per-node SGD + multi-round FedAvg) | trainingSamples=27 | localMLProb=0.6036 | trainAccuracy=0.3704 | anomaly=no
 Node 2: Federated Local-Model IDS (real per-node SGD + multi-round FedAvg) | trainingSamples=27 | localMLProb=0.6036 | trainAccuracy=0.3704 | anomaly=no
 Node 3: Federated Local-Model IDS (real per-node SGD + multi-round FedAvg) | trainingSamples=27 | localMLProb=0.6036 | trainAccuracy=0.3704 | anomaly=no
 Node 4: Federated Local-Model IDS (real per-node SGD + multi-round FedAvg) | trainingSamples=27 | localMLProb=0.6036 | trainAccuracy=0.3704 | anomaly=no
 Node 5: Federated Local-Model IDS (real per-node SGD + multi-round FedAvg) | trainingSamples=27 | localMLProb=0.6003 | trainAccuracy=0.3333 | anomaly=no
 Node 6: Federated Local-Model IDS (real per-node SGD + multi-round FedAvg) | trainingSamples=27 | localMLProb=0.6003 | trainAccuracy=0.3333 | anomaly=no
 Node 7: Federated Local-Model IDS (real per-node SGD + multi-round FedAvg) | trainingSamples=27 | localMLProb=0.6003 | trainAccuracy=0.3333 | anomaly=no
 Node 8: Federated Local-Model IDS (real per-node SGD + multi-round FedAvg) | trainingSamples=27 | localMLProb=0.6003 | trainAccuracy=0.3333 | anomaly=no
WIP FedAvg round=3 globalLoss=0.7169 | SHS FedAvg round=3 globalLoss=0.7094
MITM DISABLED for recovery!
Node 0 detected anomaly (MITM) via trained local FL model - triggering in-sim recovery
Node 1 detected anomaly (MITM) via trained local FL model - triggering in-sim recovery
Node 2 detected anomaly (MITM) via trained local FL model - triggering in-sim recovery
Node 3 detected anomaly (MITM) via trained local FL model - triggering in-sim recovery
Node 4 detected anomaly (MITM) via trained local FL model - triggering in-sim recovery
Node 5 detected anomaly (MITM) via trained local FL model - triggering in-sim recovery
Node 6 detected anomaly (MITM) via trained local FL model - triggering in-sim recovery
Node 7 detected anomaly (MITM) via trained local FL model - triggering in-sim recovery
Node 8 detected anomaly (MITM) via trained local FL model - triggering in-sim recovery
[Retransmit] Called for flowId: 1, nodeIdx: 0
[Retransmit] Total retransmitted for flow 1: 0
[Retransmit] Called for flowId: 2, nodeIdx: 1
[Retransmit] Total retransmitted for flow 2: 0
[Retransmit] Called for flowId: 3, nodeIdx: 2
[Retransmit] Total retransmitted for flow 3: 0
[Retransmit] Called for flowId: 4, nodeIdx: 3
[Retransmit] Total retransmitted for flow 4: 0
[Retransmit] Called for flowId: 5, nodeIdx: 4
[Retransmit] Total retransmitted for flow 5: 0
[Retransmit] Called for flowId: 6, nodeIdx: 5
[Retransmit] Total retransmitted for flow 6: 0
[Retransmit] Called for flowId: 7, nodeIdx: 6
[Retransmit] Total retransmitted for flow 7: 0
[Retransmit] Called for flowId: 8, nodeIdx: 7
[Retransmit] Total retransmitted for flow 8: 0
[Retransmit] Called for flowId: 9, nodeIdx: 8
[Retransmit] Total retransmitted for flow 9: 0
[BluetoothEnergy] time: 30.2000 s, node: 11, state: 1, total_energy: 0.0000 kWh
MITM BYPASSED (disabled, forwarding packet UID 1970371)
MITM BYPASSED (disabled, forwarding packet UID 1970808)
MITM BYPASSED (disabled, forwarding packet UID 1971398)
MITM BYPASSED (disabled, forwarding packet UID 1971934)
MITM BYPASSED (disabled, forwarding packet UID 1972518)
MITM BYPASSED (disabled, forwarding packet UID 1973142)
MITM BYPASSED (disabled, forwarding packet UID 1973830)
MITM BYPASSED (disabled, forwarding packet UID 1974444)
MITM BYPASSED (disabled, forwarding packet UID 1975064)
MITM BYPASSED (disabled, forwarding packet UID 1975698)
MITM BYPASSED (disabled, forwarding packet UID 1976326)
MITM BYPASSED (disabled, forwarding packet UID 1976955)
MITM BYPASSED (disabled, forwarding packet UID 1977565)
MITM BYPASSED (disabled, forwarding packet UID 1978178)
MITM BYPASSED (disabled, forwarding packet UID 1978733)
MITM BYPASSED (disabled, forwarding packet UID 1979392)
MITM BYPASSED (disabled, forwarding packet UID 1979991)
MITM BYPASSED (disabled, forwarding packet UID 1980592)
MITM BYPASSED (disabled, forwarding packet UID 1981222)
MITM BYPASSED (disabled, forwarding packet UID 1981845)
MITM BYPASSED (disabled, forwarding packet UID 1982360)
MITM BYPASSED (disabled, forwarding packet UID 1982946)
MITM BYPASSED (disabled, forwarding packet UID 1983582)
MITM BYPASSED (disabled, forwarding packet UID 1984200)
MITM BYPASSED (disabled, forwarding packet UID 1984824)
MITM BYPASSED (disabled, forwarding packet UID 1985445)
MITM BYPASSED (disabled, forwarding packet UID 1985908)
MITM BYPASSED (disabled, forwarding packet UID 1986575)
MITM BYPASSED (disabled, forwarding packet UID 1987222)
MITM BYPASSED (disabled, forwarding packet UID 1987831)
MITM BYPASSED (disabled, forwarding packet UID 1988395)
MITM BYPASSED (disabled, forwarding packet UID 1989017)
MITM BYPASSED (disabled, forwarding packet UID 1989597)
MITM BYPASSED (disabled, forwarding packet UID 1990156)
MITM BYPASSED (disabled, forwarding packet UID 1990789)
MITM BYPASSED (disabled, forwarding packet UID 1991378)
MITM BYPASSED (disabled, forwarding packet UID 1991963)
MITM BYPASSED (disabled, forwarding packet UID 1992585)
MITM BYPASSED (disabled, forwarding packet UID 1993207)
MITM BYPASSED (disabled, forwarding packet UID 1993791)
MITM BYPASSED (disabled, forwarding packet UID 1994435)
MITM BYPASSED (disabled, forwarding packet UID 1995008)
MITM BYPASSED (disabled, forwarding packet UID 1995575)
MITM BYPASSED (disabled, forwarding packet UID 1996145)
MITM BYPASSED (disabled, forwarding packet UID 1996818)
MITM BYPASSED (disabled, forwarding packet UID 1997430)
MITM BYPASSED (disabled, forwarding packet UID 1998075)
MITM BYPASSED (disabled, forwarding packet UID 1998667)
MITM BYPASSED (disabled, forwarding packet UID 1999252)
MITM BYPASSED (disabled, forwarding packet UID 1999679)
MITM BYPASSED (disabled, forwarding packet UID 2000393)
MITM BYPASSED (disabled, forwarding packet UID 2000867)
MITM BYPASSED (disabled, forwarding packet UID 2001490)
MITM BYPASSED (disabled, forwarding packet UID 2002184)
MITM BYPASSED (disabled, forwarding packet UID 2002880)
MITM BYPASSED (disabled, forwarding packet UID 2003525)
MITM BYPASSED (disabled, forwarding packet UID 2004167)
MITM BYPASSED (disabled, forwarding packet UID 2004716)
MITM BYPASSED (disabled, forwarding packet UID 2005314)
MITM BYPASSED (disabled, forwarding packet UID 2005916)
MITM BYPASSED (disabled, forwarding packet UID 2006511)
MITM BYPASSED (disabled, forwarding packet UID 2007159)
MITM BYPASSED (disabled, forwarding packet UID 2007791)
MITM BYPASSED (disabled, forwarding packet UID 2008402)
MITM BYPASSED (disabled, forwarding packet UID 2009017)
MITM BYPASSED (disabled, forwarding packet UID 2009536)
MITM BYPASSED (disabled, forwarding packet UID 2010158)
MITM BYPASSED (disabled, forwarding packet UID 2010794)
MITM BYPASSED (disabled, forwarding packet UID 2011404)
MITM BYPASSED (disabled, forwarding packet UID 2011995)
MITM BYPASSED (disabled, forwarding packet UID 2012565)
MITM BYPASSED (disabled, forwarding packet UID 2013119)
MITM BYPASSED (disabled, forwarding packet UID 2013693)
MITM BYPASSED (disabled, forwarding packet UID 2014274)
MITM BYPASSED (disabled, forwarding packet UID 2014766)
MITM BYPASSED (disabled, forwarding packet UID 2015280)
MITM BYPASSED (disabled, forwarding packet UID 2015612)
MITM BYPASSED (disabled, forwarding packet UID 2016405)
MITM BYPASSED (disabled, forwarding packet UID 2017161)
MITM BYPASSED (disabled, forwarding packet UID 2017708)
MITM BYPASSED (disabled, forwarding packet UID 2018372)
MITM BYPASSED (disabled, forwarding packet UID 2018898)
MITM BYPASSED (disabled, forwarding packet UID 2019509)
MITM BYPASSED (disabled, forwarding packet UID 2020204)
MITM BYPASSED (disabled, forwarding packet UID 2020844)
MITM BYPASSED (disabled, forwarding packet UID 2021471)
MITM BYPASSED (disabled, forwarding packet UID 2022060)
MITM BYPASSED (disabled, forwarding packet UID 2022652)
MITM BYPASSED (disabled, forwarding packet UID 2023270)
MITM BYPASSED (disabled, forwarding packet UID 2023890)
MITM BYPASSED (disabled, forwarding packet UID 2024487)
MITM BYPASSED (disabled, forwarding packet UID 2025102)
MITM BYPASSED (disabled, forwarding packet UID 2025711)
MITM BYPASSED (disabled, forwarding packet UID 2026320)
MITM BYPASSED (disabled, forwarding packet UID 2026926)
MITM BYPASSED (disabled, forwarding packet UID 2027526)
MITM BYPASSED (disabled, forwarding packet UID 2028150)
MITM BYPASSED (disabled, forwarding packet UID 2028801)
MITM BYPASSED (disabled, forwarding packet UID 2029350)
MITM BYPASSED (disabled, forwarding packet UID 2029894)
MITM BYPASSED (disabled, forwarding packet UID 2030551)
MITM BYPASSED (disabled, forwarding packet UID 2030954)
MITM BYPASSED (disabled, forwarding packet UID 2031656)
MITM BYPASSED (disabled, forwarding packet UID 2032231)
MITM BYPASSED (disabled, forwarding packet UID 2032846)
MITM BYPASSED (disabled, forwarding packet UID 2033504)
MITM BYPASSED (disabled, forwarding packet UID 2034110)
MITM BYPASSED (disabled, forwarding packet UID 2034739)
MITM BYPASSED (disabled, forwarding packet UID 2035319)
MITM BYPASSED (disabled, forwarding packet UID 2035904)
MITM BYPASSED (disabled, forwarding packet UID 2036513)
MITM BYPASSED (disabled, forwarding packet UID 2037139)
MITM BYPASSED (disabled, forwarding packet UID 2037712)
MITM BYPASSED (disabled, forwarding packet UID 2038344)
MITM BYPASSED (disabled, forwarding packet UID 2038962)
MITM BYPASSED (disabled, forwarding packet UID 2039595)
MITM BYPASSED (disabled, forwarding packet UID 2040172)
MITM BYPASSED (disabled, forwarding packet UID 2040781)
MITM BYPASSED (disabled, forwarding packet UID 2041363)
MITM BYPASSED (disabled, forwarding packet UID 2042009)
MITM BYPASSED (disabled, forwarding packet UID 2042637)
MITM BYPASSED (disabled, forwarding packet UID 2043184)
MITM BYPASSED (disabled, forwarding packet UID 2043802)
MITM BYPASSED (disabled, forwarding packet UID 2044374)
MITM BYPASSED (disabled, forwarding packet UID 2044952)
MITM BYPASSED (disabled, forwarding packet UID 2045597)
MITM BYPASSED (disabled, forwarding packet UID 2046013)
MITM BYPASSED (disabled, forwarding packet UID 2046729)
MITM BYPASSED (disabled, forwarding packet UID 2047327)
MITM BYPASSED (disabled, forwarding packet UID 2048007)
MITM BYPASSED (disabled, forwarding packet UID 2048601)
MITM BYPASSED (disabled, forwarding packet UID 2049124)
MITM BYPASSED (disabled, forwarding packet UID 2049716)
MITM BYPASSED (disabled, forwarding packet UID 2050342)
MITM BYPASSED (disabled, forwarding packet UID 2050951)
MITM BYPASSED (disabled, forwarding packet UID 2051622)
MITM BYPASSED (disabled, forwarding packet UID 2052198)
MITM BYPASSED (disabled, forwarding packet UID 2052811)
MITM BYPASSED (disabled, forwarding packet UID 2053427)
MITM BYPASSED (disabled, forwarding packet UID 2053955)
MITM BYPASSED (disabled, forwarding packet UID 2054519)
MITM BYPASSED (disabled, forwarding packet UID 2055086)
MITM BYPASSED (disabled, forwarding packet UID 2055776)
MITM BYPASSED (disabled, forwarding packet UID 2056364)
MITM BYPASSED (disabled, forwarding packet UID 2056973)
MITM BYPASSED (disabled, forwarding packet UID 2057489)
MITM BYPASSED (disabled, forwarding packet UID 2057982)
MITM BYPASSED (disabled, forwarding packet UID 2058659)
MITM BYPASSED (disabled, forwarding packet UID 2059256)
MITM BYPASSED (disabled, forwarding packet UID 2059948)
MITM BYPASSED (disabled, forwarding packet UID 2060570)
MITM BYPASSED (disabled, forwarding packet UID 2061019)
MITM BYPASSED (disabled, forwarding packet UID 2061661)
MITM BYPASSED (disabled, forwarding packet UID 2062264)
MITM BYPASSED (disabled, forwarding packet UID 2062853)
MITM BYPASSED (disabled, forwarding packet UID 2063525)
MITM BYPASSED (disabled, forwarding packet UID 2064125)
MITM BYPASSED (disabled, forwarding packet UID 2064718)
MITM BYPASSED (disabled, forwarding packet UID 2065356)
MITM BYPASSED (disabled, forwarding packet UID 2065935)
MITM BYPASSED (disabled, forwarding packet UID 2066599)
MITM BYPASSED (disabled, forwarding packet UID 2067189)
MITM BYPASSED (disabled, forwarding packet UID 2067764)
MITM BYPASSED (disabled, forwarding packet UID 2068392)
MITM BYPASSED (disabled, forwarding packet UID 2069016)
MITM BYPASSED (disabled, forwarding packet UID 2069603)
MITM BYPASSED (disabled, forwarding packet UID 2070159)
MITM BYPASSED (disabled, forwarding packet UID 2070764)
MITM BYPASSED (disabled, forwarding packet UID 2071338)
MITM BYPASSED (disabled, forwarding packet UID 2072031)
MITM BYPASSED (disabled, forwarding packet UID 2072595)
MITM BYPASSED (disabled, forwarding packet UID 2073231)
MITM BYPASSED (disabled, forwarding packet UID 2073802)
MITM BYPASSED (disabled, forwarding packet UID 2074392)
MITM BYPASSED (disabled, forwarding packet UID 2074886)
MITM BYPASSED (disabled, forwarding packet UID 2075468)
MITM BYPASSED (disabled, forwarding packet UID 2075869)
MITM BYPASSED (disabled, forwarding packet UID 2076535)
MITM BYPASSED (disabled, forwarding packet UID 2077319)
MITM BYPASSED (disabled, forwarding packet UID 2077887)
MITM BYPASSED (disabled, forwarding packet UID 2078481)
MITM BYPASSED (disabled, forwarding packet UID 2079060)
MITM BYPASSED (disabled, forwarding packet UID 2079671)
MITM BYPASSED (disabled, forwarding packet UID 2080347)
MITM BYPASSED (disabled, forwarding packet UID 2080982)
MITM BYPASSED (disabled, forwarding packet UID 2081544)
MITM BYPASSED (disabled, forwarding packet UID 2082215)
MITM BYPASSED (disabled, forwarding packet UID 2082813)
MITM BYPASSED (disabled, forwarding packet UID 2083438)
MITM BYPASSED (disabled, forwarding packet UID 2084080)
MITM BYPASSED (disabled, forwarding packet UID 2084618)
MITM BYPASSED (disabled, forwarding packet UID 2085269)
MITM BYPASSED (disabled, forwarding packet UID 2085839)
MITM BYPASSED (disabled, forwarding packet UID 2086458)
MITM BYPASSED (disabled, forwarding packet UID 2087079)
MITM BYPASSED (disabled, forwarding packet UID 2087635)
MITM BYPASSED (disabled, forwarding packet UID 2088240)
MITM BYPASSED (disabled, forwarding packet UID 2088891)
MITM BYPASSED (disabled, forwarding packet UID 2089497)
MITM BYPASSED (disabled, forwarding packet UID 2090156)
MITM BYPASSED (disabled, forwarding packet UID 2090731)
MITM BYPASSED (disabled, forwarding packet UID 2091168)
MITM BYPASSED (disabled, forwarding packet UID 2091888)
MITM BYPASSED (disabled, forwarding packet UID 2092427)
MITM BYPASSED (disabled, forwarding packet UID 2093007)
MITM BYPASSED (disabled, forwarding packet UID 2093615)
MITM BYPASSED (disabled, forwarding packet UID 2094265)
MITM BYPASSED (disabled, forwarding packet UID 2094876)
MITM BYPASSED (disabled, forwarding packet UID 2095502)
MITM BYPASSED (disabled, forwarding packet UID 2096132)
MITM BYPASSED (disabled, forwarding packet UID 2096706)
MITM BYPASSED (disabled, forwarding packet UID 2097345)
MITM BYPASSED (disabled, forwarding packet UID 2098010)
MITM BYPASSED (disabled, forwarding packet UID 2098637)
MITM BYPASSED (disabled, forwarding packet UID 2099241)
MITM BYPASSED (disabled, forwarding packet UID 2099868)
MITM BYPASSED (disabled, forwarding packet UID 2100485)
MITM BYPASSED (disabled, forwarding packet UID 2101114)
MITM BYPASSED (disabled, forwarding packet UID 2101721)
MITM BYPASSED (disabled, forwarding packet UID 2102323)
MITM BYPASSED (disabled, forwarding packet UID 2102921)
MITM BYPASSED (disabled, forwarding packet UID 2103516)
MITM BYPASSED (disabled, forwarding packet UID 2104143)
MITM BYPASSED (disabled, forwarding packet UID 2104739)
MITM BYPASSED (disabled, forwarding packet UID 2105325)
MITM BYPASSED (disabled, forwarding packet UID 2105930)
MITM BYPASSED (disabled, forwarding packet UID 2106338)
MITM BYPASSED (disabled, forwarding packet UID 2107009)
MITM BYPASSED (disabled, forwarding packet UID 2107631)
MITM BYPASSED (disabled, forwarding packet UID 2108243)
MITM BYPASSED (disabled, forwarding packet UID 2108740)
MITM BYPASSED (disabled, forwarding packet UID 2109337)
MITM BYPASSED (disabled, forwarding packet UID 2109932)
MITM BYPASSED (disabled, forwarding packet UID 2110604)
MITM BYPASSED (disabled, forwarding packet UID 2111204)
MITM BYPASSED (disabled, forwarding packet UID 2111807)
MITM BYPASSED (disabled, forwarding packet UID 2112344)
MITM BYPASSED (disabled, forwarding packet UID 2112982)
MITM BYPASSED (disabled, forwarding packet UID 2113591)
MITM BYPASSED (disabled, forwarding packet UID 2114189)
MITM BYPASSED (disabled, forwarding packet UID 2114853)
MITM BYPASSED (disabled, forwarding packet UID 2115359)
MITM BYPASSED (disabled, forwarding packet UID 2115918)
MITM BYPASSED (disabled, forwarding packet UID 2116557)
MITM BYPASSED (disabled, forwarding packet UID 2117174)
MITM BYPASSED (disabled, forwarding packet UID 2118054)
MITM BYPASSED (disabled, forwarding packet UID 2118662)
MITM BYPASSED (disabled, forwarding packet UID 2119271)
MITM BYPASSED (disabled, forwarding packet UID 2119887)
MITM BYPASSED (disabled, forwarding packet UID 2120418)
MITM BYPASSED (disabled, forwarding packet UID 2121062)
MITM BYPASSED (disabled, forwarding packet UID 2121651)
MITM BYPASSED (disabled, forwarding packet UID 2122262)
MITM BYPASSED (disabled, forwarding packet UID 2122873)
MITM BYPASSED (disabled, forwarding packet UID 2123488)
MITM BYPASSED (disabled, forwarding packet UID 2124099)
MITM BYPASSED (disabled, forwarding packet UID 2124674)
MITM BYPASSED (disabled, forwarding packet UID 2125061)
MITM BYPASSED (disabled, forwarding packet UID 2125643)
MITM BYPASSED (disabled, forwarding packet UID 2126204)
MITM BYPASSED (disabled, forwarding packet UID 2126845)
MITM BYPASSED (disabled, forwarding packet UID 2127581)
MITM BYPASSED (disabled, forwarding packet UID 2128151)
MITM BYPASSED (disabled, forwarding packet UID 2128807)
MITM BYPASSED (disabled, forwarding packet UID 2129422)
MITM BYPASSED (disabled, forwarding packet UID 2129944)
MITM BYPASSED (disabled, forwarding packet UID 2130537)
MITM BYPASSED (disabled, forwarding packet UID 2131256)
MITM BYPASSED (disabled, forwarding packet UID 2131685)
MITM BYPASSED (disabled, forwarding packet UID 2132262)
MITM BYPASSED (disabled, forwarding packet UID 2132892)
MITM BYPASSED (disabled, forwarding packet UID 2133575)
MITM BYPASSED (disabled, forwarding packet UID 2134095)
MITM BYPASSED (disabled, forwarding packet UID 2134667)
MITM BYPASSED (disabled, forwarding packet UID 2135362)
MITM BYPASSED (disabled, forwarding packet UID 2135941)
MITM BYPASSED (disabled, forwarding packet UID 2136555)
MITM BYPASSED (disabled, forwarding packet UID 2137155)
MITM BYPASSED (disabled, forwarding packet UID 2137657)
MITM BYPASSED (disabled, forwarding packet UID 2138237)
MITM BYPASSED (disabled, forwarding packet UID 2138853)
MITM BYPASSED (disabled, forwarding packet UID 2139510)
MITM BYPASSED (disabled, forwarding packet UID 2139805)
MITM BYPASSED (disabled, forwarding packet UID 2140474)
MITM BYPASSED (disabled, forwarding packet UID 2141121)
MITM BYPASSED (disabled, forwarding packet UID 2141706)
MITM BYPASSED (disabled, forwarding packet UID 2142382)
MITM BYPASSED (disabled, forwarding packet UID 2142980)
MITM BYPASSED (disabled, forwarding packet UID 2143631)
MITM BYPASSED (disabled, forwarding packet UID 2144218)
MITM BYPASSED (disabled, forwarding packet UID 2144870)
MITM BYPASSED (disabled, forwarding packet UID 2145476)
MITM BYPASSED (disabled, forwarding packet UID 2146080)
MITM BYPASSED (disabled, forwarding packet UID 2146677)
MITM BYPASSED (disabled, forwarding packet UID 2147312)
MITM BYPASSED (disabled, forwarding packet UID 2147932)
MITM BYPASSED (disabled, forwarding packet UID 2148541)
MITM BYPASSED (disabled, forwarding packet UID 2149130)
MITM BYPASSED (disabled, forwarding packet UID 2149703)
MITM BYPASSED (disabled, forwarding packet UID 2150318)
MITM BYPASSED (disabled, forwarding packet UID 2150958)
MITM BYPASSED (disabled, forwarding packet UID 2151565)
MITM BYPASSED (disabled, forwarding packet UID 2152184)
MITM BYPASSED (disabled, forwarding packet UID 2152780)
MITM BYPASSED (disabled, forwarding packet UID 2153387)
MITM BYPASSED (disabled, forwarding packet UID 2153839)
MITM BYPASSED (disabled, forwarding packet UID 2154381)
MITM BYPASSED (disabled, forwarding packet UID 2154751)
MITM BYPASSED (disabled, forwarding packet UID 2155426)
MITM BYPASSED (disabled, forwarding packet UID 2156177)
MITM BYPASSED (disabled, forwarding packet UID 2156784)
MITM BYPASSED (disabled, forwarding packet UID 2157336)
MITM BYPASSED (disabled, forwarding packet UID 2157994)
MITM BYPASSED (disabled, forwarding packet UID 2158636)
MITM BYPASSED (disabled, forwarding packet UID 2159176)
MITM BYPASSED (disabled, forwarding packet UID 2159807)
MITM BYPASSED (disabled, forwarding packet UID 2160456)
MITM BYPASSED (disabled, forwarding packet UID 2161066)
MITM BYPASSED (disabled, forwarding packet UID 2161640)
MITM BYPASSED (disabled, forwarding packet UID 2162291)
MITM BYPASSED (disabled, forwarding packet UID 2162834)
MITM BYPASSED (disabled, forwarding packet UID 2163497)
MITM BYPASSED (disabled, forwarding packet UID 2164123)
MITM BYPASSED (disabled, forwarding packet UID 2164725)
MITM BYPASSED (disabled, forwarding packet UID 2165306)
MITM BYPASSED (disabled, forwarding packet UID 2165864)
MITM BYPASSED (disabled, forwarding packet UID 2166519)
MITM BYPASSED (disabled, forwarding packet UID 2167096)
MITM BYPASSED (disabled, forwarding packet UID 2167734)
MITM BYPASSED (disabled, forwarding packet UID 2168267)
MITM BYPASSED (disabled, forwarding packet UID 2168970)
MITM BYPASSED (disabled, forwarding packet UID 2169621)
MITM BYPASSED (disabled, forwarding packet UID 2170050)
MITM BYPASSED (disabled, forwarding packet UID 2170627)
MITM BYPASSED (disabled, forwarding packet UID 2171239)
MITM BYPASSED (disabled, forwarding packet UID 2171854)
MITM BYPASSED (disabled, forwarding packet UID 2172405)
MITM BYPASSED (disabled, forwarding packet UID 2172984)
MITM BYPASSED (disabled, forwarding packet UID 2173654)
MITM BYPASSED (disabled, forwarding packet UID 2174261)
MITM BYPASSED (disabled, forwarding packet UID 2174864)
MITM BYPASSED (disabled, forwarding packet UID 2175478)
MITM BYPASSED (disabled, forwarding packet UID 2176099)
MITM BYPASSED (disabled, forwarding packet UID 2176699)
MITM BYPASSED (disabled, forwarding packet UID 2177294)
MITM BYPASSED (disabled, forwarding packet UID 2177918)
MITM BYPASSED (disabled, forwarding packet UID 2178541)
MITM BYPASSED (disabled, forwarding packet UID 2179159)
MITM BYPASSED (disabled, forwarding packet UID 2179827)
MITM BYPASSED (disabled, forwarding packet UID 2180325)
MITM BYPASSED (disabled, forwarding packet UID 2180906)
MITM BYPASSED (disabled, forwarding packet UID 2181566)
MITM BYPASSED (disabled, forwarding packet UID 2182165)
MITM BYPASSED (disabled, forwarding packet UID 2182757)
MITM BYPASSED (disabled, forwarding packet UID 2183341)
MITM BYPASSED (disabled, forwarding packet UID 2183952)
MITM BYPASSED (disabled, forwarding packet UID 2184533)
MITM BYPASSED (disabled, forwarding packet UID 2184977)
MITM BYPASSED (disabled, forwarding packet UID 2185613)
MITM BYPASSED (disabled, forwarding packet UID 2186118)
MITM BYPASSED (disabled, forwarding packet UID 2186821)
MITM BYPASSED (disabled, forwarding packet UID 2187458)
MITM BYPASSED (disabled, forwarding packet UID 2188100)
MITM BYPASSED (disabled, forwarding packet UID 2188694)
MITM BYPASSED (disabled, forwarding packet UID 2189273)
MITM BYPASSED (disabled, forwarding packet UID 2189740)
MITM BYPASSED (disabled, forwarding packet UID 2190444)
MITM BYPASSED (disabled, forwarding packet UID 2191028)
MITM BYPASSED (disabled, forwarding packet UID 2191592)
MITM BYPASSED (disabled, forwarding packet UID 2192253)
MITM BYPASSED (disabled, forwarding packet UID 2192867)
MITM BYPASSED (disabled, forwarding packet UID 2193485)
MITM BYPASSED (disabled, forwarding packet UID 2194117)
MITM BYPASSED (disabled, forwarding packet UID 2194720)
MITM BYPASSED (disabled, forwarding packet UID 2195329)
MITM BYPASSED (disabled, forwarding packet UID 2195907)
MITM BYPASSED (disabled, forwarding packet UID 2196541)
MITM BYPASSED (disabled, forwarding packet UID 2197095)
MITM BYPASSED (disabled, forwarding packet UID 2197696)
MITM BYPASSED (disabled, forwarding packet UID 2198357)
MITM BYPASSED (disabled, forwarding packet UID 2198957)
MITM BYPASSED (disabled, forwarding packet UID 2199544)
MITM BYPASSED (disabled, forwarding packet UID 2199984)
MITM BYPASSED (disabled, forwarding packet UID 2200588)
MITM BYPASSED (disabled, forwarding packet UID 2201231)
MITM BYPASSED (disabled, forwarding packet UID 2201683)
MITM BYPASSED (disabled, forwarding packet UID 2202284)
MITM BYPASSED (disabled, forwarding packet UID 2202897)
MITM BYPASSED (disabled, forwarding packet UID 2203565)
MITM BYPASSED (disabled, forwarding packet UID 2204154)
MITM BYPASSED (disabled, forwarding packet UID 2204779)
MITM BYPASSED (disabled, forwarding packet UID 2205378)
MITM BYPASSED (disabled, forwarding packet UID 2205961)
MITM BYPASSED (disabled, forwarding packet UID 2206642)
MITM BYPASSED (disabled, forwarding packet UID 2207229)
MITM BYPASSED (disabled, forwarding packet UID 2207847)
MITM BYPASSED (disabled, forwarding packet UID 2208487)
MITM BYPASSED (disabled, forwarding packet UID 2209049)
MITM BYPASSED (disabled, forwarding packet UID 2209673)
MITM BYPASSED (disabled, forwarding packet UID 2210242)
MITM BYPASSED (disabled, forwarding packet UID 2210877)
MITM BYPASSED (disabled, forwarding packet UID 2211497)
MITM BYPASSED (disabled, forwarding packet UID 2212099)
MITM BYPASSED (disabled, forwarding packet UID 2212662)
MITM BYPASSED (disabled, forwarding packet UID 2213295)
MITM BYPASSED (disabled, forwarding packet UID 2213925)
MITM BYPASSED (disabled, forwarding packet UID 2214551)
MITM BYPASSED (disabled, forwarding packet UID 2214929)
MITM BYPASSED (disabled, forwarding packet UID 2215561)
MITM BYPASSED (disabled, forwarding packet UID 2216170)
MITM BYPASSED (disabled, forwarding packet UID 2216781)
MITM BYPASSED (disabled, forwarding packet UID 2217493)
MITM BYPASSED (disabled, forwarding packet UID 2218112)
MITM BYPASSED (disabled, forwarding packet UID 2218765)
MITM BYPASSED (disabled, forwarding packet UID 2219415)
MITM BYPASSED (disabled, forwarding packet UID 2220017)
MITM BYPASSED (disabled, forwarding packet UID 2220636)
MITM BYPASSED (disabled, forwarding packet UID 2221254)
MITM BYPASSED (disabled, forwarding packet UID 2221884)
MITM BYPASSED (disabled, forwarding packet UID 2222468)
MITM BYPASSED (disabled, forwarding packet UID 2223036)
MITM BYPASSED (disabled, forwarding packet UID 2223577)
MITM BYPASSED (disabled, forwarding packet UID 2224237)
MITM BYPASSED (disabled, forwarding packet UID 2224893)
MITM BYPASSED (disabled, forwarding packet UID 2225413)
MITM BYPASSED (disabled, forwarding packet UID 2226062)
MITM BYPASSED (disabled, forwarding packet UID 2226664)
MITM BYPASSED (disabled, forwarding packet UID 2227282)
MITM BYPASSED (disabled, forwarding packet UID 2227902)
MITM BYPASSED (disabled, forwarding packet UID 2228436)
MITM BYPASSED (disabled, forwarding packet UID 2229063)
MITM BYPASSED (disabled, forwarding packet UID 2229643)
MITM BYPASSED (disabled, forwarding packet UID 2230050)
MITM BYPASSED (disabled, forwarding packet UID 2230659)
MITM BYPASSED (disabled, forwarding packet UID 2231350)
MITM BYPASSED (disabled, forwarding packet UID 2231994)
MITM BYPASSED (disabled, forwarding packet UID 2232634)
MITM BYPASSED (disabled, forwarding packet UID 2233252)
MITM BYPASSED (disabled, forwarding packet UID 2233745)
MITM BYPASSED (disabled, forwarding packet UID 2234340)
MITM BYPASSED (disabled, forwarding packet UID 2235018)
MITM BYPASSED (disabled, forwarding packet UID 2235628)
MITM BYPASSED (disabled, forwarding packet UID 2236213)
MITM BYPASSED (disabled, forwarding packet UID 2236776)
MITM BYPASSED (disabled, forwarding packet UID 2237346)
MITM BYPASSED (disabled, forwarding packet UID 2238009)
MITM BYPASSED (disabled, forwarding packet UID 2238657)
MITM BYPASSED (disabled, forwarding packet UID 2239260)
MITM BYPASSED (disabled, forwarding packet UID 2239882)
MITM BYPASSED (disabled, forwarding packet UID 2240463)
MITM BYPASSED (disabled, forwarding packet UID 2241044)
MITM BYPASSED (disabled, forwarding packet UID 2241661)
MITM BYPASSED (disabled, forwarding packet UID 2242294)
MITM BYPASSED (disabled, forwarding packet UID 2242887)
MITM BYPASSED (disabled, forwarding packet UID 2243448)
MITM BYPASSED (disabled, forwarding packet UID 2244050)
MITM BYPASSED (disabled, forwarding packet UID 2244697)
MITM BYPASSED (disabled, forwarding packet UID 2245170)
MITM BYPASSED (disabled, forwarding packet UID 2245853)
MITM BYPASSED (disabled, forwarding packet UID 2246454)
MITM BYPASSED (disabled, forwarding packet UID 2247091)
MITM BYPASSED (disabled, forwarding packet UID 2247686)
MITM BYPASSED (disabled, forwarding packet UID 2248321)
MITM BYPASSED (disabled, forwarding packet UID 2248929)
MITM BYPASSED (disabled, forwarding packet UID 2249506)
MITM BYPASSED (disabled, forwarding packet UID 2250116)
MITM BYPASSED (disabled, forwarding packet UID 2250737)
MITM BYPASSED (disabled, forwarding packet UID 2251367)
MITM BYPASSED (disabled, forwarding packet UID 2251982)
MITM BYPASSED (disabled, forwarding packet UID 2252559)
MITM BYPASSED (disabled, forwarding packet UID 2253175)
MITM BYPASSED (disabled, forwarding packet UID 2253702)
MITM BYPASSED (disabled, forwarding packet UID 2254244)
MITM BYPASSED (disabled, forwarding packet UID 2254856)
MITM BYPASSED (disabled, forwarding packet UID 2255453)
MITM BYPASSED (disabled, forwarding packet UID 2256058)
MITM BYPASSED (disabled, forwarding packet UID 2256620)
MITM BYPASSED (disabled, forwarding packet UID 2257244)
MITM BYPASSED (disabled, forwarding packet UID 2257880)
MITM BYPASSED (disabled, forwarding packet UID 2258452)
MITM BYPASSED (disabled, forwarding packet UID 2259053)
MITM BYPASSED (disabled, forwarding packet UID 2259643)
MITM BYPASSED (disabled, forwarding packet UID 2260055)
MITM BYPASSED (disabled, forwarding packet UID 2260640)
MITM BYPASSED (disabled, forwarding packet UID 2261240)
MITM BYPASSED (disabled, forwarding packet UID 2261853)
MITM BYPASSED (disabled, forwarding packet UID 2262493)
MITM BYPASSED (disabled, forwarding packet UID 2263145)
MITM BYPASSED (disabled, forwarding packet UID 2263780)
[BluetoothEnergy] time: 35.0000 s, node: 11, state: 0, total_energy: 0.0000 kWh
MITM BYPASSED (disabled, forwarding packet UID 2264685)
MITM BYPASSED (disabled, forwarding packet UID 2265290)
MITM BYPASSED (disabled, forwarding packet UID 2265857)
MITM BYPASSED (disabled, forwarding packet UID 2266463)
MITM BYPASSED (disabled, forwarding packet UID 2267092)
MITM BYPASSED (disabled, forwarding packet UID 2267657)
MITM BYPASSED (disabled, forwarding packet UID 2268271)
MITM BYPASSED (disabled, forwarding packet UID 2268833)
MITM BYPASSED (disabled, forwarding packet UID 2269469)
MITM BYPASSED (disabled, forwarding packet UID 2270069)
MITM BYPASSED (disabled, forwarding packet UID 2270612)
MITM BYPASSED (disabled, forwarding packet UID 2271286)
MITM BYPASSED (disabled, forwarding packet UID 2271830)
MITM BYPASSED (disabled, forwarding packet UID 2272377)
MITM BYPASSED (disabled, forwarding packet UID 2273001)
MITM BYPASSED (disabled, forwarding packet UID 2273592)
MITM BYPASSED (disabled, forwarding packet UID 2274122)
MITM BYPASSED (disabled, forwarding packet UID 2274723)
MITM BYPASSED (disabled, forwarding packet UID 2275237)
MITM BYPASSED (disabled, forwarding packet UID 2275921)
MITM BYPASSED (disabled, forwarding packet UID 2276575)
MITM BYPASSED (disabled, forwarding packet UID 2277199)
MITM BYPASSED (disabled, forwarding packet UID 2277812)
MITM BYPASSED (disabled, forwarding packet UID 2278404)
MITM BYPASSED (disabled, forwarding packet UID 2278736)
MITM BYPASSED (disabled, forwarding packet UID 2279393)
MITM BYPASSED (disabled, forwarding packet UID 2280008)
MITM BYPASSED (disabled, forwarding packet UID 2280561)
MITM BYPASSED (disabled, forwarding packet UID 2281194)
MITM BYPASSED (disabled, forwarding packet UID 2281835)
MITM BYPASSED (disabled, forwarding packet UID 2282430)
MITM BYPASSED (disabled, forwarding packet UID 2283047)
MITM BYPASSED (disabled, forwarding packet UID 2283739)
MITM BYPASSED (disabled, forwarding packet UID 2284340)
MITM BYPASSED (disabled, forwarding packet UID 2284934)
MITM BYPASSED (disabled, forwarding packet UID 2285529)
MITM BYPASSED (disabled, forwarding packet UID 2286138)
MITM BYPASSED (disabled, forwarding packet UID 2286643)
MITM BYPASSED (disabled, forwarding packet UID 2287143)
MITM BYPASSED (disabled, forwarding packet UID 2287814)
MITM BYPASSED (disabled, forwarding packet UID 2288438)
MITM BYPASSED (disabled, forwarding packet UID 2289120)
MITM BYPASSED (disabled, forwarding packet UID 2289668)
MITM BYPASSED (disabled, forwarding packet UID 2290295)
MITM BYPASSED (disabled, forwarding packet UID 2290877)
MITM BYPASSED (disabled, forwarding packet UID 2291414)
MITM BYPASSED (disabled, forwarding packet UID 2292039)
MITM BYPASSED (disabled, forwarding packet UID 2292576)
[BluetoothEnergy] time: 35.2000 s, node: 11, state: 1, total_energy: 0.0000 kWh
MITM BYPASSED (disabled, forwarding packet UID 2293277)
MITM BYPASSED (disabled, forwarding packet UID 2293614)
MITM BYPASSED (disabled, forwarding packet UID 2294144)
MITM BYPASSED (disabled, forwarding packet UID 2294818)
MITM BYPASSED (disabled, forwarding packet UID 2295468)
MITM BYPASSED (disabled, forwarding packet UID 2295851)
MITM BYPASSED (disabled, forwarding packet UID 2296589)
MITM BYPASSED (disabled, forwarding packet UID 2297201)
MITM BYPASSED (disabled, forwarding packet UID 2297749)
MITM BYPASSED (disabled, forwarding packet UID 2298367)
MITM BYPASSED (disabled, forwarding packet UID 2299024)
MITM BYPASSED (disabled, forwarding packet UID 2299607)
MITM BYPASSED (disabled, forwarding packet UID 2300189)
MITM BYPASSED (disabled, forwarding packet UID 2300835)
MITM BYPASSED (disabled, forwarding packet UID 2301429)
MITM BYPASSED (disabled, forwarding packet UID 2301975)
MITM BYPASSED (disabled, forwarding packet UID 2302582)
MITM BYPASSED (disabled, forwarding packet UID 2303099)
MITM BYPASSED (disabled, forwarding packet UID 2303698)
MITM BYPASSED (disabled, forwarding packet UID 2304368)
MITM BYPASSED (disabled, forwarding packet UID 2304990)
MITM BYPASSED (disabled, forwarding packet UID 2305584)
MITM BYPASSED (disabled, forwarding packet UID 2306227)
MITM BYPASSED (disabled, forwarding packet UID 2306820)
MITM BYPASSED (disabled, forwarding packet UID 2307394)
MITM BYPASSED (disabled, forwarding packet UID 2308023)
MITM BYPASSED (disabled, forwarding packet UID 2308452)
MITM BYPASSED (disabled, forwarding packet UID 2309050)
MITM BYPASSED (disabled, forwarding packet UID 2309729)
MITM BYPASSED (disabled, forwarding packet UID 2310396)
MITM BYPASSED (disabled, forwarding packet UID 2310930)
MITM BYPASSED (disabled, forwarding packet UID 2311552)
MITM BYPASSED (disabled, forwarding packet UID 2312169)
MITM BYPASSED (disabled, forwarding packet UID 2312709)
MITM BYPASSED (disabled, forwarding packet UID 2313368)
MITM BYPASSED (disabled, forwarding packet UID 2314017)
MITM BYPASSED (disabled, forwarding packet UID 2314613)
MITM BYPASSED (disabled, forwarding packet UID 2315199)
MITM BYPASSED (disabled, forwarding packet UID 2315770)
MITM BYPASSED (disabled, forwarding packet UID 2316460)
MITM BYPASSED (disabled, forwarding packet UID 2317045)
MITM BYPASSED (disabled, forwarding packet UID 2317603)
MITM BYPASSED (disabled, forwarding packet UID 2318179)
MITM BYPASSED (disabled, forwarding packet UID 2318769)
MITM BYPASSED (disabled, forwarding packet UID 2319451)
MITM BYPASSED (disabled, forwarding packet UID 2320072)
MITM BYPASSED (disabled, forwarding packet UID 2320619)
MITM BYPASSED (disabled, forwarding packet UID 2321234)
MITM BYPASSED (disabled, forwarding packet UID 2321869)
MITM BYPASSED (disabled, forwarding packet UID 2322485)
MITM BYPASSED (disabled, forwarding packet UID 2323034)
MITM BYPASSED (disabled, forwarding packet UID 2323420)
MITM BYPASSED (disabled, forwarding packet UID 2324040)
MITM BYPASSED (disabled, forwarding packet UID 2324682)
MITM BYPASSED (disabled, forwarding packet UID 2325387)
MITM BYPASSED (disabled, forwarding packet UID 2325956)
MITM BYPASSED (disabled, forwarding packet UID 2326474)
MITM BYPASSED (disabled, forwarding packet UID 2327081)
MITM BYPASSED (disabled, forwarding packet UID 2327700)
MITM BYPASSED (disabled, forwarding packet UID 2328333)
MITM BYPASSED (disabled, forwarding packet UID 2328875)
MITM BYPASSED (disabled, forwarding packet UID 2329433)
MITM BYPASSED (disabled, forwarding packet UID 2330087)
MITM BYPASSED (disabled, forwarding packet UID 2330724)
MITM BYPASSED (disabled, forwarding packet UID 2331367)
MITM BYPASSED (disabled, forwarding packet UID 2332017)
MITM BYPASSED (disabled, forwarding packet UID 2332571)
MITM BYPASSED (disabled, forwarding packet UID 2333147)
MITM BYPASSED (disabled, forwarding packet UID 2333725)
MITM BYPASSED (disabled, forwarding packet UID 2334342)
MITM BYPASSED (disabled, forwarding packet UID 2334864)
MITM BYPASSED (disabled, forwarding packet UID 2335500)
MITM BYPASSED (disabled, forwarding packet UID 2336081)
MITM BYPASSED (disabled, forwarding packet UID 2336693)
MITM BYPASSED (disabled, forwarding packet UID 2337332)
MITM BYPASSED (disabled, forwarding packet UID 2337882)
MITM BYPASSED (disabled, forwarding packet UID 2338311)
MITM BYPASSED (disabled, forwarding packet UID 2339007)
MITM BYPASSED (disabled, forwarding packet UID 2339635)
MITM BYPASSED (disabled, forwarding packet UID 2340173)
MITM BYPASSED (disabled, forwarding packet UID 2340799)
MITM BYPASSED (disabled, forwarding packet UID 2341339)
MITM BYPASSED (disabled, forwarding packet UID 2341963)
MITM BYPASSED (disabled, forwarding packet UID 2342557)
MITM BYPASSED (disabled, forwarding packet UID 2343190)
MITM BYPASSED (disabled, forwarding packet UID 2343753)
MITM BYPASSED (disabled, forwarding packet UID 2344284)
MITM BYPASSED (disabled, forwarding packet UID 2344920)
MITM BYPASSED (disabled, forwarding packet UID 2345488)
MITM BYPASSED (disabled, forwarding packet UID 2346091)
MITM BYPASSED (disabled, forwarding packet UID 2346783)
MITM BYPASSED (disabled, forwarding packet UID 2347345)
MITM BYPASSED (disabled, forwarding packet UID 2347967)
MITM BYPASSED (disabled, forwarding packet UID 2348589)
MITM BYPASSED (disabled, forwarding packet UID 2349190)
MITM BYPASSED (disabled, forwarding packet UID 2349798)
MITM BYPASSED (disabled, forwarding packet UID 2350432)
MITM BYPASSED (disabled, forwarding packet UID 2350998)
MITM BYPASSED (disabled, forwarding packet UID 2351632)
MITM BYPASSED (disabled, forwarding packet UID 2352304)
MITM BYPASSED (disabled, forwarding packet UID 2352877)
MITM BYPASSED (disabled, forwarding packet UID 2353327)
MITM BYPASSED (disabled, forwarding packet UID 2353973)
MITM BYPASSED (disabled, forwarding packet UID 2354582)
MITM BYPASSED (disabled, forwarding packet UID 2355217)
MITM BYPASSED (disabled, forwarding packet UID 2355685)
MITM BYPASSED (disabled, forwarding packet UID 2356280)
MITM BYPASSED (disabled, forwarding packet UID 2356990)
MITM BYPASSED (disabled, forwarding packet UID 2357601)
MITM BYPASSED (disabled, forwarding packet UID 2358127)
MITM BYPASSED (disabled, forwarding packet UID 2358764)
MITM BYPASSED (disabled, forwarding packet UID 2359366)
MITM BYPASSED (disabled, forwarding packet UID 2359995)
MITM BYPASSED (disabled, forwarding packet UID 2360556)
MITM BYPASSED (disabled, forwarding packet UID 2361130)
MITM BYPASSED (disabled, forwarding packet UID 2361743)
MITM BYPASSED (disabled, forwarding packet UID 2362294)
MITM BYPASSED (disabled, forwarding packet UID 2362943)
MITM BYPASSED (disabled, forwarding packet UID 2363537)
MITM BYPASSED (disabled, forwarding packet UID 2364039)
MITM BYPASSED (disabled, forwarding packet UID 2364669)
MITM BYPASSED (disabled, forwarding packet UID 2365281)
MITM BYPASSED (disabled, forwarding packet UID 2365744)
MITM BYPASSED (disabled, forwarding packet UID 2366491)
MITM BYPASSED (disabled, forwarding packet UID 2367055)
MITM BYPASSED (disabled, forwarding packet UID 2367608)
MITM BYPASSED (disabled, forwarding packet UID 2368060)
MITM BYPASSED (disabled, forwarding packet UID 2368651)
MITM BYPASSED (disabled, forwarding packet UID 2369305)
MITM BYPASSED (disabled, forwarding packet UID 2369949)
MITM BYPASSED (disabled, forwarding packet UID 2370572)
MITM BYPASSED (disabled, forwarding packet UID 2371153)
MITM BYPASSED (disabled, forwarding packet UID 2371757)
MITM BYPASSED (disabled, forwarding packet UID 2372350)
MITM BYPASSED (disabled, forwarding packet UID 2372998)
MITM BYPASSED (disabled, forwarding packet UID 2373508)
MITM BYPASSED (disabled, forwarding packet UID 2374196)
MITM BYPASSED (disabled, forwarding packet UID 2374795)
MITM BYPASSED (disabled, forwarding packet UID 2375368)
MITM BYPASSED (disabled, forwarding packet UID 2375913)
MITM BYPASSED (disabled, forwarding packet UID 2376490)
MITM BYPASSED (disabled, forwarding packet UID 2377121)
MITM BYPASSED (disabled, forwarding packet UID 2377718)
MITM BYPASSED (disabled, forwarding packet UID 2378280)
MITM BYPASSED (disabled, forwarding packet UID 2378887)
MITM BYPASSED (disabled, forwarding packet UID 2379480)
MITM BYPASSED (disabled, forwarding packet UID 2380115)
MITM BYPASSED (disabled, forwarding packet UID 2380678)
MITM BYPASSED (disabled, forwarding packet UID 2381396)
MITM BYPASSED (disabled, forwarding packet UID 2381996)
MITM BYPASSED (disabled, forwarding packet UID 2382580)
MITM BYPASSED (disabled, forwarding packet UID 2383052)
MITM BYPASSED (disabled, forwarding packet UID 2383727)
MITM BYPASSED (disabled, forwarding packet UID 2384359)
MITM BYPASSED (disabled, forwarding packet UID 2384956)
MITM BYPASSED (disabled, forwarding packet UID 2385596)
MITM BYPASSED (disabled, forwarding packet UID 2386212)
MITM BYPASSED (disabled, forwarding packet UID 2386766)
MITM BYPASSED (disabled, forwarding packet UID 2387371)
MITM BYPASSED (disabled, forwarding packet UID 2387955)
MITM BYPASSED (disabled, forwarding packet UID 2388615)
MITM BYPASSED (disabled, forwarding packet UID 2389219)
MITM BYPASSED (disabled, forwarding packet UID 2389807)
MITM BYPASSED (disabled, forwarding packet UID 2390425)
MITM BYPASSED (disabled, forwarding packet UID 2390855)
MITM BYPASSED (disabled, forwarding packet UID 2391544)
MITM BYPASSED (disabled, forwarding packet UID 2392188)
MITM BYPASSED (disabled, forwarding packet UID 2392788)
MITM BYPASSED (disabled, forwarding packet UID 2393408)
MITM BYPASSED (disabled, forwarding packet UID 2393953)
MITM BYPASSED (disabled, forwarding packet UID 2394533)
MITM BYPASSED (disabled, forwarding packet UID 2395143)
MITM BYPASSED (disabled, forwarding packet UID 2395778)
MITM BYPASSED (disabled, forwarding packet UID 2396316)
MITM BYPASSED (disabled, forwarding packet UID 2396928)
MITM BYPASSED (disabled, forwarding packet UID 2397567)
MITM BYPASSED (disabled, forwarding packet UID 2398013)
MITM BYPASSED (disabled, forwarding packet UID 2398589)
MITM BYPASSED (disabled, forwarding packet UID 2399178)
MITM BYPASSED (disabled, forwarding packet UID 2399841)
MITM BYPASSED (disabled, forwarding packet UID 2400468)
MITM BYPASSED (disabled, forwarding packet UID 2401069)
MITM BYPASSED (disabled, forwarding packet UID 2401701)
MITM BYPASSED (disabled, forwarding packet UID 2402325)
MITM BYPASSED (disabled, forwarding packet UID 2402936)
MITM BYPASSED (disabled, forwarding packet UID 2403537)
MITM BYPASSED (disabled, forwarding packet UID 2404068)
MITM BYPASSED (disabled, forwarding packet UID 2404616)
MITM BYPASSED (disabled, forwarding packet UID 2405332)
MITM BYPASSED (disabled, forwarding packet UID 2405933)
MITM BYPASSED (disabled, forwarding packet UID 2406528)
MITM BYPASSED (disabled, forwarding packet UID 2407063)
MITM BYPASSED (disabled, forwarding packet UID 2407676)
MITM BYPASSED (disabled, forwarding packet UID 2408304)
MITM BYPASSED (disabled, forwarding packet UID 2408904)
MITM BYPASSED (disabled, forwarding packet UID 2409470)
MITM BYPASSED (disabled, forwarding packet UID 2410278)
MITM BYPASSED (disabled, forwarding packet UID 2410881)
MITM BYPASSED (disabled, forwarding packet UID 2411516)
MITM BYPASSED (disabled, forwarding packet UID 2412056)
MITM BYPASSED (disabled, forwarding packet UID 2412684)
MITM BYPASSED (disabled, forwarding packet UID 2413278)
MITM BYPASSED (disabled, forwarding packet UID 2413853)
MITM BYPASSED (disabled, forwarding packet UID 2414441)
MITM BYPASSED (disabled, forwarding packet UID 2415003)
MITM BYPASSED (disabled, forwarding packet UID 2415580)
MITM BYPASSED (disabled, forwarding packet UID 2416236)
MITM BYPASSED (disabled, forwarding packet UID 2416581)
MITM BYPASSED (disabled, forwarding packet UID 2417133)
MITM BYPASSED (disabled, forwarding packet UID 2417723)
MITM BYPASSED (disabled, forwarding packet UID 2418364)
MITM BYPASSED (disabled, forwarding packet UID 2419039)
MITM BYPASSED (disabled, forwarding packet UID 2419667)
MITM BYPASSED (disabled, forwarding packet UID 2420222)
MITM BYPASSED (disabled, forwarding packet UID 2420836)
MITM BYPASSED (disabled, forwarding packet UID 2421458)
MITM BYPASSED (disabled, forwarding packet UID 2422018)
MITM BYPASSED (disabled, forwarding packet UID 2422560)
MITM BYPASSED (disabled, forwarding packet UID 2423258)
MITM BYPASSED (disabled, forwarding packet UID 2423822)
MITM BYPASSED (disabled, forwarding packet UID 2424446)
MITM BYPASSED (disabled, forwarding packet UID 2425015)
MITM BYPASSED (disabled, forwarding packet UID 2425685)
MITM BYPASSED (disabled, forwarding packet UID 2426294)
MITM BYPASSED (disabled, forwarding packet UID 2426903)
MITM BYPASSED (disabled, forwarding packet UID 2427488)
MITM BYPASSED (disabled, forwarding packet UID 2428107)
MITM BYPASSED (disabled, forwarding packet UID 2428711)
MITM BYPASSED (disabled, forwarding packet UID 2429243)
MITM BYPASSED (disabled, forwarding packet UID 2429875)
MITM BYPASSED (disabled, forwarding packet UID 2430526)
MITM BYPASSED (disabled, forwarding packet UID 2430972)
MITM BYPASSED (disabled, forwarding packet UID 2431455)
MITM BYPASSED (disabled, forwarding packet UID 2432184)
MITM BYPASSED (disabled, forwarding packet UID 2432836)
MITM BYPASSED (disabled, forwarding packet UID 2433401)
MITM BYPASSED (disabled, forwarding packet UID 2433854)
MITM BYPASSED (disabled, forwarding packet UID 2434446)
MITM BYPASSED (disabled, forwarding packet UID 2435114)
MITM BYPASSED (disabled, forwarding packet UID 2435767)
MITM BYPASSED (disabled, forwarding packet UID 2436297)
MITM BYPASSED (disabled, forwarding packet UID 2436948)
MITM BYPASSED (disabled, forwarding packet UID 2437534)
MITM BYPASSED (disabled, forwarding packet UID 2438128)
MITM BYPASSED (disabled, forwarding packet UID 2438761)
MITM BYPASSED (disabled, forwarding packet UID 2439416)
MITM BYPASSED (disabled, forwarding packet UID 2439958)
MITM BYPASSED (disabled, forwarding packet UID 2440612)
MITM BYPASSED (disabled, forwarding packet UID 2441211)
MITM BYPASSED (disabled, forwarding packet UID 2441789)
MITM BYPASSED (disabled, forwarding packet UID 2442407)
MITM BYPASSED (disabled, forwarding packet UID 2443042)
MITM BYPASSED (disabled, forwarding packet UID 2443665)
MITM BYPASSED (disabled, forwarding packet UID 2444291)
MITM BYPASSED (disabled, forwarding packet UID 2444887)
MITM BYPASSED (disabled, forwarding packet UID 2445518)
MITM BYPASSED (disabled, forwarding packet UID 2446090)
MITM BYPASSED (disabled, forwarding packet UID 2446573)
MITM BYPASSED (disabled, forwarding packet UID 2447249)
MITM BYPASSED (disabled, forwarding packet UID 2447864)
MITM BYPASSED (disabled, forwarding packet UID 2448456)
MITM BYPASSED (disabled, forwarding packet UID 2449036)
MITM BYPASSED (disabled, forwarding packet UID 2449608)
MITM BYPASSED (disabled, forwarding packet UID 2450250)
MITM BYPASSED (disabled, forwarding packet UID 2450930)
MITM BYPASSED (disabled, forwarding packet UID 2451548)
MITM BYPASSED (disabled, forwarding packet UID 2452097)
MITM BYPASSED (disabled, forwarding packet UID 2452715)
MITM BYPASSED (disabled, forwarding packet UID 2453342)
MITM BYPASSED (disabled, forwarding packet UID 2453943)
MITM BYPASSED (disabled, forwarding packet UID 2454570)
MITM BYPASSED (disabled, forwarding packet UID 2455094)
MITM BYPASSED (disabled, forwarding packet UID 2455709)
MITM BYPASSED (disabled, forwarding packet UID 2456337)
MITM BYPASSED (disabled, forwarding packet UID 2456828)
MITM BYPASSED (disabled, forwarding packet UID 2457500)
MITM BYPASSED (disabled, forwarding packet UID 2458088)
MITM BYPASSED (disabled, forwarding packet UID 2458748)
MITM BYPASSED (disabled, forwarding packet UID 2459339)
MITM BYPASSED (disabled, forwarding packet UID 2459976)
MITM BYPASSED (disabled, forwarding packet UID 2460591)
MITM BYPASSED (disabled, forwarding packet UID 2461151)
MITM BYPASSED (disabled, forwarding packet UID 2461604)
MITM BYPASSED (disabled, forwarding packet UID 2462184)
MITM BYPASSED (disabled, forwarding packet UID 2462927)
MITM BYPASSED (disabled, forwarding packet UID 2463523)
MITM BYPASSED (disabled, forwarding packet UID 2464136)
MITM BYPASSED (disabled, forwarding packet UID 2464686)
MITM BYPASSED (disabled, forwarding packet UID 2465394)
MITM BYPASSED (disabled, forwarding packet UID 2466016)
MITM BYPASSED (disabled, forwarding packet UID 2466534)
MITM BYPASSED (disabled, forwarding packet UID 2467207)
MITM BYPASSED (disabled, forwarding packet UID 2467819)
MITM BYPASSED (disabled, forwarding packet UID 2468411)
MITM BYPASSED (disabled, forwarding packet UID 2469032)
MITM BYPASSED (disabled, forwarding packet UID 2469607)
MITM BYPASSED (disabled, forwarding packet UID 2470170)
MITM BYPASSED (disabled, forwarding packet UID 2470806)
MITM BYPASSED (disabled, forwarding packet UID 2471435)
MITM BYPASSED (disabled, forwarding packet UID 2472027)
MITM BYPASSED (disabled, forwarding packet UID 2472579)
MITM BYPASSED (disabled, forwarding packet UID 2473196)
MITM BYPASSED (disabled, forwarding packet UID 2473788)
MITM BYPASSED (disabled, forwarding packet UID 2474370)
MITM BYPASSED (disabled, forwarding packet UID 2475046)
MITM BYPASSED (disabled, forwarding packet UID 2475566)
MITM BYPASSED (disabled, forwarding packet UID 2476122)
MITM BYPASSED (disabled, forwarding packet UID 2476649)
MITM BYPASSED (disabled, forwarding packet UID 2477188)
MITM BYPASSED (disabled, forwarding packet UID 2477710)
MITM BYPASSED (disabled, forwarding packet UID 2478342)
MITM BYPASSED (disabled, forwarding packet UID 2478965)
MITM BYPASSED (disabled, forwarding packet UID 2479568)
MITM BYPASSED (disabled, forwarding packet UID 2480198)
MITM BYPASSED (disabled, forwarding packet UID 2480827)
MITM BYPASSED (disabled, forwarding packet UID 2481371)
MITM BYPASSED (disabled, forwarding packet UID 2482002)
MITM BYPASSED (disabled, forwarding packet UID 2482622)
MITM BYPASSED (disabled, forwarding packet UID 2483271)
MITM BYPASSED (disabled, forwarding packet UID 2483871)
MITM BYPASSED (disabled, forwarding packet UID 2484468)
MITM BYPASSED (disabled, forwarding packet UID 2485097)
MITM BYPASSED (disabled, forwarding packet UID 2485707)
MITM BYPASSED (disabled, forwarding packet UID 2486245)
MITM BYPASSED (disabled, forwarding packet UID 2486857)
MITM BYPASSED (disabled, forwarding packet UID 2487466)
MITM BYPASSED (disabled, forwarding packet UID 2488064)
MITM BYPASSED (disabled, forwarding packet UID 2488669)
MITM BYPASSED (disabled, forwarding packet UID 2489176)
MITM BYPASSED (disabled, forwarding packet UID 2489749)
MITM BYPASSED (disabled, forwarding packet UID 2490298)
MITM BYPASSED (disabled, forwarding packet UID 2490834)
MITM BYPASSED (disabled, forwarding packet UID 2491332)
MITM BYPASSED (disabled, forwarding packet UID 2491982)
MITM BYPASSED (disabled, forwarding packet UID 2492594)
MITM BYPASSED (disabled, forwarding packet UID 2493196)
MITM BYPASSED (disabled, forwarding packet UID 2493848)
MITM BYPASSED (disabled, forwarding packet UID 2494433)
MITM BYPASSED (disabled, forwarding packet UID 2495032)
MITM BYPASSED (disabled, forwarding packet UID 2495682)
MITM BYPASSED (disabled, forwarding packet UID 2496300)
MITM BYPASSED (disabled, forwarding packet UID 2496834)
MITM BYPASSED (disabled, forwarding packet UID 2497438)
MITM BYPASSED (disabled, forwarding packet UID 2497896)
MITM BYPASSED (disabled, forwarding packet UID 2498502)
MITM BYPASSED (disabled, forwarding packet UID 2499120)
MITM BYPASSED (disabled, forwarding packet UID 2499812)
MITM BYPASSED (disabled, forwarding packet UID 2500414)
MITM BYPASSED (disabled, forwarding packet UID 2500978)
MITM BYPASSED (disabled, forwarding packet UID 2501560)
MITM BYPASSED (disabled, forwarding packet UID 2502146)
MITM BYPASSED (disabled, forwarding packet UID 2502649)
MITM BYPASSED (disabled, forwarding packet UID 2503322)
MITM BYPASSED (disabled, forwarding packet UID 2503873)
MITM BYPASSED (disabled, forwarding packet UID 2504301)
MITM BYPASSED (disabled, forwarding packet UID 2504933)
MITM BYPASSED (disabled, forwarding packet UID 2505502)
MITM BYPASSED (disabled, forwarding packet UID 2505997)
MITM BYPASSED (disabled, forwarding packet UID 2506621)
MITM BYPASSED (disabled, forwarding packet UID 2507137)
MITM BYPASSED (disabled, forwarding packet UID 2507909)
MITM BYPASSED (disabled, forwarding packet UID 2508496)
MITM BYPASSED (disabled, forwarding packet UID 2509101)
MITM BYPASSED (disabled, forwarding packet UID 2509625)
MITM BYPASSED (disabled, forwarding packet UID 2510278)
MITM BYPASSED (disabled, forwarding packet UID 2510870)
MITM BYPASSED (disabled, forwarding packet UID 2511456)
MITM BYPASSED (disabled, forwarding packet UID 2512041)
MITM BYPASSED (disabled, forwarding packet UID 2512678)
MITM BYPASSED (disabled, forwarding packet UID 2513308)
MITM BYPASSED (disabled, forwarding packet UID 2513895)
MITM BYPASSED (disabled, forwarding packet UID 2514453)
MITM BYPASSED (disabled, forwarding packet UID 2515014)
MITM BYPASSED (disabled, forwarding packet UID 2515598)
MITM BYPASSED (disabled, forwarding packet UID 2516249)
MITM BYPASSED (disabled, forwarding packet UID 2516869)
MITM BYPASSED (disabled, forwarding packet UID 2517474)
MITM BYPASSED (disabled, forwarding packet UID 2518094)
MITM BYPASSED (disabled, forwarding packet UID 2518657)
MITM BYPASSED (disabled, forwarding packet UID 2519283)
MITM BYPASSED (disabled, forwarding packet UID 2519934)
MITM BYPASSED (disabled, forwarding packet UID 2520465)
MITM BYPASSED (disabled, forwarding packet UID 2520952)
MITM BYPASSED (disabled, forwarding packet UID 2521634)
MITM BYPASSED (disabled, forwarding packet UID 2522255)
MITM BYPASSED (disabled, forwarding packet UID 2522847)
MITM BYPASSED (disabled, forwarding packet UID 2523470)
MITM BYPASSED (disabled, forwarding packet UID 2523968)
MITM BYPASSED (disabled, forwarding packet UID 2524483)
MITM BYPASSED (disabled, forwarding packet UID 2525135)
MITM BYPASSED (disabled, forwarding packet UID 2525779)
MITM BYPASSED (disabled, forwarding packet UID 2526354)
MITM BYPASSED (disabled, forwarding packet UID 2526946)
MITM BYPASSED (disabled, forwarding packet UID 2527533)
MITM BYPASSED (disabled, forwarding packet UID 2528151)
MITM BYPASSED (disabled, forwarding packet UID 2528704)
MITM BYPASSED (disabled, forwarding packet UID 2529361)
MITM BYPASSED (disabled, forwarding packet UID 2530001)
MITM BYPASSED (disabled, forwarding packet UID 2530633)
MITM BYPASSED (disabled, forwarding packet UID 2531225)
MITM BYPASSED (disabled, forwarding packet UID 2531794)
MITM BYPASSED (disabled, forwarding packet UID 2532379)
MITM BYPASSED (disabled, forwarding packet UID 2532979)
MITM BYPASSED (disabled, forwarding packet UID 2533644)
MITM BYPASSED (disabled, forwarding packet UID 2534242)
MITM BYPASSED (disabled, forwarding packet UID 2534853)
MITM BYPASSED (disabled, forwarding packet UID 2535447)
MITM BYPASSED (disabled, forwarding packet UID 2535878)
MITM BYPASSED (disabled, forwarding packet UID 2536502)
MITM BYPASSED (disabled, forwarding packet UID 2536979)
MITM BYPASSED (disabled, forwarding packet UID 2537642)
MITM BYPASSED (disabled, forwarding packet UID 2538255)
MITM BYPASSED (disabled, forwarding packet UID 2538901)
MITM BYPASSED (disabled, forwarding packet UID 2539417)
MITM BYPASSED (disabled, forwarding packet UID 2540032)
MITM BYPASSED (disabled, forwarding packet UID 2540569)
MITM BYPASSED (disabled, forwarding packet UID 2541223)
MITM BYPASSED (disabled, forwarding packet UID 2541861)
MITM BYPASSED (disabled, forwarding packet UID 2542389)
MITM BYPASSED (disabled, forwarding packet UID 2543056)
MITM BYPASSED (disabled, forwarding packet UID 2543622)
MITM BYPASSED (disabled, forwarding packet UID 2544224)
MITM BYPASSED (disabled, forwarding packet UID 2544772)
MITM BYPASSED (disabled, forwarding packet UID 2545372)
MITM BYPASSED (disabled, forwarding packet UID 2545967)
MITM BYPASSED (disabled, forwarding packet UID 2546585)
MITM BYPASSED (disabled, forwarding packet UID 2547161)
MITM BYPASSED (disabled, forwarding packet UID 2547685)
MITM BYPASSED (disabled, forwarding packet UID 2548381)
MITM BYPASSED (disabled, forwarding packet UID 2549034)
MITM BYPASSED (disabled, forwarding packet UID 2549690)
MITM BYPASSED (disabled, forwarding packet UID 2550192)
MITM BYPASSED (disabled, forwarding packet UID 2550695)
MITM BYPASSED (disabled, forwarding packet UID 2551250)
MITM BYPASSED (disabled, forwarding packet UID 2551888)
MITM BYPASSED (disabled, forwarding packet UID 2552498)
MITM BYPASSED (disabled, forwarding packet UID 2553128)
MITM BYPASSED (disabled, forwarding packet UID 2553732)
MITM BYPASSED (disabled, forwarding packet UID 2554320)
MITM BYPASSED (disabled, forwarding packet UID 2554989)
MITM BYPASSED (disabled, forwarding packet UID 2555786)
MITM BYPASSED (disabled, forwarding packet UID 2556383)
MITM BYPASSED (disabled, forwarding packet UID 2557008)
MITM BYPASSED (disabled, forwarding packet UID 2557564)
MITM BYPASSED (disabled, forwarding packet UID 2558180)
MITM BYPASSED (disabled, forwarding packet UID 2558696)
MITM BYPASSED (disabled, forwarding packet UID 2559307)
MITM BYPASSED (disabled, forwarding packet UID 2559927)
MITM BYPASSED (disabled, forwarding packet UID 2560449)
MITM BYPASSED (disabled, forwarding packet UID 2561064)
MITM BYPASSED (disabled, forwarding packet UID 2561638)
MITM BYPASSED (disabled, forwarding packet UID 2562328)
MITM BYPASSED (disabled, forwarding packet UID 2562967)
MITM BYPASSED (disabled, forwarding packet UID 2563572)
MITM BYPASSED (disabled, forwarding packet UID 2564181)
MITM BYPASSED (disabled, forwarding packet UID 2564781)
MITM BYPASSED (disabled, forwarding packet UID 2565341)
MITM BYPASSED (disabled, forwarding packet UID 2565858)
MITM BYPASSED (disabled, forwarding packet UID 2566428)
MITM BYPASSED (disabled, forwarding packet UID 2567009)
MITM BYPASSED (disabled, forwarding packet UID 2567679)
MITM BYPASSED (disabled, forwarding packet UID 2568288)
MITM BYPASSED (disabled, forwarding packet UID 2568710)
MITM BYPASSED (disabled, forwarding packet UID 2569211)
MITM BYPASSED (disabled, forwarding packet UID 2569918)
MITM BYPASSED (disabled, forwarding packet UID 2570435)
MITM BYPASSED (disabled, forwarding packet UID 2571020)
MITM BYPASSED (disabled, forwarding packet UID 2571626)
MITM BYPASSED (disabled, forwarding packet UID 2572071)
MITM BYPASSED (disabled, forwarding packet UID 2572742)
MITM BYPASSED (disabled, forwarding packet UID 2573293)
MITM BYPASSED (disabled, forwarding packet UID 2573916)
MITM BYPASSED (disabled, forwarding packet UID 2574562)
MITM BYPASSED (disabled, forwarding packet UID 2575137)
MITM BYPASSED (disabled, forwarding packet UID 2575771)
MITM BYPASSED (disabled, forwarding packet UID 2576390)
MITM BYPASSED (disabled, forwarding packet UID 2577054)
MITM BYPASSED (disabled, forwarding packet UID 2577636)
MITM BYPASSED (disabled, forwarding packet UID 2578086)
MITM BYPASSED (disabled, forwarding packet UID 2578728)
MITM BYPASSED (disabled, forwarding packet UID 2579301)
MITM BYPASSED (disabled, forwarding packet UID 2579881)
MITM BYPASSED (disabled, forwarding packet UID 2580471)
MITM BYPASSED (disabled, forwarding packet UID 2581100)
MITM BYPASSED (disabled, forwarding packet UID 2581632)
MITM BYPASSED (disabled, forwarding packet UID 2582256)
MITM BYPASSED (disabled, forwarding packet UID 2582809)
MITM BYPASSED (disabled, forwarding packet UID 2583241)
MITM BYPASSED (disabled, forwarding packet UID 2583751)
MITM BYPASSED (disabled, forwarding packet UID 2584343)
MITM BYPASSED (disabled, forwarding packet UID 2585090)
MITM BYPASSED (disabled, forwarding packet UID 2585716)
MITM BYPASSED (disabled, forwarding packet UID 2586323)
MITM BYPASSED (disabled, forwarding packet UID 2586921)
MITM BYPASSED (disabled, forwarding packet UID 2587390)
MITM BYPASSED (disabled, forwarding packet UID 2588021)
MITM BYPASSED (disabled, forwarding packet UID 2588679)
MITM BYPASSED (disabled, forwarding packet UID 2589318)
MITM BYPASSED (disabled, forwarding packet UID 2589782)
MITM BYPASSED (disabled, forwarding packet UID 2590238)
MITM BYPASSED (disabled, forwarding packet UID 2590872)
MITM BYPASSED (disabled, forwarding packet UID 2591449)
MITM BYPASSED (disabled, forwarding packet UID 2592115)
MITM BYPASSED (disabled, forwarding packet UID 2592775)
MITM BYPASSED (disabled, forwarding packet UID 2593357)
MITM BYPASSED (disabled, forwarding packet UID 2593960)
MITM BYPASSED (disabled, forwarding packet UID 2594585)
MITM BYPASSED (disabled, forwarding packet UID 2595215)
MITM BYPASSED (disabled, forwarding packet UID 2595825)
MITM BYPASSED (disabled, forwarding packet UID 2596305)
MITM BYPASSED (disabled, forwarding packet UID 2596919)
MITM BYPASSED (disabled, forwarding packet UID 2597512)
MITM BYPASSED (disabled, forwarding packet UID 2597867)
MITM BYPASSED (disabled, forwarding packet UID 2598466)
MITM BYPASSED (disabled, forwarding packet UID 2599194)
MITM BYPASSED (disabled, forwarding packet UID 2599843)
MITM BYPASSED (disabled, forwarding packet UID 2600525)
MITM BYPASSED (disabled, forwarding packet UID 2601168)
MITM BYPASSED (disabled, forwarding packet UID 2601766)
MITM BYPASSED (disabled, forwarding packet UID 2602380)
MITM BYPASSED (disabled, forwarding packet UID 2602950)
MITM BYPASSED (disabled, forwarding packet UID 2603441)
MITM BYPASSED (disabled, forwarding packet UID 2604067)
MITM BYPASSED (disabled, forwarding packet UID 2604666)
MITM BYPASSED (disabled, forwarding packet UID 2605293)
MITM BYPASSED (disabled, forwarding packet UID 2605955)
MITM BYPASSED (disabled, forwarding packet UID 2606608)
MITM BYPASSED (disabled, forwarding packet UID 2607141)
MITM BYPASSED (disabled, forwarding packet UID 2607752)
MITM BYPASSED (disabled, forwarding packet UID 2608286)
MITM BYPASSED (disabled, forwarding packet UID 2608947)
MITM BYPASSED (disabled, forwarding packet UID 2609570)
MITM BYPASSED (disabled, forwarding packet UID 2610169)
MITM BYPASSED (disabled, forwarding packet UID 2610808)
MITM BYPASSED (disabled, forwarding packet UID 2611477)
MITM BYPASSED (disabled, forwarding packet UID 2612091)
MITM BYPASSED (disabled, forwarding packet UID 2612700)
MITM BYPASSED (disabled, forwarding packet UID 2613228)
MITM BYPASSED (disabled, forwarding packet UID 2613727)
MITM BYPASSED (disabled, forwarding packet UID 2614325)
MITM BYPASSED (disabled, forwarding packet UID 2614882)
MITM BYPASSED (disabled, forwarding packet UID 2615547)
MITM BYPASSED (disabled, forwarding packet UID 2616223)
MITM BYPASSED (disabled, forwarding packet UID 2616777)
MITM BYPASSED (disabled, forwarding packet UID 2617428)
MITM BYPASSED (disabled, forwarding packet UID 2618053)
MITM BYPASSED (disabled, forwarding packet UID 2618640)
MITM BYPASSED (disabled, forwarding packet UID 2619210)
MITM BYPASSED (disabled, forwarding packet UID 2619828)
MITM BYPASSED (disabled, forwarding packet UID 2620389)
MITM BYPASSED (disabled, forwarding packet UID 2620949)
MITM BYPASSED (disabled, forwarding packet UID 2621545)
MITM BYPASSED (disabled, forwarding packet UID 2622166)
MITM BYPASSED (disabled, forwarding packet UID 2622723)
MITM BYPASSED (disabled, forwarding packet UID 2623334)
MITM BYPASSED (disabled, forwarding packet UID 2623921)
MITM BYPASSED (disabled, forwarding packet UID 2624401)
MITM BYPASSED (disabled, forwarding packet UID 2625042)
MITM BYPASSED (disabled, forwarding packet UID 2625640)
MITM BYPASSED (disabled, forwarding packet UID 2626181)
MITM BYPASSED (disabled, forwarding packet UID 2626808)
MITM BYPASSED (disabled, forwarding packet UID 2627427)
MITM BYPASSED (disabled, forwarding packet UID 2627883)
MITM BYPASSED (disabled, forwarding packet UID 2628441)
MITM BYPASSED (disabled, forwarding packet UID 2628968)
MITM BYPASSED (disabled, forwarding packet UID 2629598)
MITM BYPASSED (disabled, forwarding packet UID 2630137)
MITM BYPASSED (disabled, forwarding packet UID 2630661)
MITM BYPASSED (disabled, forwarding packet UID 2631357)
MITM BYPASSED (disabled, forwarding packet UID 2631791)
MITM BYPASSED (disabled, forwarding packet UID 2632510)
MITM BYPASSED (disabled, forwarding packet UID 2633144)
MITM BYPASSED (disabled, forwarding packet UID 2633796)
MITM BYPASSED (disabled, forwarding packet UID 2634395)
MITM BYPASSED (disabled, forwarding packet UID 2635059)
MITM BYPASSED (disabled, forwarding packet UID 2635679)
MITM BYPASSED (disabled, forwarding packet UID 2636255)
MITM BYPASSED (disabled, forwarding packet UID 2636876)
MITM BYPASSED (disabled, forwarding packet UID 2637458)
MITM BYPASSED (disabled, forwarding packet UID 2638109)
MITM BYPASSED (disabled, forwarding packet UID 2638665)
MITM BYPASSED (disabled, forwarding packet UID 2639274)
MITM BYPASSED (disabled, forwarding packet UID 2639892)
MITM BYPASSED (disabled, forwarding packet UID 2640434)
MITM BYPASSED (disabled, forwarding packet UID 2641043)
MITM BYPASSED (disabled, forwarding packet UID 2641547)
MITM BYPASSED (disabled, forwarding packet UID 2642139)
MITM BYPASSED (disabled, forwarding packet UID 2642667)
MITM BYPASSED (disabled, forwarding packet UID 2643217)
MITM BYPASSED (disabled, forwarding packet UID 2643693)
MITM BYPASSED (disabled, forwarding packet UID 2644342)
MITM BYPASSED (disabled, forwarding packet UID 2645020)
MITM BYPASSED (disabled, forwarding packet UID 2645594)
MITM BYPASSED (disabled, forwarding packet UID 2646246)
MITM BYPASSED (disabled, forwarding packet UID 2646884)
MITM BYPASSED (disabled, forwarding packet UID 2647528)
MITM BYPASSED (disabled, forwarding packet UID 2648096)
MITM BYPASSED (disabled, forwarding packet UID 2648747)
MITM BYPASSED (disabled, forwarding packet UID 2649350)
MITM BYPASSED (disabled, forwarding packet UID 2649935)
MITM BYPASSED (disabled, forwarding packet UID 2650577)
MITM BYPASSED (disabled, forwarding packet UID 2651158)
MITM BYPASSED (disabled, forwarding packet UID 2651648)
MITM BYPASSED (disabled, forwarding packet UID 2652294)
MITM BYPASSED (disabled, forwarding packet UID 2652868)
MITM BYPASSED (disabled, forwarding packet UID 2653477)
MITM BYPASSED (disabled, forwarding packet UID 2654150)
MITM BYPASSED (disabled, forwarding packet UID 2654762)
MITM BYPASSED (disabled, forwarding packet UID 2655375)
MITM BYPASSED (disabled, forwarding packet UID 2655970)
MITM BYPASSED (disabled, forwarding packet UID 2656489)
MITM BYPASSED (disabled, forwarding packet UID 2657127)
MITM BYPASSED (disabled, forwarding packet UID 2657589)
MITM BYPASSED (disabled, forwarding packet UID 2658126)
MITM BYPASSED (disabled, forwarding packet UID 2658797)
MITM BYPASSED (disabled, forwarding packet UID 2659366)
MITM BYPASSED (disabled, forwarding packet UID 2660045)
MITM BYPASSED (disabled, forwarding packet UID 2660676)
MITM BYPASSED (disabled, forwarding packet UID 2661249)
MITM BYPASSED (disabled, forwarding packet UID 2661809)
MITM BYPASSED (disabled, forwarding packet UID 2662464)
MITM BYPASSED (disabled, forwarding packet UID 2663037)
MITM BYPASSED (disabled, forwarding packet UID 2663683)
MITM BYPASSED (disabled, forwarding packet UID 2664284)
MITM BYPASSED (disabled, forwarding packet UID 2664934)
MITM BYPASSED (disabled, forwarding packet UID 2665473)
MITM BYPASSED (disabled, forwarding packet UID 2666066)
MITM BYPASSED (disabled, forwarding packet UID 2666719)
MITM BYPASSED (disabled, forwarding packet UID 2667232)
MITM BYPASSED (disabled, forwarding packet UID 2667878)
MITM BYPASSED (disabled, forwarding packet UID 2668477)
MITM BYPASSED (disabled, forwarding packet UID 2669085)
MITM BYPASSED (disabled, forwarding packet UID 2669707)
MITM BYPASSED (disabled, forwarding packet UID 2670317)
MITM BYPASSED (disabled, forwarding packet UID 2670840)
MITM BYPASSED (disabled, forwarding packet UID 2671516)
MITM BYPASSED (disabled, forwarding packet UID 2672155)
MITM BYPASSED (disabled, forwarding packet UID 2672598)
MITM BYPASSED (disabled, forwarding packet UID 2673176)
MITM BYPASSED (disabled, forwarding packet UID 2673785)
MITM BYPASSED (disabled, forwarding packet UID 2674373)
MITM BYPASSED (disabled, forwarding packet UID 2675011)
MITM BYPASSED (disabled, forwarding packet UID 2675607)
MITM BYPASSED (disabled, forwarding packet UID 2676260)
MITM BYPASSED (disabled, forwarding packet UID 2676835)
MITM BYPASSED (disabled, forwarding packet UID 2677443)
MITM BYPASSED (disabled, forwarding packet UID 2678041)
MITM BYPASSED (disabled, forwarding packet UID 2678627)
MITM BYPASSED (disabled, forwarding packet UID 2679302)
MITM BYPASSED (disabled, forwarding packet UID 2679842)
MITM BYPASSED (disabled, forwarding packet UID 2680493)
MITM BYPASSED (disabled, forwarding packet UID 2681086)
MITM BYPASSED (disabled, forwarding packet UID 2681693)
MITM BYPASSED (disabled, forwarding packet UID 2682263)
MITM BYPASSED (disabled, forwarding packet UID 2682903)
MITM BYPASSED (disabled, forwarding packet UID 2683461)
MITM BYPASSED (disabled, forwarding packet UID 2684051)
MITM BYPASSED (disabled, forwarding packet UID 2684628)
MITM BYPASSED (disabled, forwarding packet UID 2685303)
MITM BYPASSED (disabled, forwarding packet UID 2685852)
MITM BYPASSED (disabled, forwarding packet UID 2686440)
MITM BYPASSED (disabled, forwarding packet UID 2687068)
MITM BYPASSED (disabled, forwarding packet UID 2687556)
MITM BYPASSED (disabled, forwarding packet UID 2688113)
MITM BYPASSED (disabled, forwarding packet UID 2688668)
MITM BYPASSED (disabled, forwarding packet UID 2689268)
MITM BYPASSED (disabled, forwarding packet UID 2689906)
MITM BYPASSED (disabled, forwarding packet UID 2690507)
MITM BYPASSED (disabled, forwarding packet UID 2691092)
MITM BYPASSED (disabled, forwarding packet UID 2691781)
MITM BYPASSED (disabled, forwarding packet UID 2692367)
MITM BYPASSED (disabled, forwarding packet UID 2692934)
MITM BYPASSED (disabled, forwarding packet UID 2693536)
MITM BYPASSED (disabled, forwarding packet UID 2694167)
MITM BYPASSED (disabled, forwarding packet UID 2694762)
MITM BYPASSED (disabled, forwarding packet UID 2695355)
MITM BYPASSED (disabled, forwarding packet UID 2695948)
MITM BYPASSED (disabled, forwarding packet UID 2696547)
MITM BYPASSED (disabled, forwarding packet UID 2697141)
MITM BYPASSED (disabled, forwarding packet UID 2697675)
MITM BYPASSED (disabled, forwarding packet UID 2698321)
MITM BYPASSED (disabled, forwarding packet UID 2698965)
MITM BYPASSED (disabled, forwarding packet UID 2699623)
MITM BYPASSED (disabled, forwarding packet UID 2700192)
[BluetoothEnergy] time: 40.0000 s, node: 11, state: 0, total_energy: 0.0000 kWh
[QoS Adapt] Flow 1 threat=HIGH newJitter=0.0001 newDelay=0.0006
[QoS Adapt] Flow 2 threat=HIGH newJitter=0.0001 newDelay=0.0006
[QoS Adapt] Flow 6 threat=MEDIUM newJitter=0.0054 newDelay=0.0180
[QoS Adapt] Flow 7 threat=MEDIUM newJitter=0.0054 newDelay=0.0180
[QoS Adapt] Flow 1 threat=CRITICAL newJitter=0.0000 newDelay=0.0005
[QoS Adapt] Flow 2 threat=CRITICAL newJitter=0.0000 newDelay=0.0005
[QoS Adapt] Flow 6 threat=HIGH newJitter=0.0018 newDelay=0.0180
[QoS Adapt] Flow 7 threat=HIGH newJitter=0.0018 newDelay=0.0180
[FedAvg][WIP] Round 4 complete | mean local training loss=0.6401 | global weights broadcast to 5 nodes
[FedAvg][SHS] Round 4 complete | mean local training loss=0.6204 | global weights broadcast to 4 nodes
[FL-IDS] Federated Learning Round Complete (Real Local-Model + FedAvg):
 Node 0: Federated Local-Model IDS (real per-node SGD + multi-round FedAvg) | trainingSamples=36 | localMLProb=0.5212 | trainAccuracy=0.7500 | anomaly=no
 Node 1: Federated Local-Model IDS (real per-node SGD + multi-round FedAvg) | trainingSamples=36 | localMLProb=0.5212 | trainAccuracy=0.7500 | anomaly=no
 Node 2: Federated Local-Model IDS (real per-node SGD + multi-round FedAvg) | trainingSamples=36 | localMLProb=0.5212 | trainAccuracy=0.7500 | anomaly=no
 Node 3: Federated Local-Model IDS (real per-node SGD + multi-round FedAvg) | trainingSamples=36 | localMLProb=0.5212 | trainAccuracy=0.7500 | anomaly=no
 Node 4: Federated Local-Model IDS (real per-node SGD + multi-round FedAvg) | trainingSamples=36 | localMLProb=0.5212 | trainAccuracy=0.7500 | anomaly=no
 Node 5: Federated Local-Model IDS (real per-node SGD + multi-round FedAvg) | trainingSamples=36 | localMLProb=0.5063 | trainAccuracy=0.7500 | anomaly=no
 Node 6: Federated Local-Model IDS (real per-node SGD + multi-round FedAvg) | trainingSamples=36 | localMLProb=0.5063 | trainAccuracy=0.7500 | anomaly=no
 Node 7: Federated Local-Model IDS (real per-node SGD + multi-round FedAvg) | trainingSamples=36 | localMLProb=0.5063 | trainAccuracy=0.7500 | anomaly=no
 Node 8: Federated Local-Model IDS (real per-node SGD + multi-round FedAvg) | trainingSamples=36 | localMLProb=0.5063 | trainAccuracy=0.7500 | anomaly=no
WIP FedAvg round=4 globalLoss=0.6401 | SHS FedAvg round=4 globalLoss=0.6204
MITM DISABLED for recovery!
Node 0 detected anomaly (MITM) via trained local FL model - triggering in-sim recovery
Node 1 detected anomaly (MITM) via trained local FL model - triggering in-sim recovery
Node 2 detected anomaly (MITM) via trained local FL model - triggering in-sim recovery
Node 3 detected anomaly (MITM) via trained local FL model - triggering in-sim recovery
Node 4 detected anomaly (MITM) via trained local FL model - triggering in-sim recovery
Node 5 detected anomaly (MITM) via trained local FL model - triggering in-sim recovery
Node 6 detected anomaly (MITM) via trained local FL model - triggering in-sim recovery
Node 7 detected anomaly (MITM) via trained local FL model - triggering in-sim recovery
Node 8 detected anomaly (MITM) via trained local FL model - triggering in-sim recovery
[Retransmit] Called for flowId: 1, nodeIdx: 0
[Retransmit] Total retransmitted for flow 1: 0
[Retransmit] Called for flowId: 2, nodeIdx: 1
[Retransmit] Total retransmitted for flow 2: 0
[Retransmit] Called for flowId: 3, nodeIdx: 2
[Retransmit] Total retransmitted for flow 3: 0
[Retransmit] Called for flowId: 4, nodeIdx: 3
[Retransmit] Total retransmitted for flow 4: 0
[Retransmit] Called for flowId: 5, nodeIdx: 4
[Retransmit] Total retransmitted for flow 5: 0
[Retransmit] Called for flowId: 6, nodeIdx: 5
[Retransmit] Total retransmitted for flow 6: 0
[Retransmit] Called for flowId: 7, nodeIdx: 6
[Retransmit] Total retransmitted for flow 7: 0
[Retransmit] Called for flowId: 8, nodeIdx: 7
[Retransmit] Total retransmitted for flow 8: 0
[Retransmit] Called for flowId: 9, nodeIdx: 8
[Retransmit] Total retransmitted for flow 9: 0
[BluetoothEnergy] time: 40.2000 s, node: 11, state: 1, total_energy: 0.0000 kWh
MITM BYPASSED (disabled, forwarding packet UID 2701067)
MITM BYPASSED (disabled, forwarding packet UID 2701662)
MITM BYPASSED (disabled, forwarding packet UID 2702257)
MITM BYPASSED (disabled, forwarding packet UID 2702862)
MITM BYPASSED (disabled, forwarding packet UID 2703427)
MITM BYPASSED (disabled, forwarding packet UID 2704034)
MITM BYPASSED (disabled, forwarding packet UID 2704645)
MITM BYPASSED (disabled, forwarding packet UID 2705285)
MITM BYPASSED (disabled, forwarding packet UID 2705786)
MITM BYPASSED (disabled, forwarding packet UID 2706234)
MITM BYPASSED (disabled, forwarding packet UID 2706840)
MITM BYPASSED (disabled, forwarding packet UID 2707411)
MITM BYPASSED (disabled, forwarding packet UID 2708058)
MITM BYPASSED (disabled, forwarding packet UID 2708714)
MITM BYPASSED (disabled, forwarding packet UID 2709340)
MITM BYPASSED (disabled, forwarding packet UID 2709952)
MITM BYPASSED (disabled, forwarding packet UID 2710430)
MITM BYPASSED (disabled, forwarding packet UID 2711062)
MITM BYPASSED (disabled, forwarding packet UID 2711631)
MITM BYPASSED (disabled, forwarding packet UID 2712274)
MITM BYPASSED (disabled, forwarding packet UID 2712911)
MITM BYPASSED (disabled, forwarding packet UID 2713447)
MITM BYPASSED (disabled, forwarding packet UID 2713980)
MITM BYPASSED (disabled, forwarding packet UID 2714611)
MITM BYPASSED (disabled, forwarding packet UID 2715216)
MITM BYPASSED (disabled, forwarding packet UID 2715900)
MITM BYPASSED (disabled, forwarding packet UID 2716486)
MITM BYPASSED (disabled, forwarding packet UID 2717104)
MITM BYPASSED (disabled, forwarding packet UID 2717729)
MITM BYPASSED (disabled, forwarding packet UID 2718330)
MITM BYPASSED (disabled, forwarding packet UID 2718960)
MITM BYPASSED (disabled, forwarding packet UID 2719529)
MITM BYPASSED (disabled, forwarding packet UID 2720143)
MITM BYPASSED (disabled, forwarding packet UID 2720650)
MITM BYPASSED (disabled, forwarding packet UID 2721076)
MITM BYPASSED (disabled, forwarding packet UID 2721795)
MITM BYPASSED (disabled, forwarding packet UID 2722402)
MITM BYPASSED (disabled, forwarding packet UID 2722971)
MITM BYPASSED (disabled, forwarding packet UID 2723547)
MITM BYPASSED (disabled, forwarding packet UID 2724207)
MITM BYPASSED (disabled, forwarding packet UID 2724826)
MITM BYPASSED (disabled, forwarding packet UID 2725430)
MITM BYPASSED (disabled, forwarding packet UID 2725935)
MITM BYPASSED (disabled, forwarding packet UID 2726433)
MITM BYPASSED (disabled, forwarding packet UID 2727099)
MITM BYPASSED (disabled, forwarding packet UID 2727758)
MITM BYPASSED (disabled, forwarding packet UID 2728377)
MITM BYPASSED (disabled, forwarding packet UID 2728945)
MITM BYPASSED (disabled, forwarding packet UID 2729545)
MITM BYPASSED (disabled, forwarding packet UID 2730216)
MITM BYPASSED (disabled, forwarding packet UID 2730749)
MITM BYPASSED (disabled, forwarding packet UID 2731367)
MITM BYPASSED (disabled, forwarding packet UID 2731903)
MITM BYPASSED (disabled, forwarding packet UID 2732575)
MITM BYPASSED (disabled, forwarding packet UID 2733231)
MITM BYPASSED (disabled, forwarding packet UID 2733809)
MITM BYPASSED (disabled, forwarding packet UID 2734365)
MITM BYPASSED (disabled, forwarding packet UID 2734973)
MITM BYPASSED (disabled, forwarding packet UID 2735618)
MITM BYPASSED (disabled, forwarding packet UID 2736000)
MITM BYPASSED (disabled, forwarding packet UID 2736720)
MITM BYPASSED (disabled, forwarding packet UID 2737370)
MITM BYPASSED (disabled, forwarding packet UID 2738035)
MITM BYPASSED (disabled, forwarding packet UID 2738631)
MITM BYPASSED (disabled, forwarding packet UID 2739256)
MITM BYPASSED (disabled, forwarding packet UID 2739871)
MITM BYPASSED (disabled, forwarding packet UID 2740463)
MITM BYPASSED (disabled, forwarding packet UID 2741033)
MITM BYPASSED (disabled, forwarding packet UID 2741660)
MITM BYPASSED (disabled, forwarding packet UID 2742262)
MITM BYPASSED (disabled, forwarding packet UID 2742888)
MITM BYPASSED (disabled, forwarding packet UID 2743459)
MITM BYPASSED (disabled, forwarding packet UID 2744109)
MITM BYPASSED (disabled, forwarding packet UID 2744687)
MITM BYPASSED (disabled, forwarding packet UID 2745327)
MITM BYPASSED (disabled, forwarding packet UID 2745949)
MITM BYPASSED (disabled, forwarding packet UID 2746559)
MITM BYPASSED (disabled, forwarding packet UID 2747122)
MITM BYPASSED (disabled, forwarding packet UID 2747679)
MITM BYPASSED (disabled, forwarding packet UID 2748256)
MITM BYPASSED (disabled, forwarding packet UID 2748893)
MITM BYPASSED (disabled, forwarding packet UID 2749542)
MITM BYPASSED (disabled, forwarding packet UID 2750133)
MITM BYPASSED (disabled, forwarding packet UID 2750710)
MITM BYPASSED (disabled, forwarding packet UID 2751119)
MITM BYPASSED (disabled, forwarding packet UID 2751798)
MITM BYPASSED (disabled, forwarding packet UID 2752399)
MITM BYPASSED (disabled, forwarding packet UID 2753005)
MITM BYPASSED (disabled, forwarding packet UID 2753652)
MITM BYPASSED (disabled, forwarding packet UID 2754257)
MITM BYPASSED (disabled, forwarding packet UID 2754889)
MITM BYPASSED (disabled, forwarding packet UID 2755457)
MITM BYPASSED (disabled, forwarding packet UID 2756026)
MITM BYPASSED (disabled, forwarding packet UID 2756685)
MITM BYPASSED (disabled, forwarding packet UID 2757230)
MITM BYPASSED (disabled, forwarding packet UID 2757812)
MITM BYPASSED (disabled, forwarding packet UID 2758409)
MITM BYPASSED (disabled, forwarding packet UID 2758968)
MITM BYPASSED (disabled, forwarding packet UID 2759620)
MITM BYPASSED (disabled, forwarding packet UID 2760258)
MITM BYPASSED (disabled, forwarding packet UID 2760886)
MITM BYPASSED (disabled, forwarding packet UID 2761500)
MITM BYPASSED (disabled, forwarding packet UID 2762119)
MITM BYPASSED (disabled, forwarding packet UID 2762727)
MITM BYPASSED (disabled, forwarding packet UID 2763287)
MITM BYPASSED (disabled, forwarding packet UID 2763956)
MITM BYPASSED (disabled, forwarding packet UID 2764545)
MITM BYPASSED (disabled, forwarding packet UID 2765106)
MITM BYPASSED (disabled, forwarding packet UID 2765770)
Max Packets per trace file exceeded
MITM BYPASSED (disabled, forwarding packet UID 2766201)
MITM BYPASSED (disabled, forwarding packet UID 2766839)
MITM BYPASSED (disabled, forwarding packet UID 2767442)
MITM BYPASSED (disabled, forwarding packet UID 2768033)
MITM BYPASSED (disabled, forwarding packet UID 2768672)
MITM BYPASSED (disabled, forwarding packet UID 2769255)
MITM BYPASSED (disabled, forwarding packet UID 2769909)
MITM BYPASSED (disabled, forwarding packet UID 2770512)
MITM BYPASSED (disabled, forwarding packet UID 2771154)
MITM BYPASSED (disabled, forwarding packet UID 2771663)
MITM BYPASSED (disabled, forwarding packet UID 2772273)
MITM BYPASSED (disabled, forwarding packet UID 2772916)
MITM BYPASSED (disabled, forwarding packet UID 2773532)
MITM BYPASSED (disabled, forwarding packet UID 2774132)
MITM BYPASSED (disabled, forwarding packet UID 2774706)
MITM BYPASSED (disabled, forwarding packet UID 2775344)
MITM BYPASSED (disabled, forwarding packet UID 2775911)
MITM BYPASSED (disabled, forwarding packet UID 2776537)
MITM BYPASSED (disabled, forwarding packet UID 2777098)
MITM BYPASSED (disabled, forwarding packet UID 2777670)
MITM BYPASSED (disabled, forwarding packet UID 2778288)
MITM BYPASSED (disabled, forwarding packet UID 2778867)
MITM BYPASSED (disabled, forwarding packet UID 2779481)
MITM BYPASSED (disabled, forwarding packet UID 2780060)
MITM BYPASSED (disabled, forwarding packet UID 2780691)
MITM BYPASSED (disabled, forwarding packet UID 2781116)
MITM BYPASSED (disabled, forwarding packet UID 2781821)
MITM BYPASSED (disabled, forwarding packet UID 2782420)
MITM BYPASSED (disabled, forwarding packet UID 2783079)
MITM BYPASSED (disabled, forwarding packet UID 2783695)
MITM BYPASSED (disabled, forwarding packet UID 2784311)
MITM BYPASSED (disabled, forwarding packet UID 2784931)
MITM BYPASSED (disabled, forwarding packet UID 2785518)
MITM BYPASSED (disabled, forwarding packet UID 2786114)
MITM BYPASSED (disabled, forwarding packet UID 2786715)
MITM BYPASSED (disabled, forwarding packet UID 2787330)
MITM BYPASSED (disabled, forwarding packet UID 2787948)
MITM BYPASSED (disabled, forwarding packet UID 2788540)
MITM BYPASSED (disabled, forwarding packet UID 2789133)
MITM BYPASSED (disabled, forwarding packet UID 2789729)
MITM BYPASSED (disabled, forwarding packet UID 2790369)
MITM BYPASSED (disabled, forwarding packet UID 2790980)
MITM BYPASSED (disabled, forwarding packet UID 2791589)
MITM BYPASSED (disabled, forwarding packet UID 2792186)
MITM BYPASSED (disabled, forwarding packet UID 2792774)
MITM BYPASSED (disabled, forwarding packet UID 2793387)
MITM BYPASSED (disabled, forwarding packet UID 2793991)
MITM BYPASSED (disabled, forwarding packet UID 2794610)
MITM BYPASSED (disabled, forwarding packet UID 2795200)
MITM BYPASSED (disabled, forwarding packet UID 2795798)
MITM BYPASSED (disabled, forwarding packet UID 2796246)
MITM BYPASSED (disabled, forwarding packet UID 2796881)
MITM BYPASSED (disabled, forwarding packet UID 2797428)
MITM BYPASSED (disabled, forwarding packet UID 2798089)
MITM BYPASSED (disabled, forwarding packet UID 2798732)
MITM BYPASSED (disabled, forwarding packet UID 2799346)
MITM BYPASSED (disabled, forwarding packet UID 2799915)
MITM BYPASSED (disabled, forwarding packet UID 2800519)
MITM BYPASSED (disabled, forwarding packet UID 2801044)
MITM BYPASSED (disabled, forwarding packet UID 2801647)
MITM BYPASSED (disabled, forwarding packet UID 2802211)
MITM BYPASSED (disabled, forwarding packet UID 2802746)
MITM BYPASSED (disabled, forwarding packet UID 2803324)
MITM BYPASSED (disabled, forwarding packet UID 2803906)
MITM BYPASSED (disabled, forwarding packet UID 2804462)
MITM BYPASSED (disabled, forwarding packet UID 2805011)
MITM BYPASSED (disabled, forwarding packet UID 2805582)
MITM BYPASSED (disabled, forwarding packet UID 2806170)
MITM BYPASSED (disabled, forwarding packet UID 2806584)
MITM BYPASSED (disabled, forwarding packet UID 2807328)
MITM BYPASSED (disabled, forwarding packet UID 2807956)
MITM BYPASSED (disabled, forwarding packet UID 2808602)
MITM BYPASSED (disabled, forwarding packet UID 2809301)
MITM BYPASSED (disabled, forwarding packet UID 2809803)
MITM BYPASSED (disabled, forwarding packet UID 2810491)
MITM BYPASSED (disabled, forwarding packet UID 2810905)
MITM BYPASSED (disabled, forwarding packet UID 2811612)
MITM BYPASSED (disabled, forwarding packet UID 2812253)
MITM BYPASSED (disabled, forwarding packet UID 2812885)
MITM BYPASSED (disabled, forwarding packet UID 2813498)
MITM BYPASSED (disabled, forwarding packet UID 2814090)
MITM BYPASSED (disabled, forwarding packet UID 2814706)
MITM BYPASSED (disabled, forwarding packet UID 2815341)
MITM BYPASSED (disabled, forwarding packet UID 2815973)
MITM BYPASSED (disabled, forwarding packet UID 2816577)
MITM BYPASSED (disabled, forwarding packet UID 2817167)
MITM BYPASSED (disabled, forwarding packet UID 2817776)
MITM BYPASSED (disabled, forwarding packet UID 2818381)
MITM BYPASSED (disabled, forwarding packet UID 2818969)
MITM BYPASSED (disabled, forwarding packet UID 2819558)
MITM BYPASSED (disabled, forwarding packet UID 2820168)
MITM BYPASSED (disabled, forwarding packet UID 2820786)
MITM BYPASSED (disabled, forwarding packet UID 2821417)
MITM BYPASSED (disabled, forwarding packet UID 2822025)
MITM BYPASSED (disabled, forwarding packet UID 2822615)
MITM BYPASSED (disabled, forwarding packet UID 2823265)
MITM BYPASSED (disabled, forwarding packet UID 2823833)
MITM BYPASSED (disabled, forwarding packet UID 2824482)
MITM BYPASSED (disabled, forwarding packet UID 2825001)
MITM BYPASSED (disabled, forwarding packet UID 2825635)
MITM BYPASSED (disabled, forwarding packet UID 2826007)
MITM BYPASSED (disabled, forwarding packet UID 2826666)
MITM BYPASSED (disabled, forwarding packet UID 2827370)
MITM BYPASSED (disabled, forwarding packet UID 2827982)
MITM BYPASSED (disabled, forwarding packet UID 2828625)
MITM BYPASSED (disabled, forwarding packet UID 2829225)
MITM BYPASSED (disabled, forwarding packet UID 2829815)
MITM BYPASSED (disabled, forwarding packet UID 2830475)
MITM BYPASSED (disabled, forwarding packet UID 2831007)
MITM BYPASSED (disabled, forwarding packet UID 2831608)
MITM BYPASSED (disabled, forwarding packet UID 2832264)
MITM BYPASSED (disabled, forwarding packet UID 2832809)
MITM BYPASSED (disabled, forwarding packet UID 2833436)
MITM BYPASSED (disabled, forwarding packet UID 2834059)
MITM BYPASSED (disabled, forwarding packet UID 2834687)
MITM BYPASSED (disabled, forwarding packet UID 2835303)
MITM BYPASSED (disabled, forwarding packet UID 2835933)
MITM BYPASSED (disabled, forwarding packet UID 2836484)
MITM BYPASSED (disabled, forwarding packet UID 2837034)
MITM BYPASSED (disabled, forwarding packet UID 2837560)
MITM BYPASSED (disabled, forwarding packet UID 2838188)
MITM BYPASSED (disabled, forwarding packet UID 2838874)
MITM BYPASSED (disabled, forwarding packet UID 2839458)
MITM BYPASSED (disabled, forwarding packet UID 2840101)
MITM BYPASSED (disabled, forwarding packet UID 2840745)
MITM BYPASSED (disabled, forwarding packet UID 2841182)
MITM BYPASSED (disabled, forwarding packet UID 2841841)
MITM BYPASSED (disabled, forwarding packet UID 2842518)
MITM BYPASSED (disabled, forwarding packet UID 2843109)
MITM BYPASSED (disabled, forwarding packet UID 2843649)
MITM BYPASSED (disabled, forwarding packet UID 2844259)
MITM BYPASSED (disabled, forwarding packet UID 2844873)
MITM BYPASSED (disabled, forwarding packet UID 2845411)
MITM BYPASSED (disabled, forwarding packet UID 2845964)
MITM BYPASSED (disabled, forwarding packet UID 2846655)
MITM BYPASSED (disabled, forwarding packet UID 2847490)
MITM BYPASSED (disabled, forwarding packet UID 2848030)
MITM BYPASSED (disabled, forwarding packet UID 2848645)
MITM BYPASSED (disabled, forwarding packet UID 2849252)
MITM BYPASSED (disabled, forwarding packet UID 2849841)
MITM BYPASSED (disabled, forwarding packet UID 2850445)
MITM BYPASSED (disabled, forwarding packet UID 2851079)
MITM BYPASSED (disabled, forwarding packet UID 2851681)
MITM BYPASSED (disabled, forwarding packet UID 2852332)
MITM BYPASSED (disabled, forwarding packet UID 2852944)
MITM BYPASSED (disabled, forwarding packet UID 2853559)
MITM BYPASSED (disabled, forwarding packet UID 2854179)
MITM BYPASSED (disabled, forwarding packet UID 2854792)
MITM BYPASSED (disabled, forwarding packet UID 2855371)
MITM BYPASSED (disabled, forwarding packet UID 2856015)
MITM BYPASSED (disabled, forwarding packet UID 2856633)
MITM BYPASSED (disabled, forwarding packet UID 2857247)
MITM BYPASSED (disabled, forwarding packet UID 2857867)
MITM BYPASSED (disabled, forwarding packet UID 2858482)
MITM BYPASSED (disabled, forwarding packet UID 2859078)
MITM BYPASSED (disabled, forwarding packet UID 2859582)
MITM BYPASSED (disabled, forwarding packet UID 2859987)
MITM BYPASSED (disabled, forwarding packet UID 2860647)
MITM BYPASSED (disabled, forwarding packet UID 2861282)
MITM BYPASSED (disabled, forwarding packet UID 2861872)
MITM BYPASSED (disabled, forwarding packet UID 2862535)
MITM BYPASSED (disabled, forwarding packet UID 2863140)
MITM BYPASSED (disabled, forwarding packet UID 2863720)
MITM BYPASSED (disabled, forwarding packet UID 2864353)
MITM BYPASSED (disabled, forwarding packet UID 2865033)
MITM BYPASSED (disabled, forwarding packet UID 2865648)
MITM BYPASSED (disabled, forwarding packet UID 2866238)
MITM BYPASSED (disabled, forwarding packet UID 2866835)
MITM BYPASSED (disabled, forwarding packet UID 2867423)
MITM BYPASSED (disabled, forwarding packet UID 2867981)
MITM BYPASSED (disabled, forwarding packet UID 2868447)
MITM BYPASSED (disabled, forwarding packet UID 2869037)
MITM BYPASSED (disabled, forwarding packet UID 2869661)
MITM BYPASSED (disabled, forwarding packet UID 2870179)
MITM BYPASSED (disabled, forwarding packet UID 2870813)
MITM BYPASSED (disabled, forwarding packet UID 2871485)
MITM BYPASSED (disabled, forwarding packet UID 2872057)
MITM BYPASSED (disabled, forwarding packet UID 2872702)
MITM BYPASSED (disabled, forwarding packet UID 2873267)
MITM BYPASSED (disabled, forwarding packet UID 2873915)
MITM BYPASSED (disabled, forwarding packet UID 2874487)
MITM BYPASSED (disabled, forwarding packet UID 2874931)
MITM BYPASSED (disabled, forwarding packet UID 2875527)
MITM BYPASSED (disabled, forwarding packet UID 2876153)
MITM BYPASSED (disabled, forwarding packet UID 2876797)
MITM BYPASSED (disabled, forwarding packet UID 2877391)
MITM BYPASSED (disabled, forwarding packet UID 2878058)
MITM BYPASSED (disabled, forwarding packet UID 2878675)
MITM BYPASSED (disabled, forwarding packet UID 2879300)
MITM BYPASSED (disabled, forwarding packet UID 2879794)
MITM BYPASSED (disabled, forwarding packet UID 2880368)
MITM BYPASSED (disabled, forwarding packet UID 2880982)
MITM BYPASSED (disabled, forwarding packet UID 2881625)
MITM BYPASSED (disabled, forwarding packet UID 2882287)
MITM BYPASSED (disabled, forwarding packet UID 2882896)
MITM BYPASSED (disabled, forwarding packet UID 2883484)
MITM BYPASSED (disabled, forwarding packet UID 2884120)
MITM BYPASSED (disabled, forwarding packet UID 2884731)
MITM BYPASSED (disabled, forwarding packet UID 2885256)
MITM BYPASSED (disabled, forwarding packet UID 2885873)
MITM BYPASSED (disabled, forwarding packet UID 2886522)
MITM BYPASSED (disabled, forwarding packet UID 2887118)
MITM BYPASSED (disabled, forwarding packet UID 2887638)
MITM BYPASSED (disabled, forwarding packet UID 2888321)
MITM BYPASSED (disabled, forwarding packet UID 2888883)
MITM BYPASSED (disabled, forwarding packet UID 2889477)
MITM BYPASSED (disabled, forwarding packet UID 2889948)
MITM BYPASSED (disabled, forwarding packet UID 2890571)
MITM BYPASSED (disabled, forwarding packet UID 2891149)
MITM BYPASSED (disabled, forwarding packet UID 2891732)
MITM BYPASSED (disabled, forwarding packet UID 2892413)
MITM BYPASSED (disabled, forwarding packet UID 2892987)
MITM BYPASSED (disabled, forwarding packet UID 2893625)
MITM BYPASSED (disabled, forwarding packet UID 2894296)
MITM BYPASSED (disabled, forwarding packet UID 2894884)
MITM BYPASSED (disabled, forwarding packet UID 2895450)
MITM BYPASSED (disabled, forwarding packet UID 2896021)
MITM BYPASSED (disabled, forwarding packet UID 2896660)
MITM BYPASSED (disabled, forwarding packet UID 2897274)
MITM BYPASSED (disabled, forwarding packet UID 2897894)
MITM BYPASSED (disabled, forwarding packet UID 2898479)
MITM BYPASSED (disabled, forwarding packet UID 2899174)
MITM BYPASSED (disabled, forwarding packet UID 2899681)
MITM BYPASSED (disabled, forwarding packet UID 2900273)
MITM BYPASSED (disabled, forwarding packet UID 2900852)
MITM BYPASSED (disabled, forwarding packet UID 2901405)
MITM BYPASSED (disabled, forwarding packet UID 2902011)
MITM BYPASSED (disabled, forwarding packet UID 2902550)
MITM BYPASSED (disabled, forwarding packet UID 2903158)
MITM BYPASSED (disabled, forwarding packet UID 2903822)
MITM BYPASSED (disabled, forwarding packet UID 2904439)
MITM BYPASSED (disabled, forwarding packet UID 2904824)
MITM BYPASSED (disabled, forwarding packet UID 2905414)
MITM BYPASSED (disabled, forwarding packet UID 2905997)
MITM BYPASSED (disabled, forwarding packet UID 2906649)
MITM BYPASSED (disabled, forwarding packet UID 2907189)
MITM BYPASSED (disabled, forwarding packet UID 2907858)
MITM BYPASSED (disabled, forwarding packet UID 2908490)
MITM BYPASSED (disabled, forwarding packet UID 2909165)
MITM BYPASSED (disabled, forwarding packet UID 2909810)
MITM BYPASSED (disabled, forwarding packet UID 2910453)
MITM BYPASSED (disabled, forwarding packet UID 2911057)
MITM BYPASSED (disabled, forwarding packet UID 2911661)
MITM BYPASSED (disabled, forwarding packet UID 2912195)
MITM BYPASSED (disabled, forwarding packet UID 2912772)
MITM BYPASSED (disabled, forwarding packet UID 2913301)
MITM BYPASSED (disabled, forwarding packet UID 2913991)
MITM BYPASSED (disabled, forwarding packet UID 2914571)
MITM BYPASSED (disabled, forwarding packet UID 2915221)
MITM BYPASSED (disabled, forwarding packet UID 2915856)
MITM BYPASSED (disabled, forwarding packet UID 2916468)
MITM BYPASSED (disabled, forwarding packet UID 2917037)
MITM BYPASSED (disabled, forwarding packet UID 2917632)
MITM BYPASSED (disabled, forwarding packet UID 2918215)
MITM BYPASSED (disabled, forwarding packet UID 2918835)
MITM BYPASSED (disabled, forwarding packet UID 2919434)
MITM BYPASSED (disabled, forwarding packet UID 2919861)
MITM BYPASSED (disabled, forwarding packet UID 2920509)
MITM BYPASSED (disabled, forwarding packet UID 2921098)
MITM BYPASSED (disabled, forwarding packet UID 2921755)
MITM BYPASSED (disabled, forwarding packet UID 2922321)
MITM BYPASSED (disabled, forwarding packet UID 2922866)
MITM BYPASSED (disabled, forwarding packet UID 2923386)
MITM BYPASSED (disabled, forwarding packet UID 2924057)
MITM BYPASSED (disabled, forwarding packet UID 2924685)
MITM BYPASSED (disabled, forwarding packet UID 2925281)
MITM BYPASSED (disabled, forwarding packet UID 2925890)
MITM BYPASSED (disabled, forwarding packet UID 2926489)
MITM BYPASSED (disabled, forwarding packet UID 2927044)
MITM BYPASSED (disabled, forwarding packet UID 2927629)
MITM BYPASSED (disabled, forwarding packet UID 2928134)
MITM BYPASSED (disabled, forwarding packet UID 2928801)
MITM BYPASSED (disabled, forwarding packet UID 2929504)
MITM BYPASSED (disabled, forwarding packet UID 2930142)
MITM BYPASSED (disabled, forwarding packet UID 2930707)
MITM BYPASSED (disabled, forwarding packet UID 2931333)
MITM BYPASSED (disabled, forwarding packet UID 2931849)
MITM BYPASSED (disabled, forwarding packet UID 2932454)
MITM BYPASSED (disabled, forwarding packet UID 2933023)
MITM BYPASSED (disabled, forwarding packet UID 2933703)
MITM BYPASSED (disabled, forwarding packet UID 2934329)
MITM BYPASSED (disabled, forwarding packet UID 2934767)
MITM BYPASSED (disabled, forwarding packet UID 2935443)
MITM BYPASSED (disabled, forwarding packet UID 2936048)
MITM BYPASSED (disabled, forwarding packet UID 2936665)
MITM BYPASSED (disabled, forwarding packet UID 2937248)
MITM BYPASSED (disabled, forwarding packet UID 2937879)
MITM BYPASSED (disabled, forwarding packet UID 2938486)
MITM BYPASSED (disabled, forwarding packet UID 2939120)
MITM BYPASSED (disabled, forwarding packet UID 2939724)
MITM BYPASSED (disabled, forwarding packet UID 2940299)
MITM BYPASSED (disabled, forwarding packet UID 2940873)
MITM BYPASSED (disabled, forwarding packet UID 2941513)
MITM BYPASSED (disabled, forwarding packet UID 2942133)
MITM BYPASSED (disabled, forwarding packet UID 2942775)
MITM BYPASSED (disabled, forwarding packet UID 2943272)
MITM BYPASSED (disabled, forwarding packet UID 2943914)
MITM BYPASSED (disabled, forwarding packet UID 2944537)
MITM BYPASSED (disabled, forwarding packet UID 2945132)
MITM BYPASSED (disabled, forwarding packet UID 2945780)
MITM BYPASSED (disabled, forwarding packet UID 2946414)
MITM BYPASSED (disabled, forwarding packet UID 2947003)
MITM BYPASSED (disabled, forwarding packet UID 2947639)
MITM BYPASSED (disabled, forwarding packet UID 2948248)
MITM BYPASSED (disabled, forwarding packet UID 2948854)
MITM BYPASSED (disabled, forwarding packet UID 2949462)
MITM BYPASSED (disabled, forwarding packet UID 2949826)
MITM BYPASSED (disabled, forwarding packet UID 2950476)
MITM BYPASSED (disabled, forwarding packet UID 2951136)
MITM BYPASSED (disabled, forwarding packet UID 2951772)
MITM BYPASSED (disabled, forwarding packet UID 2952372)
MITM BYPASSED (disabled, forwarding packet UID 2953023)
MITM BYPASSED (disabled, forwarding packet UID 2953647)
MITM BYPASSED (disabled, forwarding packet UID 2954287)
MITM BYPASSED (disabled, forwarding packet UID 2954902)
MITM BYPASSED (disabled, forwarding packet UID 2955502)
MITM BYPASSED (disabled, forwarding packet UID 2956104)
MITM BYPASSED (disabled, forwarding packet UID 2956701)
MITM BYPASSED (disabled, forwarding packet UID 2957330)
MITM BYPASSED (disabled, forwarding packet UID 2957873)
MITM BYPASSED (disabled, forwarding packet UID 2958381)
MITM BYPASSED (disabled, forwarding packet UID 2958976)
MITM BYPASSED (disabled, forwarding packet UID 2959673)
MITM BYPASSED (disabled, forwarding packet UID 2960220)
MITM BYPASSED (disabled, forwarding packet UID 2960891)
MITM BYPASSED (disabled, forwarding packet UID 2961401)
MITM BYPASSED (disabled, forwarding packet UID 2961926)
MITM BYPASSED (disabled, forwarding packet UID 2962524)
MITM BYPASSED (disabled, forwarding packet UID 2963130)
MITM BYPASSED (disabled, forwarding packet UID 2963861)
MITM BYPASSED (disabled, forwarding packet UID 2964453)
MITM BYPASSED (disabled, forwarding packet UID 2964793)
MITM BYPASSED (disabled, forwarding packet UID 2965382)
MITM BYPASSED (disabled, forwarding packet UID 2965996)
MITM BYPASSED (disabled, forwarding packet UID 2966521)
MITM BYPASSED (disabled, forwarding packet UID 2967177)
MITM BYPASSED (disabled, forwarding packet UID 2967844)
MITM BYPASSED (disabled, forwarding packet UID 2968466)
MITM BYPASSED (disabled, forwarding packet UID 2969034)
MITM BYPASSED (disabled, forwarding packet UID 2969618)
MITM BYPASSED (disabled, forwarding packet UID 2970275)
MITM BYPASSED (disabled, forwarding packet UID 2970882)
MITM BYPASSED (disabled, forwarding packet UID 2971473)
MITM BYPASSED (disabled, forwarding packet UID 2972019)
MITM BYPASSED (disabled, forwarding packet UID 2972602)
MITM BYPASSED (disabled, forwarding packet UID 2973245)
MITM BYPASSED (disabled, forwarding packet UID 2973830)
MITM BYPASSED (disabled, forwarding packet UID 2974371)
MITM BYPASSED (disabled, forwarding packet UID 2974961)
MITM BYPASSED (disabled, forwarding packet UID 2975596)
MITM BYPASSED (disabled, forwarding packet UID 2976195)
MITM BYPASSED (disabled, forwarding packet UID 2976834)
MITM BYPASSED (disabled, forwarding packet UID 2977414)
MITM BYPASSED (disabled, forwarding packet UID 2978025)
MITM BYPASSED (disabled, forwarding packet UID 2978665)
MITM BYPASSED (disabled, forwarding packet UID 2979278)
MITM BYPASSED (disabled, forwarding packet UID 2979624)
MITM BYPASSED (disabled, forwarding packet UID 2980274)
MITM BYPASSED (disabled, forwarding packet UID 2980860)
MITM BYPASSED (disabled, forwarding packet UID 2981439)
MITM BYPASSED (disabled, forwarding packet UID 2982089)
MITM BYPASSED (disabled, forwarding packet UID 2982707)
MITM BYPASSED (disabled, forwarding packet UID 2983317)
MITM BYPASSED (disabled, forwarding packet UID 2983933)
MITM BYPASSED (disabled, forwarding packet UID 2984594)
MITM BYPASSED (disabled, forwarding packet UID 2985163)
MITM BYPASSED (disabled, forwarding packet UID 2985773)
MITM BYPASSED (disabled, forwarding packet UID 2986366)
MITM BYPASSED (disabled, forwarding packet UID 2987019)
MITM BYPASSED (disabled, forwarding packet UID 2987626)
MITM BYPASSED (disabled, forwarding packet UID 2988246)
MITM BYPASSED (disabled, forwarding packet UID 2988862)
MITM BYPASSED (disabled, forwarding packet UID 2989414)
MITM BYPASSED (disabled, forwarding packet UID 2990031)
MITM BYPASSED (disabled, forwarding packet UID 2990668)
MITM BYPASSED (disabled, forwarding packet UID 2991215)
MITM BYPASSED (disabled, forwarding packet UID 2991800)
MITM BYPASSED (disabled, forwarding packet UID 2992461)
MITM BYPASSED (disabled, forwarding packet UID 2993052)
[BluetoothEnergy] time: 45.0000 s, node: 11, state: 0, total_energy: 0.0000 kWh
MITM BYPASSED (disabled, forwarding packet UID 2993888)
MITM BYPASSED (disabled, forwarding packet UID 2994417)
MITM BYPASSED (disabled, forwarding packet UID 2995070)
MITM BYPASSED (disabled, forwarding packet UID 2995653)
MITM BYPASSED (disabled, forwarding packet UID 2996285)
MITM BYPASSED (disabled, forwarding packet UID 2996894)
MITM BYPASSED (disabled, forwarding packet UID 2997455)
MITM BYPASSED (disabled, forwarding packet UID 2998016)
MITM BYPASSED (disabled, forwarding packet UID 2998474)
MITM BYPASSED (disabled, forwarding packet UID 2999169)
MITM BYPASSED (disabled, forwarding packet UID 2999753)
MITM BYPASSED (disabled, forwarding packet UID 3000296)
MITM BYPASSED (disabled, forwarding packet UID 3000887)
MITM BYPASSED (disabled, forwarding packet UID 3001508)
MITM BYPASSED (disabled, forwarding packet UID 3002179)
MITM BYPASSED (disabled, forwarding packet UID 3002784)
MITM BYPASSED (disabled, forwarding packet UID 3003344)
MITM BYPASSED (disabled, forwarding packet UID 3003962)
MITM BYPASSED (disabled, forwarding packet UID 3004564)
MITM BYPASSED (disabled, forwarding packet UID 3005204)
MITM BYPASSED (disabled, forwarding packet UID 3005711)
MITM BYPASSED (disabled, forwarding packet UID 3006349)
MITM BYPASSED (disabled, forwarding packet UID 3006961)
MITM BYPASSED (disabled, forwarding packet UID 3007566)
MITM BYPASSED (disabled, forwarding packet UID 3008161)
MITM BYPASSED (disabled, forwarding packet UID 3008796)
MITM BYPASSED (disabled, forwarding packet UID 3009400)
MITM BYPASSED (disabled, forwarding packet UID 3010031)
MITM BYPASSED (disabled, forwarding packet UID 3010619)
MITM BYPASSED (disabled, forwarding packet UID 3011207)
MITM BYPASSED (disabled, forwarding packet UID 3011739)
MITM BYPASSED (disabled, forwarding packet UID 3012364)
MITM BYPASSED (disabled, forwarding packet UID 3013008)
MITM BYPASSED (disabled, forwarding packet UID 3013421)
MITM BYPASSED (disabled, forwarding packet UID 3014106)
MITM BYPASSED (disabled, forwarding packet UID 3014715)
MITM BYPASSED (disabled, forwarding packet UID 3015351)
MITM BYPASSED (disabled, forwarding packet UID 3015947)
MITM BYPASSED (disabled, forwarding packet UID 3016585)
MITM BYPASSED (disabled, forwarding packet UID 3017197)
MITM BYPASSED (disabled, forwarding packet UID 3017713)
MITM BYPASSED (disabled, forwarding packet UID 3018326)
MITM BYPASSED (disabled, forwarding packet UID 3018849)
MITM BYPASSED (disabled, forwarding packet UID 3019483)
MITM BYPASSED (disabled, forwarding packet UID 3020042)
MITM BYPASSED (disabled, forwarding packet UID 3020766)
MITM BYPASSED (disabled, forwarding packet UID 3021354)
MITM BYPASSED (disabled, forwarding packet UID 3021955)
MITM BYPASSED (disabled, forwarding packet UID 3022567)
[BluetoothEnergy] time: 45.2000 s, node: 11, state: 1, total_energy: 0.0000 kWh
MITM BYPASSED (disabled, forwarding packet UID 3023124)
MITM BYPASSED (disabled, forwarding packet UID 3023749)
MITM BYPASSED (disabled, forwarding packet UID 3024356)
MITM BYPASSED (disabled, forwarding packet UID 3024918)
MITM BYPASSED (disabled, forwarding packet UID 3025569)
MITM BYPASSED (disabled, forwarding packet UID 3026204)
MITM BYPASSED (disabled, forwarding packet UID 3026785)
MITM BYPASSED (disabled, forwarding packet UID 3027403)
MITM BYPASSED (disabled, forwarding packet UID 3028018)
MITM BYPASSED (disabled, forwarding packet UID 3028445)
MITM BYPASSED (disabled, forwarding packet UID 3029067)
MITM BYPASSED (disabled, forwarding packet UID 3029736)
MITM BYPASSED (disabled, forwarding packet UID 3030382)
MITM BYPASSED (disabled, forwarding packet UID 3030982)
MITM BYPASSED (disabled, forwarding packet UID 3031601)
MITM BYPASSED (disabled, forwarding packet UID 3032153)
MITM BYPASSED (disabled, forwarding packet UID 3032768)
MITM BYPASSED (disabled, forwarding packet UID 3033333)
MITM BYPASSED (disabled, forwarding packet UID 3033949)
MITM BYPASSED (disabled, forwarding packet UID 3034493)
MITM BYPASSED (disabled, forwarding packet UID 3035144)
MITM BYPASSED (disabled, forwarding packet UID 3035693)
MITM BYPASSED (disabled, forwarding packet UID 3036355)
MITM BYPASSED (disabled, forwarding packet UID 3036932)
MITM BYPASSED (disabled, forwarding packet UID 3037435)
MITM BYPASSED (disabled, forwarding packet UID 3038050)
MITM BYPASSED (disabled, forwarding packet UID 3038600)
MITM BYPASSED (disabled, forwarding packet UID 3039288)
MITM BYPASSED (disabled, forwarding packet UID 3039855)
MITM BYPASSED (disabled, forwarding packet UID 3040454)
MITM BYPASSED (disabled, forwarding packet UID 3041107)
MITM BYPASSED (disabled, forwarding packet UID 3041602)
MITM BYPASSED (disabled, forwarding packet UID 3042202)
MITM BYPASSED (disabled, forwarding packet UID 3042858)
MITM BYPASSED (disabled, forwarding packet UID 3043332)
MITM BYPASSED (disabled, forwarding packet UID 3043981)
MITM BYPASSED (disabled, forwarding packet UID 3044581)
MITM BYPASSED (disabled, forwarding packet UID 3045223)
MITM BYPASSED (disabled, forwarding packet UID 3045856)
MITM BYPASSED (disabled, forwarding packet UID 3046487)
MITM BYPASSED (disabled, forwarding packet UID 3046981)
MITM BYPASSED (disabled, forwarding packet UID 3047566)
MITM BYPASSED (disabled, forwarding packet UID 3048179)
MITM BYPASSED (disabled, forwarding packet UID 3048760)
MITM BYPASSED (disabled, forwarding packet UID 3049275)
MITM BYPASSED (disabled, forwarding packet UID 3049973)
MITM BYPASSED (disabled, forwarding packet UID 3050568)
MITM BYPASSED (disabled, forwarding packet UID 3051196)
MITM BYPASSED (disabled, forwarding packet UID 3051807)
MITM BYPASSED (disabled, forwarding packet UID 3052468)
MITM BYPASSED (disabled, forwarding packet UID 3053000)
MITM BYPASSED (disabled, forwarding packet UID 3053661)
MITM BYPASSED (disabled, forwarding packet UID 3054182)
MITM BYPASSED (disabled, forwarding packet UID 3054869)
MITM BYPASSED (disabled, forwarding packet UID 3055529)
MITM BYPASSED (disabled, forwarding packet UID 3056129)
MITM BYPASSED (disabled, forwarding packet UID 3056648)
MITM BYPASSED (disabled, forwarding packet UID 3057258)
MITM BYPASSED (disabled, forwarding packet UID 3057903)
MITM BYPASSED (disabled, forwarding packet UID 3058415)
MITM BYPASSED (disabled, forwarding packet UID 3059032)
MITM BYPASSED (disabled, forwarding packet UID 3059678)
MITM BYPASSED (disabled, forwarding packet UID 3060245)
MITM BYPASSED (disabled, forwarding packet UID 3060868)
MITM BYPASSED (disabled, forwarding packet UID 3061500)
MITM BYPASSED (disabled, forwarding packet UID 3062118)
MITM BYPASSED (disabled, forwarding packet UID 3062762)
MITM BYPASSED (disabled, forwarding packet UID 3063384)
MITM BYPASSED (disabled, forwarding packet UID 3063896)
MITM BYPASSED (disabled, forwarding packet UID 3064547)
MITM BYPASSED (disabled, forwarding packet UID 3065139)
MITM BYPASSED (disabled, forwarding packet UID 3065818)
MITM BYPASSED (disabled, forwarding packet UID 3066394)
MITM BYPASSED (disabled, forwarding packet UID 3067015)
MITM BYPASSED (disabled, forwarding packet UID 3067624)
MITM BYPASSED (disabled, forwarding packet UID 3068251)
MITM BYPASSED (disabled, forwarding packet UID 3068863)
MITM BYPASSED (disabled, forwarding packet UID 3069432)
MITM BYPASSED (disabled, forwarding packet UID 3070046)
MITM BYPASSED (disabled, forwarding packet UID 3070645)
MITM BYPASSED (disabled, forwarding packet UID 3071123)
MITM BYPASSED (disabled, forwarding packet UID 3071752)
MITM BYPASSED (disabled, forwarding packet UID 3072355)
MITM BYPASSED (disabled, forwarding packet UID 3072946)
MITM BYPASSED (disabled, forwarding packet UID 3073322)
MITM BYPASSED (disabled, forwarding packet UID 3073943)
MITM BYPASSED (disabled, forwarding packet UID 3074527)
MITM BYPASSED (disabled, forwarding packet UID 3075137)
MITM BYPASSED (disabled, forwarding packet UID 3075708)
MITM BYPASSED (disabled, forwarding packet UID 3076328)
MITM BYPASSED (disabled, forwarding packet UID 3076978)
MITM BYPASSED (disabled, forwarding packet UID 3077684)
MITM BYPASSED (disabled, forwarding packet UID 3078308)
MITM BYPASSED (disabled, forwarding packet UID 3078943)
MITM BYPASSED (disabled, forwarding packet UID 3079552)
MITM BYPASSED (disabled, forwarding packet UID 3080159)
MITM BYPASSED (disabled, forwarding packet UID 3080791)
MITM BYPASSED (disabled, forwarding packet UID 3081302)
MITM BYPASSED (disabled, forwarding packet UID 3081959)
MITM BYPASSED (disabled, forwarding packet UID 3082618)
MITM BYPASSED (disabled, forwarding packet UID 3083228)
MITM BYPASSED (disabled, forwarding packet UID 3083843)
MITM BYPASSED (disabled, forwarding packet UID 3084452)
MITM BYPASSED (disabled, forwarding packet UID 3085060)
MITM BYPASSED (disabled, forwarding packet UID 3085638)
MITM BYPASSED (disabled, forwarding packet UID 3086247)
MITM BYPASSED (disabled, forwarding packet UID 3086793)
MITM BYPASSED (disabled, forwarding packet UID 3087421)
MITM BYPASSED (disabled, forwarding packet UID 3088005)
MITM BYPASSED (disabled, forwarding packet UID 3088275)
MITM BYPASSED (disabled, forwarding packet UID 3088965)
MITM BYPASSED (disabled, forwarding packet UID 3089641)
MITM BYPASSED (disabled, forwarding packet UID 3090321)
MITM BYPASSED (disabled, forwarding packet UID 3090896)
MITM BYPASSED (disabled, forwarding packet UID 3091548)
MITM BYPASSED (disabled, forwarding packet UID 3092150)
MITM BYPASSED (disabled, forwarding packet UID 3092780)
MITM BYPASSED (disabled, forwarding packet UID 3093342)
MITM BYPASSED (disabled, forwarding packet UID 3093931)
MITM BYPASSED (disabled, forwarding packet UID 3094647)
MITM BYPASSED (disabled, forwarding packet UID 3095249)
MITM BYPASSED (disabled, forwarding packet UID 3095856)
MITM BYPASSED (disabled, forwarding packet UID 3096399)
MITM BYPASSED (disabled, forwarding packet UID 3097026)
MITM BYPASSED (disabled, forwarding packet UID 3097667)
MITM BYPASSED (disabled, forwarding packet UID 3098270)
MITM BYPASSED (disabled, forwarding packet UID 3098864)
MITM BYPASSED (disabled, forwarding packet UID 3099475)
MITM BYPASSED (disabled, forwarding packet UID 3100070)
MITM BYPASSED (disabled, forwarding packet UID 3100674)
MITM BYPASSED (disabled, forwarding packet UID 3101291)
MITM BYPASSED (disabled, forwarding packet UID 3101846)
MITM BYPASSED (disabled, forwarding packet UID 3102473)
MITM BYPASSED (disabled, forwarding packet UID 3103080)
MITM BYPASSED (disabled, forwarding packet UID 3103516)
MITM BYPASSED (disabled, forwarding packet UID 3104159)
MITM BYPASSED (disabled, forwarding packet UID 3104702)
MITM BYPASSED (disabled, forwarding packet UID 3105372)
MITM BYPASSED (disabled, forwarding packet UID 3105966)
MITM BYPASSED (disabled, forwarding packet UID 3106637)
MITM BYPASSED (disabled, forwarding packet UID 3107252)
MITM BYPASSED (disabled, forwarding packet UID 3107818)
MITM BYPASSED (disabled, forwarding packet UID 3108455)
MITM BYPASSED (disabled, forwarding packet UID 3109036)
MITM BYPASSED (disabled, forwarding packet UID 3109647)
MITM BYPASSED (disabled, forwarding packet UID 3110293)
MITM BYPASSED (disabled, forwarding packet UID 3110896)
MITM BYPASSED (disabled, forwarding packet UID 3111503)
MITM BYPASSED (disabled, forwarding packet UID 3112003)
MITM BYPASSED (disabled, forwarding packet UID 3112616)
MITM BYPASSED (disabled, forwarding packet UID 3113165)
MITM BYPASSED (disabled, forwarding packet UID 3113842)
MITM BYPASSED (disabled, forwarding packet UID 3114509)
MITM BYPASSED (disabled, forwarding packet UID 3115096)
MITM BYPASSED (disabled, forwarding packet UID 3115712)
MITM BYPASSED (disabled, forwarding packet UID 3116294)
MITM BYPASSED (disabled, forwarding packet UID 3116899)
MITM BYPASSED (disabled, forwarding packet UID 3117539)
MITM BYPASSED (disabled, forwarding packet UID 3118165)
MITM BYPASSED (disabled, forwarding packet UID 3118483)
MITM BYPASSED (disabled, forwarding packet UID 3119157)
MITM BYPASSED (disabled, forwarding packet UID 3119771)
MITM BYPASSED (disabled, forwarding packet UID 3120334)
MITM BYPASSED (disabled, forwarding packet UID 3120861)
MITM BYPASSED (disabled, forwarding packet UID 3121474)
MITM BYPASSED (disabled, forwarding packet UID 3122127)
MITM BYPASSED (disabled, forwarding packet UID 3122795)
MITM BYPASSED (disabled, forwarding packet UID 3123384)
MITM BYPASSED (disabled, forwarding packet UID 3124026)
MITM BYPASSED (disabled, forwarding packet UID 3124649)
MITM BYPASSED (disabled, forwarding packet UID 3125270)
MITM BYPASSED (disabled, forwarding packet UID 3125874)
MITM BYPASSED (disabled, forwarding packet UID 3126523)
MITM BYPASSED (disabled, forwarding packet UID 3127028)
MITM BYPASSED (disabled, forwarding packet UID 3127694)
MITM BYPASSED (disabled, forwarding packet UID 3128321)
MITM BYPASSED (disabled, forwarding packet UID 3128892)
MITM BYPASSED (disabled, forwarding packet UID 3129498)
MITM BYPASSED (disabled, forwarding packet UID 3130151)
MITM BYPASSED (disabled, forwarding packet UID 3130748)
MITM BYPASSED (disabled, forwarding packet UID 3131241)
MITM BYPASSED (disabled, forwarding packet UID 3131863)
MITM BYPASSED (disabled, forwarding packet UID 3132510)
MITM BYPASSED (disabled, forwarding packet UID 3133180)
MITM BYPASSED (disabled, forwarding packet UID 3133580)
MITM BYPASSED (disabled, forwarding packet UID 3134127)
MITM BYPASSED (disabled, forwarding packet UID 3134804)
MITM BYPASSED (disabled, forwarding packet UID 3135430)
MITM BYPASSED (disabled, forwarding packet UID 3136075)
MITM BYPASSED (disabled, forwarding packet UID 3136682)
MITM BYPASSED (disabled, forwarding packet UID 3137324)
MITM BYPASSED (disabled, forwarding packet UID 3137946)
MITM BYPASSED (disabled, forwarding packet UID 3138580)
MITM BYPASSED (disabled, forwarding packet UID 3139188)
MITM BYPASSED (disabled, forwarding packet UID 3139808)
MITM BYPASSED (disabled, forwarding packet UID 3140444)
MITM BYPASSED (disabled, forwarding packet UID 3141223)
MITM BYPASSED (disabled, forwarding packet UID 3141822)
MITM BYPASSED (disabled, forwarding packet UID 3142356)
MITM BYPASSED (disabled, forwarding packet UID 3143016)
MITM BYPASSED (disabled, forwarding packet UID 3143652)
MITM BYPASSED (disabled, forwarding packet UID 3144200)
MITM BYPASSED (disabled, forwarding packet UID 3144862)
MITM BYPASSED (disabled, forwarding packet UID 3145447)
MITM BYPASSED (disabled, forwarding packet UID 3146053)
MITM BYPASSED (disabled, forwarding packet UID 3146653)
MITM BYPASSED (disabled, forwarding packet UID 3147252)
MITM BYPASSED (disabled, forwarding packet UID 3147860)
MITM BYPASSED (disabled, forwarding packet UID 3148437)
MITM BYPASSED (disabled, forwarding packet UID 3149008)
MITM BYPASSED (disabled, forwarding packet UID 3149634)
MITM BYPASSED (disabled, forwarding packet UID 3150211)
MITM BYPASSED (disabled, forwarding packet UID 3150791)
MITM BYPASSED (disabled, forwarding packet UID 3151379)
MITM BYPASSED (disabled, forwarding packet UID 3151993)
MITM BYPASSED (disabled, forwarding packet UID 3152451)
MITM BYPASSED (disabled, forwarding packet UID 3153041)
MITM BYPASSED (disabled, forwarding packet UID 3153695)
MITM BYPASSED (disabled, forwarding packet UID 3154378)
MITM BYPASSED (disabled, forwarding packet UID 3155045)
MITM BYPASSED (disabled, forwarding packet UID 3155660)
MITM BYPASSED (disabled, forwarding packet UID 3156272)
MITM BYPASSED (disabled, forwarding packet UID 3156793)
MITM BYPASSED (disabled, forwarding packet UID 3157377)
MITM BYPASSED (disabled, forwarding packet UID 3157931)
MITM BYPASSED (disabled, forwarding packet UID 3158567)
MITM BYPASSED (disabled, forwarding packet UID 3159188)
MITM BYPASSED (disabled, forwarding packet UID 3159865)
MITM BYPASSED (disabled, forwarding packet UID 3160529)
MITM BYPASSED (disabled, forwarding packet UID 3161082)
MITM BYPASSED (disabled, forwarding packet UID 3161743)
MITM BYPASSED (disabled, forwarding packet UID 3162300)
MITM BYPASSED (disabled, forwarding packet UID 3162952)
MITM BYPASSED (disabled, forwarding packet UID 3163555)
MITM BYPASSED (disabled, forwarding packet UID 3164180)
MITM BYPASSED (disabled, forwarding packet UID 3164781)
MITM BYPASSED (disabled, forwarding packet UID 3165375)
MITM BYPASSED (disabled, forwarding packet UID 3166011)
MITM BYPASSED (disabled, forwarding packet UID 3166596)
MITM BYPASSED (disabled, forwarding packet UID 3167231)
MITM BYPASSED (disabled, forwarding packet UID 3167660)
MITM BYPASSED (disabled, forwarding packet UID 3168371)
MITM BYPASSED (disabled, forwarding packet UID 3168996)
MITM BYPASSED (disabled, forwarding packet UID 3169596)
MITM BYPASSED (disabled, forwarding packet UID 3170167)
MITM BYPASSED (disabled, forwarding packet UID 3170818)
MITM BYPASSED (disabled, forwarding packet UID 3171411)
MITM BYPASSED (disabled, forwarding packet UID 3172003)
MITM BYPASSED (disabled, forwarding packet UID 3172589)
MITM BYPASSED (disabled, forwarding packet UID 3173254)
MITM BYPASSED (disabled, forwarding packet UID 3173861)
MITM BYPASSED (disabled, forwarding packet UID 3174473)
MITM BYPASSED (disabled, forwarding packet UID 3175061)
MITM BYPASSED (disabled, forwarding packet UID 3175632)
MITM BYPASSED (disabled, forwarding packet UID 3176180)
MITM BYPASSED (disabled, forwarding packet UID 3176843)
MITM BYPASSED (disabled, forwarding packet UID 3177406)
MITM BYPASSED (disabled, forwarding packet UID 3177953)
MITM BYPASSED (disabled, forwarding packet UID 3178569)
MITM BYPASSED (disabled, forwarding packet UID 3179233)
MITM BYPASSED (disabled, forwarding packet UID 3179901)
MITM BYPASSED (disabled, forwarding packet UID 3180520)
MITM BYPASSED (disabled, forwarding packet UID 3181137)
MITM BYPASSED (disabled, forwarding packet UID 3181703)
MITM BYPASSED (disabled, forwarding packet UID 3182299)
MITM BYPASSED (disabled, forwarding packet UID 3182691)
MITM BYPASSED (disabled, forwarding packet UID 3183384)
MITM BYPASSED (disabled, forwarding packet UID 3184053)
MITM BYPASSED (disabled, forwarding packet UID 3184678)
MITM BYPASSED (disabled, forwarding packet UID 3185257)
MITM BYPASSED (disabled, forwarding packet UID 3185877)
MITM BYPASSED (disabled, forwarding packet UID 3186402)
MITM BYPASSED (disabled, forwarding packet UID 3187052)
MITM BYPASSED (disabled, forwarding packet UID 3187703)
MITM BYPASSED (disabled, forwarding packet UID 3188348)
MITM BYPASSED (disabled, forwarding packet UID 3188980)
MITM BYPASSED (disabled, forwarding packet UID 3189571)
MITM BYPASSED (disabled, forwarding packet UID 3190113)
MITM BYPASSED (disabled, forwarding packet UID 3190746)
MITM BYPASSED (disabled, forwarding packet UID 3191351)
MITM BYPASSED (disabled, forwarding packet UID 3191932)
MITM BYPASSED (disabled, forwarding packet UID 3192600)
MITM BYPASSED (disabled, forwarding packet UID 3193195)
MITM BYPASSED (disabled, forwarding packet UID 3193870)
MITM BYPASSED (disabled, forwarding packet UID 3194447)
MITM BYPASSED (disabled, forwarding packet UID 3195043)
MITM BYPASSED (disabled, forwarding packet UID 3195582)
MITM BYPASSED (disabled, forwarding packet UID 3196266)
MITM BYPASSED (disabled, forwarding packet UID 3196820)
MITM BYPASSED (disabled, forwarding packet UID 3197459)
MITM BYPASSED (disabled, forwarding packet UID 3197864)
MITM BYPASSED (disabled, forwarding packet UID 3198516)
MITM BYPASSED (disabled, forwarding packet UID 3199200)
MITM BYPASSED (disabled, forwarding packet UID 3199761)
MITM BYPASSED (disabled, forwarding packet UID 3200370)
MITM BYPASSED (disabled, forwarding packet UID 3201022)
MITM BYPASSED (disabled, forwarding packet UID 3201639)
MITM BYPASSED (disabled, forwarding packet UID 3202246)
MITM BYPASSED (disabled, forwarding packet UID 3202857)
MITM BYPASSED (disabled, forwarding packet UID 3203438)
MITM BYPASSED (disabled, forwarding packet UID 3204018)
MITM BYPASSED (disabled, forwarding packet UID 3204607)
MITM BYPASSED (disabled, forwarding packet UID 3205161)
MITM BYPASSED (disabled, forwarding packet UID 3205752)
MITM BYPASSED (disabled, forwarding packet UID 3206320)
MITM BYPASSED (disabled, forwarding packet UID 3206999)
MITM BYPASSED (disabled, forwarding packet UID 3207568)
MITM BYPASSED (disabled, forwarding packet UID 3208101)
MITM BYPASSED (disabled, forwarding packet UID 3208681)
MITM BYPASSED (disabled, forwarding packet UID 3209349)
MITM BYPASSED (disabled, forwarding packet UID 3209888)
MITM BYPASSED (disabled, forwarding packet UID 3210496)
MITM BYPASSED (disabled, forwarding packet UID 3211116)
MITM BYPASSED (disabled, forwarding packet UID 3211655)
MITM BYPASSED (disabled, forwarding packet UID 3212286)
MITM BYPASSED (disabled, forwarding packet UID 3212728)
MITM BYPASSED (disabled, forwarding packet UID 3213356)
MITM BYPASSED (disabled, forwarding packet UID 3213966)
MITM BYPASSED (disabled, forwarding packet UID 3214483)
MITM BYPASSED (disabled, forwarding packet UID 3215163)
MITM BYPASSED (disabled, forwarding packet UID 3215747)
MITM BYPASSED (disabled, forwarding packet UID 3216359)
MITM BYPASSED (disabled, forwarding packet UID 3217036)
MITM BYPASSED (disabled, forwarding packet UID 3217604)
MITM BYPASSED (disabled, forwarding packet UID 3218200)
MITM BYPASSED (disabled, forwarding packet UID 3218808)
MITM BYPASSED (disabled, forwarding packet UID 3219375)
MITM BYPASSED (disabled, forwarding packet UID 3219980)
MITM BYPASSED (disabled, forwarding packet UID 3220501)
MITM BYPASSED (disabled, forwarding packet UID 3221174)
MITM BYPASSED (disabled, forwarding packet UID 3221743)
MITM BYPASSED (disabled, forwarding packet UID 3222399)
MITM BYPASSED (disabled, forwarding packet UID 3222943)
MITM BYPASSED (disabled, forwarding packet UID 3223515)
MITM BYPASSED (disabled, forwarding packet UID 3224113)
MITM BYPASSED (disabled, forwarding packet UID 3224663)
MITM BYPASSED (disabled, forwarding packet UID 3225290)
MITM BYPASSED (disabled, forwarding packet UID 3225890)
MITM BYPASSED (disabled, forwarding packet UID 3226476)
MITM BYPASSED (disabled, forwarding packet UID 3227117)
MITM BYPASSED (disabled, forwarding packet UID 3227562)
MITM BYPASSED (disabled, forwarding packet UID 3228215)
MITM BYPASSED (disabled, forwarding packet UID 3228838)
MITM BYPASSED (disabled, forwarding packet UID 3229366)
MITM BYPASSED (disabled, forwarding packet UID 3229917)
MITM BYPASSED (disabled, forwarding packet UID 3230510)
MITM BYPASSED (disabled, forwarding packet UID 3231123)
MITM BYPASSED (disabled, forwarding packet UID 3231730)
MITM BYPASSED (disabled, forwarding packet UID 3232404)
MITM BYPASSED (disabled, forwarding packet UID 3232999)
MITM BYPASSED (disabled, forwarding packet UID 3233618)
MITM BYPASSED (disabled, forwarding packet UID 3234158)
MITM BYPASSED (disabled, forwarding packet UID 3234679)
MITM BYPASSED (disabled, forwarding packet UID 3235298)
MITM BYPASSED (disabled, forwarding packet UID 3235900)
MITM BYPASSED (disabled, forwarding packet UID 3236498)
MITM BYPASSED (disabled, forwarding packet UID 3237156)
MITM BYPASSED (disabled, forwarding packet UID 3237704)
MITM BYPASSED (disabled, forwarding packet UID 3238312)
MITM BYPASSED (disabled, forwarding packet UID 3238959)
MITM BYPASSED (disabled, forwarding packet UID 3239586)
MITM BYPASSED (disabled, forwarding packet UID 3240134)
MITM BYPASSED (disabled, forwarding packet UID 3240729)
MITM BYPASSED (disabled, forwarding packet UID 3241382)
MITM BYPASSED (disabled, forwarding packet UID 3242020)
MITM BYPASSED (disabled, forwarding packet UID 3242442)
MITM BYPASSED (disabled, forwarding packet UID 3242990)
MITM BYPASSED (disabled, forwarding packet UID 3243616)
MITM BYPASSED (disabled, forwarding packet UID 3244244)
MITM BYPASSED (disabled, forwarding packet UID 3244872)
MITM BYPASSED (disabled, forwarding packet UID 3245397)
MITM BYPASSED (disabled, forwarding packet UID 3246006)
MITM BYPASSED (disabled, forwarding packet UID 3246590)
MITM BYPASSED (disabled, forwarding packet UID 3247283)
MITM BYPASSED (disabled, forwarding packet UID 3247909)
MITM BYPASSED (disabled, forwarding packet UID 3248480)
MITM BYPASSED (disabled, forwarding packet UID 3249023)
MITM BYPASSED (disabled, forwarding packet UID 3249652)
MITM BYPASSED (disabled, forwarding packet UID 3250286)
MITM BYPASSED (disabled, forwarding packet UID 3250901)
MITM BYPASSED (disabled, forwarding packet UID 3251511)
MITM BYPASSED (disabled, forwarding packet UID 3252142)
MITM BYPASSED (disabled, forwarding packet UID 3252740)
MITM BYPASSED (disabled, forwarding packet UID 3253309)
MITM BYPASSED (disabled, forwarding packet UID 3253910)
MITM BYPASSED (disabled, forwarding packet UID 3254531)
MITM BYPASSED (disabled, forwarding packet UID 3255152)
MITM BYPASSED (disabled, forwarding packet UID 3255709)
MITM BYPASSED (disabled, forwarding packet UID 3256342)
MITM BYPASSED (disabled, forwarding packet UID 3256945)
MITM BYPASSED (disabled, forwarding packet UID 3257324)
MITM BYPASSED (disabled, forwarding packet UID 3257833)
MITM BYPASSED (disabled, forwarding packet UID 3258503)
MITM BYPASSED (disabled, forwarding packet UID 3259122)
MITM BYPASSED (disabled, forwarding packet UID 3259724)
MITM BYPASSED (disabled, forwarding packet UID 3260320)
MITM BYPASSED (disabled, forwarding packet UID 3260981)
MITM BYPASSED (disabled, forwarding packet UID 3261605)
MITM BYPASSED (disabled, forwarding packet UID 3262136)
MITM BYPASSED (disabled, forwarding packet UID 3262788)
MITM BYPASSED (disabled, forwarding packet UID 3263433)
MITM BYPASSED (disabled, forwarding packet UID 3264036)
MITM BYPASSED (disabled, forwarding packet UID 3264652)
MITM BYPASSED (disabled, forwarding packet UID 3265176)
MITM BYPASSED (disabled, forwarding packet UID 3265710)
MITM BYPASSED (disabled, forwarding packet UID 3266346)
MITM BYPASSED (disabled, forwarding packet UID 3267007)
MITM BYPASSED (disabled, forwarding packet UID 3267628)
MITM BYPASSED (disabled, forwarding packet UID 3268230)
MITM BYPASSED (disabled, forwarding packet UID 3268843)
MITM BYPASSED (disabled, forwarding packet UID 3269375)
MITM BYPASSED (disabled, forwarding packet UID 3270013)
MITM BYPASSED (disabled, forwarding packet UID 3270647)
MITM BYPASSED (disabled, forwarding packet UID 3271258)
MITM BYPASSED (disabled, forwarding packet UID 3271847)
MITM BYPASSED (disabled, forwarding packet UID 3272236)
MITM BYPASSED (disabled, forwarding packet UID 3272872)
MITM BYPASSED (disabled, forwarding packet UID 3273523)
MITM BYPASSED (disabled, forwarding packet UID 3274084)
MITM BYPASSED (disabled, forwarding packet UID 3274720)
MITM BYPASSED (disabled, forwarding packet UID 3275332)
MITM BYPASSED (disabled, forwarding packet UID 3275943)
MITM BYPASSED (disabled, forwarding packet UID 3276520)
MITM BYPASSED (disabled, forwarding packet UID 3277101)
MITM BYPASSED (disabled, forwarding packet UID 3277720)
MITM BYPASSED (disabled, forwarding packet UID 3278308)
MITM BYPASSED (disabled, forwarding packet UID 3278928)
MITM BYPASSED (disabled, forwarding packet UID 3279550)
MITM BYPASSED (disabled, forwarding packet UID 3280167)
MITM BYPASSED (disabled, forwarding packet UID 3280715)
MITM BYPASSED (disabled, forwarding packet UID 3281274)
MITM BYPASSED (disabled, forwarding packet UID 3281924)
MITM BYPASSED (disabled, forwarding packet UID 3282514)
MITM BYPASSED (disabled, forwarding packet UID 3283057)
MITM BYPASSED (disabled, forwarding packet UID 3283725)
MITM BYPASSED (disabled, forwarding packet UID 3284366)
MITM BYPASSED (disabled, forwarding packet UID 3285012)
MITM BYPASSED (disabled, forwarding packet UID 3285584)
MITM BYPASSED (disabled, forwarding packet UID 3286188)
MITM BYPASSED (disabled, forwarding packet UID 3286782)
MITM BYPASSED (disabled, forwarding packet UID 3287655)
MITM BYPASSED (disabled, forwarding packet UID 3288241)
MITM BYPASSED (disabled, forwarding packet UID 3288872)
MITM BYPASSED (disabled, forwarding packet UID 3289497)
MITM BYPASSED (disabled, forwarding packet UID 3290132)
MITM BYPASSED (disabled, forwarding packet UID 3290722)
MITM BYPASSED (disabled, forwarding packet UID 3291144)
MITM BYPASSED (disabled, forwarding packet UID 3291778)
MITM BYPASSED (disabled, forwarding packet UID 3292329)
MITM BYPASSED (disabled, forwarding packet UID 3292863)
MITM BYPASSED (disabled, forwarding packet UID 3293478)
MITM BYPASSED (disabled, forwarding packet UID 3294133)
MITM BYPASSED (disabled, forwarding packet UID 3294722)
MITM BYPASSED (disabled, forwarding packet UID 3295376)
MITM BYPASSED (disabled, forwarding packet UID 3296053)
MITM BYPASSED (disabled, forwarding packet UID 3296686)
MITM BYPASSED (disabled, forwarding packet UID 3297285)
MITM BYPASSED (disabled, forwarding packet UID 3297894)
MITM BYPASSED (disabled, forwarding packet UID 3298469)
MITM BYPASSED (disabled, forwarding packet UID 3299097)
MITM BYPASSED (disabled, forwarding packet UID 3299609)
MITM BYPASSED (disabled, forwarding packet UID 3300214)
MITM BYPASSED (disabled, forwarding packet UID 3300840)
MITM BYPASSED (disabled, forwarding packet UID 3301462)
MITM BYPASSED (disabled, forwarding packet UID 3302063)
MITM BYPASSED (disabled, forwarding packet UID 3302669)
MITM BYPASSED (disabled, forwarding packet UID 3303258)
MITM BYPASSED (disabled, forwarding packet UID 3303830)
MITM BYPASSED (disabled, forwarding packet UID 3304431)
MITM BYPASSED (disabled, forwarding packet UID 3305027)
MITM BYPASSED (disabled, forwarding packet UID 3305655)
MITM BYPASSED (disabled, forwarding packet UID 3306094)
MITM BYPASSED (disabled, forwarding packet UID 3306747)
MITM BYPASSED (disabled, forwarding packet UID 3307415)
MITM BYPASSED (disabled, forwarding packet UID 3307940)
MITM BYPASSED (disabled, forwarding packet UID 3308556)
MITM BYPASSED (disabled, forwarding packet UID 3309230)
MITM BYPASSED (disabled, forwarding packet UID 3309830)
MITM BYPASSED (disabled, forwarding packet UID 3310396)
MITM BYPASSED (disabled, forwarding packet UID 3310930)
MITM BYPASSED (disabled, forwarding packet UID 3311542)
MITM BYPASSED (disabled, forwarding packet UID 3312042)
MITM BYPASSED (disabled, forwarding packet UID 3312663)
MITM BYPASSED (disabled, forwarding packet UID 3313274)
MITM BYPASSED (disabled, forwarding packet UID 3313859)
MITM BYPASSED (disabled, forwarding packet UID 3314501)
MITM BYPASSED (disabled, forwarding packet UID 3315018)
MITM BYPASSED (disabled, forwarding packet UID 3315564)
MITM BYPASSED (disabled, forwarding packet UID 3316241)
MITM BYPASSED (disabled, forwarding packet UID 3316837)
MITM BYPASSED (disabled, forwarding packet UID 3317456)
MITM BYPASSED (disabled, forwarding packet UID 3318066)
MITM BYPASSED (disabled, forwarding packet UID 3318620)
MITM BYPASSED (disabled, forwarding packet UID 3319289)
MITM BYPASSED (disabled, forwarding packet UID 3319922)
MITM BYPASSED (disabled, forwarding packet UID 3320546)
MITM BYPASSED (disabled, forwarding packet UID 3321002)
MITM BYPASSED (disabled, forwarding packet UID 3321592)
MITM BYPASSED (disabled, forwarding packet UID 3322209)
MITM BYPASSED (disabled, forwarding packet UID 3322866)
MITM BYPASSED (disabled, forwarding packet UID 3323441)
MITM BYPASSED (disabled, forwarding packet UID 3324110)
MITM BYPASSED (disabled, forwarding packet UID 3324724)
MITM BYPASSED (disabled, forwarding packet UID 3325317)
MITM BYPASSED (disabled, forwarding packet UID 3325967)
MITM BYPASSED (disabled, forwarding packet UID 3326611)
MITM BYPASSED (disabled, forwarding packet UID 3327196)
MITM BYPASSED (disabled, forwarding packet UID 3327764)
MITM BYPASSED (disabled, forwarding packet UID 3328350)
MITM BYPASSED (disabled, forwarding packet UID 3328967)
MITM BYPASSED (disabled, forwarding packet UID 3329593)
MITM BYPASSED (disabled, forwarding packet UID 3330235)
MITM BYPASSED (disabled, forwarding packet UID 3330824)
MITM BYPASSED (disabled, forwarding packet UID 3331370)
MITM BYPASSED (disabled, forwarding packet UID 3331956)
MITM BYPASSED (disabled, forwarding packet UID 3332594)
MITM BYPASSED (disabled, forwarding packet UID 3333183)
MITM BYPASSED (disabled, forwarding packet UID 3333759)
MITM BYPASSED (disabled, forwarding packet UID 3334467)
MITM BYPASSED (disabled, forwarding packet UID 3335036)
MITM BYPASSED (disabled, forwarding packet UID 3335570)
MITM BYPASSED (disabled, forwarding packet UID 3335945)
MITM BYPASSED (disabled, forwarding packet UID 3336526)
MITM BYPASSED (disabled, forwarding packet UID 3337259)
MITM BYPASSED (disabled, forwarding packet UID 3337913)
MITM BYPASSED (disabled, forwarding packet UID 3338550)
MITM BYPASSED (disabled, forwarding packet UID 3339090)
MITM BYPASSED (disabled, forwarding packet UID 3339788)
MITM BYPASSED (disabled, forwarding packet UID 3340416)
MITM BYPASSED (disabled, forwarding packet UID 3340975)
MITM BYPASSED (disabled, forwarding packet UID 3341624)
MITM BYPASSED (disabled, forwarding packet UID 3342234)
MITM BYPASSED (disabled, forwarding packet UID 3342808)
MITM BYPASSED (disabled, forwarding packet UID 3343385)
MITM BYPASSED (disabled, forwarding packet UID 3343969)
MITM BYPASSED (disabled, forwarding packet UID 3344532)
MITM BYPASSED (disabled, forwarding packet UID 3345117)
MITM BYPASSED (disabled, forwarding packet UID 3345648)
MITM BYPASSED (disabled, forwarding packet UID 3346258)
MITM BYPASSED (disabled, forwarding packet UID 3346886)
MITM BYPASSED (disabled, forwarding packet UID 3347509)
MITM BYPASSED (disabled, forwarding packet UID 3348060)
MITM BYPASSED (disabled, forwarding packet UID 3348696)
MITM BYPASSED (disabled, forwarding packet UID 3349347)
MITM BYPASSED (disabled, forwarding packet UID 3349928)
MITM BYPASSED (disabled, forwarding packet UID 3350516)
MITM BYPASSED (disabled, forwarding packet UID 3350840)
MITM BYPASSED (disabled, forwarding packet UID 3351529)
MITM BYPASSED (disabled, forwarding packet UID 3352164)
MITM BYPASSED (disabled, forwarding packet UID 3352584)
MITM BYPASSED (disabled, forwarding packet UID 3353264)
MITM BYPASSED (disabled, forwarding packet UID 3353942)
MITM BYPASSED (disabled, forwarding packet UID 3354569)
MITM BYPASSED (disabled, forwarding packet UID 3355104)
MITM BYPASSED (disabled, forwarding packet UID 3355728)
MITM BYPASSED (disabled, forwarding packet UID 3356288)
MITM BYPASSED (disabled, forwarding packet UID 3356928)
MITM BYPASSED (disabled, forwarding packet UID 3357468)
MITM BYPASSED (disabled, forwarding packet UID 3358159)
MITM BYPASSED (disabled, forwarding packet UID 3358742)
MITM BYPASSED (disabled, forwarding packet UID 3359200)
MITM BYPASSED (disabled, forwarding packet UID 3359837)
MITM BYPASSED (disabled, forwarding packet UID 3360462)
MITM BYPASSED (disabled, forwarding packet UID 3361044)
MITM BYPASSED (disabled, forwarding packet UID 3361668)
MITM BYPASSED (disabled, forwarding packet UID 3362327)
MITM BYPASSED (disabled, forwarding packet UID 3362917)
MITM BYPASSED (disabled, forwarding packet UID 3363508)
MITM BYPASSED (disabled, forwarding packet UID 3364176)
MITM BYPASSED (disabled, forwarding packet UID 3364785)
MITM BYPASSED (disabled, forwarding packet UID 3365352)
MITM BYPASSED (disabled, forwarding packet UID 3365770)
MITM BYPASSED (disabled, forwarding packet UID 3366311)
MITM BYPASSED (disabled, forwarding packet UID 3366917)
MITM BYPASSED (disabled, forwarding packet UID 3367510)
MITM BYPASSED (disabled, forwarding packet UID 3368172)
MITM BYPASSED (disabled, forwarding packet UID 3368759)
MITM BYPASSED (disabled, forwarding packet UID 3369375)
MITM BYPASSED (disabled, forwarding packet UID 3370005)
MITM BYPASSED (disabled, forwarding packet UID 3370602)
MITM BYPASSED (disabled, forwarding packet UID 3371108)
MITM BYPASSED (disabled, forwarding packet UID 3371788)
MITM BYPASSED (disabled, forwarding packet UID 3372407)
MITM BYPASSED (disabled, forwarding packet UID 3373008)
MITM BYPASSED (disabled, forwarding packet UID 3373565)
MITM BYPASSED (disabled, forwarding packet UID 3374206)
MITM BYPASSED (disabled, forwarding packet UID 3374861)
MITM BYPASSED (disabled, forwarding packet UID 3375474)
MITM BYPASSED (disabled, forwarding packet UID 3376036)
MITM BYPASSED (disabled, forwarding packet UID 3376685)
MITM BYPASSED (disabled, forwarding packet UID 3377235)
MITM BYPASSED (disabled, forwarding packet UID 3377832)
MITM BYPASSED (disabled, forwarding packet UID 3378512)
MITM BYPASSED (disabled, forwarding packet UID 3379128)
MITM BYPASSED (disabled, forwarding packet UID 3379700)
MITM BYPASSED (disabled, forwarding packet UID 3380308)
MITM BYPASSED (disabled, forwarding packet UID 3380755)
MITM BYPASSED (disabled, forwarding packet UID 3381410)
MITM BYPASSED (disabled, forwarding packet UID 3382067)
MITM BYPASSED (disabled, forwarding packet UID 3382682)
MITM BYPASSED (disabled, forwarding packet UID 3383300)
MITM BYPASSED (disabled, forwarding packet UID 3383930)
MITM BYPASSED (disabled, forwarding packet UID 3384546)
MITM BYPASSED (disabled, forwarding packet UID 3385154)
MITM BYPASSED (disabled, forwarding packet UID 3385640)
MITM BYPASSED (disabled, forwarding packet UID 3386215)
MITM BYPASSED (disabled, forwarding packet UID 3386821)
MITM BYPASSED (disabled, forwarding packet UID 3387462)
MITM BYPASSED (disabled, forwarding packet UID 3388116)
MITM BYPASSED (disabled, forwarding packet UID 3388650)
MITM BYPASSED (disabled, forwarding packet UID 3389338)
MITM BYPASSED (disabled, forwarding packet UID 3389939)
MITM BYPASSED (disabled, forwarding packet UID 3390509)
MITM BYPASSED (disabled, forwarding packet UID 3391079)
MITM BYPASSED (disabled, forwarding packet UID 3391789)
MITM BYPASSED (disabled, forwarding packet UID 3392369)
MITM BYPASSED (disabled, forwarding packet UID 3392977)
MITM BYPASSED (disabled, forwarding packet UID 3393583)
MITM BYPASSED (disabled, forwarding packet UID 3394195)
MITM BYPASSED (disabled, forwarding packet UID 3394802)
MITM BYPASSED (disabled, forwarding packet UID 3395398)
MITM BYPASSED (disabled, forwarding packet UID 3395812)
MITM BYPASSED (disabled, forwarding packet UID 3396270)
MITM BYPASSED (disabled, forwarding packet UID 3396943)
MITM BYPASSED (disabled, forwarding packet UID 3397530)
MITM BYPASSED (disabled, forwarding packet UID 3398215)
MITM BYPASSED (disabled, forwarding packet UID 3398795)
MITM BYPASSED (disabled, forwarding packet UID 3399434)
MITM BYPASSED (disabled, forwarding packet UID 3400088)
MITM BYPASSED (disabled, forwarding packet UID 3400657)
MITM BYPASSED (disabled, forwarding packet UID 3401308)
MITM BYPASSED (disabled, forwarding packet UID 3401892)
MITM BYPASSED (disabled, forwarding packet UID 3402523)
MITM BYPASSED (disabled, forwarding packet UID 3403115)
MITM BYPASSED (disabled, forwarding packet UID 3403727)
MITM BYPASSED (disabled, forwarding packet UID 3404373)
MITM BYPASSED (disabled, forwarding packet UID 3404904)
MITM BYPASSED (disabled, forwarding packet UID 3405510)
MITM BYPASSED (disabled, forwarding packet UID 3406147)
MITM BYPASSED (disabled, forwarding packet UID 3406645)
MITM BYPASSED (disabled, forwarding packet UID 3407305)
MITM BYPASSED (disabled, forwarding packet UID 3407921)
MITM BYPASSED (disabled, forwarding packet UID 3408525)
MITM BYPASSED (disabled, forwarding packet UID 3409133)
MITM BYPASSED (disabled, forwarding packet UID 3409722)
MITM BYPASSED (disabled, forwarding packet UID 3410293)
MITM BYPASSED (disabled, forwarding packet UID 3410721)
MITM BYPASSED (disabled, forwarding packet UID 3411317)
MITM BYPASSED (disabled, forwarding packet UID 3411974)
MITM BYPASSED (disabled, forwarding packet UID 3412577)
MITM BYPASSED (disabled, forwarding packet UID 3413187)
MITM BYPASSED (disabled, forwarding packet UID 3413750)
MITM BYPASSED (disabled, forwarding packet UID 3414317)
MITM BYPASSED (disabled, forwarding packet UID 3414884)
MITM BYPASSED (disabled, forwarding packet UID 3415459)
MITM BYPASSED (disabled, forwarding packet UID 3416096)
MITM BYPASSED (disabled, forwarding packet UID 3416707)
MITM BYPASSED (disabled, forwarding packet UID 3417319)
MITM BYPASSED (disabled, forwarding packet UID 3417888)
MITM BYPASSED (disabled, forwarding packet UID 3418443)
MITM BYPASSED (disabled, forwarding packet UID 3419056)
MITM BYPASSED (disabled, forwarding packet UID 3419725)
MITM BYPASSED (disabled, forwarding packet UID 3420365)
MITM BYPASSED (disabled, forwarding packet UID 3421001)
MITM BYPASSED (disabled, forwarding packet UID 3421593)
MITM BYPASSED (disabled, forwarding packet UID 3422160)
MITM BYPASSED (disabled, forwarding packet UID 3422754)
MITM BYPASSED (disabled, forwarding packet UID 3423311)
MITM BYPASSED (disabled, forwarding packet UID 3423954)
MITM BYPASSED (disabled, forwarding packet UID 3424591)
MITM BYPASSED (disabled, forwarding packet UID 3425104)
MITM BYPASSED (disabled, forwarding packet UID 3425575)
MITM BYPASSED (disabled, forwarding packet UID 3426231)
MITM BYPASSED (disabled, forwarding packet UID 3426840)
MITM BYPASSED (disabled, forwarding packet UID 3427455)
MITM BYPASSED (disabled, forwarding packet UID 3428021)
MITM BYPASSED (disabled, forwarding packet UID 3428623)
MITM BYPASSED (disabled, forwarding packet UID 3429222)
MITM BYPASSED (disabled, forwarding packet UID 3429785)
MITM BYPASSED (disabled, forwarding packet UID 3430305)
MITM BYPASSED (disabled, forwarding packet UID 3430941)
MITM BYPASSED (disabled, forwarding packet UID 3431569)
MITM BYPASSED (disabled, forwarding packet UID 3432130)
[BluetoothEnergy] time: 50.0000 s, node: 11, state: 0, total_energy: 0.0000 kWh
MITM BYPASSED (disabled, forwarding packet UID 3432715)
[BluetoothEnergy] time: 50.2000 s, node: 11, state: 1, total_energy: 0.0000 kWh
MITM BYPASSED (disabled, forwarding packet UID 3433712)
MITM BYPASSED (disabled, forwarding packet UID 3434309)
MITM BYPASSED (disabled, forwarding packet UID 3434905)
MITM BYPASSED (disabled, forwarding packet UID 3435525)
MITM BYPASSED (disabled, forwarding packet UID 3436141)
MITM BYPASSED (disabled, forwarding packet UID 3436729)
MITM BYPASSED (disabled, forwarding packet UID 3437258)
MITM BYPASSED (disabled, forwarding packet UID 3437838)
MITM BYPASSED (disabled, forwarding packet UID 3438506)
MITM BYPASSED (disabled, forwarding packet UID 3439124)
MITM BYPASSED (disabled, forwarding packet UID 3439751)
MITM BYPASSED (disabled, forwarding packet UID 3440352)
MITM BYPASSED (disabled, forwarding packet UID 3440975)
MITM BYPASSED (disabled, forwarding packet UID 3441541)
MITM BYPASSED (disabled, forwarding packet UID 3442205)
MITM BYPASSED (disabled, forwarding packet UID 3442831)
MITM BYPASSED (disabled, forwarding packet UID 3443439)
MITM BYPASSED (disabled, forwarding packet UID 3443972)
MITM BYPASSED (disabled, forwarding packet UID 3444446)
MITM BYPASSED (disabled, forwarding packet UID 3445012)
MITM BYPASSED (disabled, forwarding packet UID 3445603)
MITM BYPASSED (disabled, forwarding packet UID 3446274)
MITM BYPASSED (disabled, forwarding packet UID 3446886)
MITM BYPASSED (disabled, forwarding packet UID 3447481)
MITM BYPASSED (disabled, forwarding packet UID 3448093)
MITM BYPASSED (disabled, forwarding packet UID 3448723)
MITM BYPASSED (disabled, forwarding packet UID 3449362)
MITM BYPASSED (disabled, forwarding packet UID 3449976)
MITM BYPASSED (disabled, forwarding packet UID 3450574)
MITM BYPASSED (disabled, forwarding packet UID 3451203)
MITM BYPASSED (disabled, forwarding packet UID 3451755)
MITM BYPASSED (disabled, forwarding packet UID 3452353)
MITM BYPASSED (disabled, forwarding packet UID 3452989)
MITM BYPASSED (disabled, forwarding packet UID 3453582)
MITM BYPASSED (disabled, forwarding packet UID 3454253)
MITM BYPASSED (disabled, forwarding packet UID 3454889)
MITM BYPASSED (disabled, forwarding packet UID 3455391)
MITM BYPASSED (disabled, forwarding packet UID 3456031)
MITM BYPASSED (disabled, forwarding packet UID 3456564)
MITM BYPASSED (disabled, forwarding packet UID 3457244)
MITM BYPASSED (disabled, forwarding packet UID 3457839)
MITM BYPASSED (disabled, forwarding packet UID 3458407)
MITM BYPASSED (disabled, forwarding packet UID 3458921)
MITM BYPASSED (disabled, forwarding packet UID 3459320)
MITM BYPASSED (disabled, forwarding packet UID 3459897)
MITM BYPASSED (disabled, forwarding packet UID 3460701)
MITM BYPASSED (disabled, forwarding packet UID 3461333)
MITM BYPASSED (disabled, forwarding packet UID 3461952)
MITM BYPASSED (disabled, forwarding packet UID 3462512)
MITM BYPASSED (disabled, forwarding packet UID 3463002)
MITM BYPASSED (disabled, forwarding packet UID 3463560)
MITM BYPASSED (disabled, forwarding packet UID 3464281)
MITM BYPASSED (disabled, forwarding packet UID 3464872)
MITM BYPASSED (disabled, forwarding packet UID 3465502)
MITM BYPASSED (disabled, forwarding packet UID 3466077)
MITM BYPASSED (disabled, forwarding packet UID 3466669)
MITM BYPASSED (disabled, forwarding packet UID 3467210)
MITM BYPASSED (disabled, forwarding packet UID 3467748)
MITM BYPASSED (disabled, forwarding packet UID 3468370)
MITM BYPASSED (disabled, forwarding packet UID 3468974)
MITM BYPASSED (disabled, forwarding packet UID 3469543)
MITM BYPASSED (disabled, forwarding packet UID 3470153)
MITM BYPASSED (disabled, forwarding packet UID 3470798)
MITM BYPASSED (disabled, forwarding packet UID 3471397)
MITM BYPASSED (disabled, forwarding packet UID 3471930)
MITM BYPASSED (disabled, forwarding packet UID 3472583)
MITM BYPASSED (disabled, forwarding packet UID 3473143)
MITM BYPASSED (disabled, forwarding packet UID 3473729)
MITM BYPASSED (disabled, forwarding packet UID 3474160)
MITM BYPASSED (disabled, forwarding packet UID 3474745)
MITM BYPASSED (disabled, forwarding packet UID 3475361)
MITM BYPASSED (disabled, forwarding packet UID 3476035)
MITM BYPASSED (disabled, forwarding packet UID 3476642)
MITM BYPASSED (disabled, forwarding packet UID 3477271)
MITM BYPASSED (disabled, forwarding packet UID 3477784)
MITM BYPASSED (disabled, forwarding packet UID 3478414)
MITM BYPASSED (disabled, forwarding packet UID 3479021)
MITM BYPASSED (disabled, forwarding packet UID 3479715)
MITM BYPASSED (disabled, forwarding packet UID 3480304)
MITM BYPASSED (disabled, forwarding packet UID 3480969)
MITM BYPASSED (disabled, forwarding packet UID 3481534)
MITM BYPASSED (disabled, forwarding packet UID 3482161)
MITM BYPASSED (disabled, forwarding packet UID 3482743)
MITM BYPASSED (disabled, forwarding packet UID 3483346)
MITM BYPASSED (disabled, forwarding packet UID 3483951)
MITM BYPASSED (disabled, forwarding packet UID 3484517)
MITM BYPASSED (disabled, forwarding packet UID 3485094)
MITM BYPASSED (disabled, forwarding packet UID 3485735)
MITM BYPASSED (disabled, forwarding packet UID 3486380)
MITM BYPASSED (disabled, forwarding packet UID 3486994)
MITM BYPASSED (disabled, forwarding packet UID 3487553)
MITM BYPASSED (disabled, forwarding packet UID 3488106)
MITM BYPASSED (disabled, forwarding packet UID 3488773)
MITM BYPASSED (disabled, forwarding packet UID 3489248)
MITM BYPASSED (disabled, forwarding packet UID 3489861)
MITM BYPASSED (disabled, forwarding packet UID 3490512)
MITM BYPASSED (disabled, forwarding packet UID 3491141)
MITM BYPASSED (disabled, forwarding packet UID 3491679)
MITM BYPASSED (disabled, forwarding packet UID 3492309)
MITM BYPASSED (disabled, forwarding packet UID 3492911)
MITM BYPASSED (disabled, forwarding packet UID 3493561)
MITM BYPASSED (disabled, forwarding packet UID 3494140)
MITM BYPASSED (disabled, forwarding packet UID 3494772)
MITM BYPASSED (disabled, forwarding packet UID 3495381)
MITM BYPASSED (disabled, forwarding packet UID 3495981)
MITM BYPASSED (disabled, forwarding packet UID 3496622)
MITM BYPASSED (disabled, forwarding packet UID 3497230)
MITM BYPASSED (disabled, forwarding packet UID 3497799)
MITM BYPASSED (disabled, forwarding packet UID 3498349)
MITM BYPASSED (disabled, forwarding packet UID 3498995)
MITM BYPASSED (disabled, forwarding packet UID 3499602)
MITM BYPASSED (disabled, forwarding packet UID 3500245)
MITM BYPASSED (disabled, forwarding packet UID 3500890)
MITM BYPASSED (disabled, forwarding packet UID 3501560)
MITM BYPASSED (disabled, forwarding packet UID 3502181)
MITM BYPASSED (disabled, forwarding packet UID 3502803)
MITM BYPASSED (disabled, forwarding packet UID 3503399)
MITM BYPASSED (disabled, forwarding packet UID 3503997)
MITM BYPASSED (disabled, forwarding packet UID 3504443)
MITM BYPASSED (disabled, forwarding packet UID 3505065)
MITM BYPASSED (disabled, forwarding packet UID 3505695)
MITM BYPASSED (disabled, forwarding packet UID 3506315)
MITM BYPASSED (disabled, forwarding packet UID 3506886)
MITM BYPASSED (disabled, forwarding packet UID 3507511)
MITM BYPASSED (disabled, forwarding packet UID 3508043)
MITM BYPASSED (disabled, forwarding packet UID 3508683)
MITM BYPASSED (disabled, forwarding packet UID 3509244)
MITM BYPASSED (disabled, forwarding packet UID 3509895)
MITM BYPASSED (disabled, forwarding packet UID 3510514)
MITM BYPASSED (disabled, forwarding packet UID 3511113)
MITM BYPASSED (disabled, forwarding packet UID 3511618)
MITM BYPASSED (disabled, forwarding packet UID 3512259)
MITM BYPASSED (disabled, forwarding packet UID 3512826)
MITM BYPASSED (disabled, forwarding packet UID 3513534)
MITM BYPASSED (disabled, forwarding packet UID 3514182)
MITM BYPASSED (disabled, forwarding packet UID 3514744)
MITM BYPASSED (disabled, forwarding packet UID 3515363)
MITM BYPASSED (disabled, forwarding packet UID 3515963)
MITM BYPASSED (disabled, forwarding packet UID 3516608)
MITM BYPASSED (disabled, forwarding packet UID 3517166)
MITM BYPASSED (disabled, forwarding packet UID 3517719)
MITM BYPASSED (disabled, forwarding packet UID 3518259)
MITM BYPASSED (disabled, forwarding packet UID 3518817)
MITM BYPASSED (disabled, forwarding packet UID 3519333)
MITM BYPASSED (disabled, forwarding packet UID 3519982)
MITM BYPASSED (disabled, forwarding packet UID 3520670)
MITM BYPASSED (disabled, forwarding packet UID 3521286)
MITM BYPASSED (disabled, forwarding packet UID 3521911)
MITM BYPASSED (disabled, forwarding packet UID 3522505)
MITM BYPASSED (disabled, forwarding packet UID 3523121)
MITM BYPASSED (disabled, forwarding packet UID 3523732)
MITM BYPASSED (disabled, forwarding packet UID 3524350)
MITM BYPASSED (disabled, forwarding packet UID 3524950)
MITM BYPASSED (disabled, forwarding packet UID 3525558)
MITM BYPASSED (disabled, forwarding packet UID 3526143)
MITM BYPASSED (disabled, forwarding packet UID 3526740)
MITM BYPASSED (disabled, forwarding packet UID 3527353)
MITM BYPASSED (disabled, forwarding packet UID 3527983)
MITM BYPASSED (disabled, forwarding packet UID 3528599)
MITM BYPASSED (disabled, forwarding packet UID 3529146)
MITM BYPASSED (disabled, forwarding packet UID 3529641)
MITM BYPASSED (disabled, forwarding packet UID 3530373)
MITM BYPASSED (disabled, forwarding packet UID 3530963)
MITM BYPASSED (disabled, forwarding packet UID 3531557)
MITM BYPASSED (disabled, forwarding packet UID 3532216)
MITM BYPASSED (disabled, forwarding packet UID 3532756)
MITM BYPASSED (disabled, forwarding packet UID 3533322)
MITM BYPASSED (disabled, forwarding packet UID 3533892)
MITM BYPASSED (disabled, forwarding packet UID 3534390)
MITM BYPASSED (disabled, forwarding packet UID 3535064)
MITM BYPASSED (disabled, forwarding packet UID 3535597)
MITM BYPASSED (disabled, forwarding packet UID 3536233)
MITM BYPASSED (disabled, forwarding packet UID 3536913)
MITM BYPASSED (disabled, forwarding packet UID 3537534)
MITM BYPASSED (disabled, forwarding packet UID 3538126)
MITM BYPASSED (disabled, forwarding packet UID 3538679)
MITM BYPASSED (disabled, forwarding packet UID 3539196)
MITM BYPASSED (disabled, forwarding packet UID 3539821)
MITM BYPASSED (disabled, forwarding packet UID 3540488)
MITM BYPASSED (disabled, forwarding packet UID 3541088)
MITM BYPASSED (disabled, forwarding packet UID 3541617)
MITM BYPASSED (disabled, forwarding packet UID 3542220)
MITM BYPASSED (disabled, forwarding packet UID 3542890)
MITM BYPASSED (disabled, forwarding packet UID 3543476)
MITM BYPASSED (disabled, forwarding packet UID 3544042)
MITM BYPASSED (disabled, forwarding packet UID 3544562)
MITM BYPASSED (disabled, forwarding packet UID 3545200)
MITM BYPASSED (disabled, forwarding packet UID 3545791)
MITM BYPASSED (disabled, forwarding packet UID 3546405)
MITM BYPASSED (disabled, forwarding packet UID 3547045)
MITM BYPASSED (disabled, forwarding packet UID 3547636)
MITM BYPASSED (disabled, forwarding packet UID 3548169)
MITM BYPASSED (disabled, forwarding packet UID 3548785)
MITM BYPASSED (disabled, forwarding packet UID 3549321)
MITM BYPASSED (disabled, forwarding packet UID 3549910)
MITM BYPASSED (disabled, forwarding packet UID 3550483)
MITM BYPASSED (disabled, forwarding packet UID 3551086)
MITM BYPASSED (disabled, forwarding packet UID 3551740)
MITM BYPASSED (disabled, forwarding packet UID 3552387)
MITM BYPASSED (disabled, forwarding packet UID 3552989)
MITM BYPASSED (disabled, forwarding packet UID 3553504)
MITM BYPASSED (disabled, forwarding packet UID 3554142)
MITM BYPASSED (disabled, forwarding packet UID 3554800)
MITM BYPASSED (disabled, forwarding packet UID 3555366)
MITM BYPASSED (disabled, forwarding packet UID 3555984)
MITM BYPASSED (disabled, forwarding packet UID 3556514)
MITM BYPASSED (disabled, forwarding packet UID 3557131)
MITM BYPASSED (disabled, forwarding packet UID 3557728)
MITM BYPASSED (disabled, forwarding packet UID 3558314)
MITM BYPASSED (disabled, forwarding packet UID 3558876)
MITM BYPASSED (disabled, forwarding packet UID 3559551)
MITM BYPASSED (disabled, forwarding packet UID 3560181)
MITM BYPASSED (disabled, forwarding packet UID 3560771)
MITM BYPASSED (disabled, forwarding packet UID 3561401)
MITM BYPASSED (disabled, forwarding packet UID 3561950)
MITM BYPASSED (disabled, forwarding packet UID 3562567)
MITM BYPASSED (disabled, forwarding packet UID 3563170)
MITM BYPASSED (disabled, forwarding packet UID 3563704)
MITM BYPASSED (disabled, forwarding packet UID 3564232)
MITM BYPASSED (disabled, forwarding packet UID 3564887)
MITM BYPASSED (disabled, forwarding packet UID 3565419)
MITM BYPASSED (disabled, forwarding packet UID 3566124)
MITM BYPASSED (disabled, forwarding packet UID 3566664)
MITM BYPASSED (disabled, forwarding packet UID 3567136)
MITM BYPASSED (disabled, forwarding packet UID 3567835)
MITM BYPASSED (disabled, forwarding packet UID 3568457)
MITM BYPASSED (disabled, forwarding packet UID 3569052)
MITM BYPASSED (disabled, forwarding packet UID 3569712)
MITM BYPASSED (disabled, forwarding packet UID 3570287)
MITM BYPASSED (disabled, forwarding packet UID 3570879)
MITM BYPASSED (disabled, forwarding packet UID 3571461)
MITM BYPASSED (disabled, forwarding packet UID 3572073)
MITM BYPASSED (disabled, forwarding packet UID 3572659)
MITM BYPASSED (disabled, forwarding packet UID 3573262)
MITM BYPASSED (disabled, forwarding packet UID 3573823)
MITM BYPASSED (disabled, forwarding packet UID 3574371)
MITM BYPASSED (disabled, forwarding packet UID 3575047)
MITM BYPASSED (disabled, forwarding packet UID 3575653)
MITM BYPASSED (disabled, forwarding packet UID 3576299)
MITM BYPASSED (disabled, forwarding packet UID 3576987)
MITM BYPASSED (disabled, forwarding packet UID 3577527)
MITM BYPASSED (disabled, forwarding packet UID 3578172)
MITM BYPASSED (disabled, forwarding packet UID 3578791)
MITM BYPASSED (disabled, forwarding packet UID 3579305)
MITM BYPASSED (disabled, forwarding packet UID 3580239)
MITM BYPASSED (disabled, forwarding packet UID 3580837)
MITM BYPASSED (disabled, forwarding packet UID 3581433)
MITM BYPASSED (disabled, forwarding packet UID 3581993)
MITM BYPASSED (disabled, forwarding packet UID 3582553)
MITM BYPASSED (disabled, forwarding packet UID 3583131)
MITM BYPASSED (disabled, forwarding packet UID 3583765)
MITM BYPASSED (disabled, forwarding packet UID 3584323)
MITM BYPASSED (disabled, forwarding packet UID 3584994)
MITM BYPASSED (disabled, forwarding packet UID 3585602)
MITM BYPASSED (disabled, forwarding packet UID 3586213)
MITM BYPASSED (disabled, forwarding packet UID 3586810)
MITM BYPASSED (disabled, forwarding packet UID 3587430)
MITM BYPASSED (disabled, forwarding packet UID 3588075)
MITM BYPASSED (disabled, forwarding packet UID 3588670)
MITM BYPASSED (disabled, forwarding packet UID 3589285)
MITM BYPASSED (disabled, forwarding packet UID 3589860)
MITM BYPASSED (disabled, forwarding packet UID 3590476)
MITM BYPASSED (disabled, forwarding packet UID 3591112)
MITM BYPASSED (disabled, forwarding packet UID 3591639)
MITM BYPASSED (disabled, forwarding packet UID 3592237)
MITM BYPASSED (disabled, forwarding packet UID 3592900)
MITM BYPASSED (disabled, forwarding packet UID 3593523)
MITM BYPASSED (disabled, forwarding packet UID 3594094)
MITM BYPASSED (disabled, forwarding packet UID 3594623)
MITM BYPASSED (disabled, forwarding packet UID 3595227)
MITM BYPASSED (disabled, forwarding packet UID 3595832)
MITM BYPASSED (disabled, forwarding packet UID 3596532)
MITM BYPASSED (disabled, forwarding packet UID 3597161)
MITM BYPASSED (disabled, forwarding packet UID 3597684)
MITM BYPASSED (disabled, forwarding packet UID 3598239)
MITM BYPASSED (disabled, forwarding packet UID 3598837)
MITM BYPASSED (disabled, forwarding packet UID 3599487)
MITM BYPASSED (disabled, forwarding packet UID 3600095)
MITM BYPASSED (disabled, forwarding packet UID 3600727)
MITM BYPASSED (disabled, forwarding packet UID 3601329)
MITM BYPASSED (disabled, forwarding packet UID 3601948)
MITM BYPASSED (disabled, forwarding packet UID 3602599)
MITM BYPASSED (disabled, forwarding packet UID 3603200)
MITM BYPASSED (disabled, forwarding packet UID 3603795)
MITM BYPASSED (disabled, forwarding packet UID 3604384)
MITM BYPASSED (disabled, forwarding packet UID 3604994)
MITM BYPASSED (disabled, forwarding packet UID 3605603)
MITM BYPASSED (disabled, forwarding packet UID 3606199)
MITM BYPASSED (disabled, forwarding packet UID 3606831)
MITM BYPASSED (disabled, forwarding packet UID 3607434)
MITM BYPASSED (disabled, forwarding packet UID 3608036)
MITM BYPASSED (disabled, forwarding packet UID 3608640)
MITM BYPASSED (disabled, forwarding packet UID 3609173)
MITM BYPASSED (disabled, forwarding packet UID 3609803)
MITM BYPASSED (disabled, forwarding packet UID 3610396)
MITM BYPASSED (disabled, forwarding packet UID 3611018)
MITM BYPASSED (disabled, forwarding packet UID 3611563)
MITM BYPASSED (disabled, forwarding packet UID 3612257)
MITM BYPASSED (disabled, forwarding packet UID 3612696)
MITM BYPASSED (disabled, forwarding packet UID 3613279)
MITM BYPASSED (disabled, forwarding packet UID 3613891)
MITM BYPASSED (disabled, forwarding packet UID 3614538)
MITM BYPASSED (disabled, forwarding packet UID 3615117)
MITM BYPASSED (disabled, forwarding packet UID 3615729)
MITM BYPASSED (disabled, forwarding packet UID 3616338)
MITM BYPASSED (disabled, forwarding packet UID 3616917)
MITM BYPASSED (disabled, forwarding packet UID 3617526)
MITM BYPASSED (disabled, forwarding packet UID 3618155)
MITM BYPASSED (disabled, forwarding packet UID 3618732)
MITM BYPASSED (disabled, forwarding packet UID 3619330)
MITM BYPASSED (disabled, forwarding packet UID 3619944)
MITM BYPASSED (disabled, forwarding packet UID 3620581)
MITM BYPASSED (disabled, forwarding packet UID 3621183)
MITM BYPASSED (disabled, forwarding packet UID 3621728)
MITM BYPASSED (disabled, forwarding packet UID 3622340)
MITM BYPASSED (disabled, forwarding packet UID 3622924)
MITM BYPASSED (disabled, forwarding packet UID 3623565)
MITM BYPASSED (disabled, forwarding packet UID 3624075)
MITM BYPASSED (disabled, forwarding packet UID 3624670)
MITM BYPASSED (disabled, forwarding packet UID 3625317)
MITM BYPASSED (disabled, forwarding packet UID 3625965)
MITM BYPASSED (disabled, forwarding packet UID 3626483)
MITM BYPASSED (disabled, forwarding packet UID 3627061)
MITM BYPASSED (disabled, forwarding packet UID 3627632)
MITM BYPASSED (disabled, forwarding packet UID 3628118)
MITM BYPASSED (disabled, forwarding packet UID 3628749)
MITM BYPASSED (disabled, forwarding packet UID 3629409)
MITM BYPASSED (disabled, forwarding packet UID 3630069)
MITM BYPASSED (disabled, forwarding packet UID 3630599)
MITM BYPASSED (disabled, forwarding packet UID 3631213)
MITM BYPASSED (disabled, forwarding packet UID 3631824)
MITM BYPASSED (disabled, forwarding packet UID 3632461)
MITM BYPASSED (disabled, forwarding packet UID 3633064)
MITM BYPASSED (disabled, forwarding packet UID 3633690)
MITM BYPASSED (disabled, forwarding packet UID 3634288)
MITM BYPASSED (disabled, forwarding packet UID 3634805)
MITM BYPASSED (disabled, forwarding packet UID 3635328)
MITM BYPASSED (disabled, forwarding packet UID 3635991)
MITM BYPASSED (disabled, forwarding packet UID 3636555)
MITM BYPASSED (disabled, forwarding packet UID 3637192)
MITM BYPASSED (disabled, forwarding packet UID 3637911)
MITM BYPASSED (disabled, forwarding packet UID 3638537)
MITM BYPASSED (disabled, forwarding packet UID 3639137)
MITM BYPASSED (disabled, forwarding packet UID 3639819)
MITM BYPASSED (disabled, forwarding packet UID 3640420)
MITM BYPASSED (disabled, forwarding packet UID 3641031)
MITM BYPASSED (disabled, forwarding packet UID 3641646)
MITM BYPASSED (disabled, forwarding packet UID 3642263)
MITM BYPASSED (disabled, forwarding packet UID 3642743)
MITM BYPASSED (disabled, forwarding packet UID 3643240)
MITM BYPASSED (disabled, forwarding packet UID 3643821)
MITM BYPASSED (disabled, forwarding packet UID 3644514)
MITM BYPASSED (disabled, forwarding packet UID 3645046)
MITM BYPASSED (disabled, forwarding packet UID 3645609)
MITM BYPASSED (disabled, forwarding packet UID 3646273)
MITM BYPASSED (disabled, forwarding packet UID 3646855)
MITM BYPASSED (disabled, forwarding packet UID 3647442)
MITM BYPASSED (disabled, forwarding packet UID 3648077)
MITM BYPASSED (disabled, forwarding packet UID 3648702)
MITM BYPASSED (disabled, forwarding packet UID 3649264)
MITM BYPASSED (disabled, forwarding packet UID 3649866)
MITM BYPASSED (disabled, forwarding packet UID 3650519)
MITM BYPASSED (disabled, forwarding packet UID 3651078)
MITM BYPASSED (disabled, forwarding packet UID 3651624)
MITM BYPASSED (disabled, forwarding packet UID 3652283)
MITM BYPASSED (disabled, forwarding packet UID 3652918)
MITM BYPASSED (disabled, forwarding packet UID 3653596)
MITM BYPASSED (disabled, forwarding packet UID 3654188)
MITM BYPASSED (disabled, forwarding packet UID 3654796)
MITM BYPASSED (disabled, forwarding packet UID 3655386)
MITM BYPASSED (disabled, forwarding packet UID 3656047)
MITM BYPASSED (disabled, forwarding packet UID 3656602)
MITM BYPASSED (disabled, forwarding packet UID 3657258)
MITM BYPASSED (disabled, forwarding packet UID 3657808)
MITM BYPASSED (disabled, forwarding packet UID 3658317)
MITM BYPASSED (disabled, forwarding packet UID 3658972)
MITM BYPASSED (disabled, forwarding packet UID 3659559)
MITM BYPASSED (disabled, forwarding packet UID 3660151)
MITM BYPASSED (disabled, forwarding packet UID 3660790)
MITM BYPASSED (disabled, forwarding packet UID 3661391)
MITM BYPASSED (disabled, forwarding packet UID 3661982)
MITM BYPASSED (disabled, forwarding packet UID 3662572)
MITM BYPASSED (disabled, forwarding packet UID 3663144)
MITM BYPASSED (disabled, forwarding packet UID 3663800)
MITM BYPASSED (disabled, forwarding packet UID 3664436)
MITM BYPASSED (disabled, forwarding packet UID 3665023)
MITM BYPASSED (disabled, forwarding packet UID 3665641)
MITM BYPASSED (disabled, forwarding packet UID 3666263)
MITM BYPASSED (disabled, forwarding packet UID 3666790)
MITM BYPASSED (disabled, forwarding packet UID 3667406)
MITM BYPASSED (disabled, forwarding packet UID 3668005)
MITM BYPASSED (disabled, forwarding packet UID 3668547)
MITM BYPASSED (disabled, forwarding packet UID 3669036)
MITM BYPASSED (disabled, forwarding packet UID 3669670)
MITM BYPASSED (disabled, forwarding packet UID 3670288)
MITM BYPASSED (disabled, forwarding packet UID 3670898)
MITM BYPASSED (disabled, forwarding packet UID 3671495)
MITM BYPASSED (disabled, forwarding packet UID 3672075)
MITM BYPASSED (disabled, forwarding packet UID 3672640)
MITM BYPASSED (disabled, forwarding packet UID 3673155)
MITM BYPASSED (disabled, forwarding packet UID 3673786)
MITM BYPASSED (disabled, forwarding packet UID 3674382)
MITM BYPASSED (disabled, forwarding packet UID 3674953)
MITM BYPASSED (disabled, forwarding packet UID 3675489)
MITM BYPASSED (disabled, forwarding packet UID 3676105)
MITM BYPASSED (disabled, forwarding packet UID 3676827)
MITM BYPASSED (disabled, forwarding packet UID 3677363)
MITM BYPASSED (disabled, forwarding packet UID 3677976)
MITM BYPASSED (disabled, forwarding packet UID 3678511)
MITM BYPASSED (disabled, forwarding packet UID 3679187)
MITM BYPASSED (disabled, forwarding packet UID 3679867)
MITM BYPASSED (disabled, forwarding packet UID 3680411)
MITM BYPASSED (disabled, forwarding packet UID 3681026)
MITM BYPASSED (disabled, forwarding packet UID 3681677)
MITM BYPASSED (disabled, forwarding packet UID 3682255)
MITM BYPASSED (disabled, forwarding packet UID 3682895)
MITM BYPASSED (disabled, forwarding packet UID 3683507)
MITM BYPASSED (disabled, forwarding packet UID 3684056)
MITM BYPASSED (disabled, forwarding packet UID 3684596)
MITM BYPASSED (disabled, forwarding packet UID 3685111)
MITM BYPASSED (disabled, forwarding packet UID 3685816)
MITM BYPASSED (disabled, forwarding packet UID 3686472)
MITM BYPASSED (disabled, forwarding packet UID 3687022)
MITM BYPASSED (disabled, forwarding packet UID 3687524)
MITM BYPASSED (disabled, forwarding packet UID 3687915)
MITM BYPASSED (disabled, forwarding packet UID 3688477)
MITM BYPASSED (disabled, forwarding packet UID 3689205)
MITM BYPASSED (disabled, forwarding packet UID 3689803)
MITM BYPASSED (disabled, forwarding packet UID 3690317)
MITM BYPASSED (disabled, forwarding packet UID 3690952)
MITM BYPASSED (disabled, forwarding packet UID 3691473)
MITM BYPASSED (disabled, forwarding packet UID 3692202)
MITM BYPASSED (disabled, forwarding packet UID 3692807)
MITM BYPASSED (disabled, forwarding packet UID 3693362)
MITM BYPASSED (disabled, forwarding packet UID 3693941)
MITM BYPASSED (disabled, forwarding packet UID 3694630)
MITM BYPASSED (disabled, forwarding packet UID 3695133)
MITM BYPASSED (disabled, forwarding packet UID 3695797)
MITM BYPASSED (disabled, forwarding packet UID 3696376)
MITM BYPASSED (disabled, forwarding packet UID 3696970)
MITM BYPASSED (disabled, forwarding packet UID 3697549)
MITM BYPASSED (disabled, forwarding packet UID 3698142)
MITM BYPASSED (disabled, forwarding packet UID 3698738)
MITM BYPASSED (disabled, forwarding packet UID 3699397)
MITM BYPASSED (disabled, forwarding packet UID 3699880)
MITM BYPASSED (disabled, forwarding packet UID 3700526)
MITM BYPASSED (disabled, forwarding packet UID 3701130)
MITM BYPASSED (disabled, forwarding packet UID 3701654)
MITM BYPASSED (disabled, forwarding packet UID 3702170)
MITM BYPASSED (disabled, forwarding packet UID 3702780)
MITM BYPASSED (disabled, forwarding packet UID 3703448)
MITM BYPASSED (disabled, forwarding packet UID 3704056)
MITM BYPASSED (disabled, forwarding packet UID 3704642)
MITM BYPASSED (disabled, forwarding packet UID 3705273)
MITM BYPASSED (disabled, forwarding packet UID 3705867)
MITM BYPASSED (disabled, forwarding packet UID 3706466)
MITM BYPASSED (disabled, forwarding packet UID 3707036)
MITM BYPASSED (disabled, forwarding packet UID 3707691)
MITM BYPASSED (disabled, forwarding packet UID 3708195)
MITM BYPASSED (disabled, forwarding packet UID 3708785)
MITM BYPASSED (disabled, forwarding packet UID 3709165)
MITM BYPASSED (disabled, forwarding packet UID 3709768)
MITM BYPASSED (disabled, forwarding packet UID 3710424)
MITM BYPASSED (disabled, forwarding packet UID 3711127)
MITM BYPASSED (disabled, forwarding packet UID 3711751)
MITM BYPASSED (disabled, forwarding packet UID 3712340)
MITM BYPASSED (disabled, forwarding packet UID 3712876)
MITM BYPASSED (disabled, forwarding packet UID 3713538)
MITM BYPASSED (disabled, forwarding packet UID 3714141)
MITM BYPASSED (disabled, forwarding packet UID 3714790)
MITM BYPASSED (disabled, forwarding packet UID 3715365)
MITM BYPASSED (disabled, forwarding packet UID 3716078)
MITM BYPASSED (disabled, forwarding packet UID 3716716)
MITM BYPASSED (disabled, forwarding packet UID 3717165)
MITM BYPASSED (disabled, forwarding packet UID 3717745)
MITM BYPASSED (disabled, forwarding packet UID 3718288)
MITM BYPASSED (disabled, forwarding packet UID 3718926)
MITM BYPASSED (disabled, forwarding packet UID 3719600)
MITM BYPASSED (disabled, forwarding packet UID 3720159)
MITM BYPASSED (disabled, forwarding packet UID 3720622)
MITM BYPASSED (disabled, forwarding packet UID 3721303)
MITM BYPASSED (disabled, forwarding packet UID 3721976)
MITM BYPASSED (disabled, forwarding packet UID 3722598)
MITM BYPASSED (disabled, forwarding packet UID 3723185)
MITM BYPASSED (disabled, forwarding packet UID 3723814)
MITM BYPASSED (disabled, forwarding packet UID 3724404)
MITM BYPASSED (disabled, forwarding packet UID 3725099)
MITM BYPASSED (disabled, forwarding packet UID 3725554)
[BluetoothEnergy] time: 55.0000 s, node: 11, state: 0, total_energy: 0.0000 kWh
MITM BYPASSED (disabled, forwarding packet UID 3726469)
MITM BYPASSED (disabled, forwarding packet UID 3727079)
MITM BYPASSED (disabled, forwarding packet UID 3727629)
MITM BYPASSED (disabled, forwarding packet UID 3728239)
MITM BYPASSED (disabled, forwarding packet UID 3728821)
MITM BYPASSED (disabled, forwarding packet UID 3729438)
MITM BYPASSED (disabled, forwarding packet UID 3730008)
MITM BYPASSED (disabled, forwarding packet UID 3730656)
MITM BYPASSED (disabled, forwarding packet UID 3731304)
MITM BYPASSED (disabled, forwarding packet UID 3731912)
MITM BYPASSED (disabled, forwarding packet UID 3732516)
MITM BYPASSED (disabled, forwarding packet UID 3733114)
MITM BYPASSED (disabled, forwarding packet UID 3733736)
MITM BYPASSED (disabled, forwarding packet UID 3734331)
MITM BYPASSED (disabled, forwarding packet UID 3734801)
MITM BYPASSED (disabled, forwarding packet UID 3735444)
MITM BYPASSED (disabled, forwarding packet UID 3735877)
MITM BYPASSED (disabled, forwarding packet UID 3736532)
MITM BYPASSED (disabled, forwarding packet UID 3737146)
MITM BYPASSED (disabled, forwarding packet UID 3737827)
MITM BYPASSED (disabled, forwarding packet UID 3738412)
MITM BYPASSED (disabled, forwarding packet UID 3738991)
MITM BYPASSED (disabled, forwarding packet UID 3739636)
MITM BYPASSED (disabled, forwarding packet UID 3740287)
MITM BYPASSED (disabled, forwarding packet UID 3740881)
MITM BYPASSED (disabled, forwarding packet UID 3741465)
MITM BYPASSED (disabled, forwarding packet UID 3742103)
MITM BYPASSED (disabled, forwarding packet UID 3742754)
MITM BYPASSED (disabled, forwarding packet UID 3743368)
MITM BYPASSED (disabled, forwarding packet UID 3744005)
MITM BYPASSED (disabled, forwarding packet UID 3744620)
MITM BYPASSED (disabled, forwarding packet UID 3745249)
MITM BYPASSED (disabled, forwarding packet UID 3745831)
MITM BYPASSED (disabled, forwarding packet UID 3746332)
MITM BYPASSED (disabled, forwarding packet UID 3746850)
MITM BYPASSED (disabled, forwarding packet UID 3747502)
MITM BYPASSED (disabled, forwarding packet UID 3748057)
MITM BYPASSED (disabled, forwarding packet UID 3748697)
MITM BYPASSED (disabled, forwarding packet UID 3749277)
MITM BYPASSED (disabled, forwarding packet UID 3749935)
MITM BYPASSED (disabled, forwarding packet UID 3750568)
MITM BYPASSED (disabled, forwarding packet UID 3751004)
MITM BYPASSED (disabled, forwarding packet UID 3751695)
MITM BYPASSED (disabled, forwarding packet UID 3752305)
MITM BYPASSED (disabled, forwarding packet UID 3752892)
MITM BYPASSED (disabled, forwarding packet UID 3753463)
MITM BYPASSED (disabled, forwarding packet UID 3754093)
MITM BYPASSED (disabled, forwarding packet UID 3754687)
MITM BYPASSED (disabled, forwarding packet UID 3755292)
[BluetoothEnergy] time: 55.2000 s, node: 11, state: 1, total_energy: 0.0000 kWh
MITM BYPASSED (disabled, forwarding packet UID 3755904)
MITM BYPASSED (disabled, forwarding packet UID 3756442)
MITM BYPASSED (disabled, forwarding packet UID 3757085)
MITM BYPASSED (disabled, forwarding packet UID 3757711)
MITM BYPASSED (disabled, forwarding packet UID 3758326)
MITM BYPASSED (disabled, forwarding packet UID 3758954)
MITM BYPASSED (disabled, forwarding packet UID 3759564)
MITM BYPASSED (disabled, forwarding packet UID 3760067)
MITM BYPASSED (disabled, forwarding packet UID 3760652)
MITM BYPASSED (disabled, forwarding packet UID 3761145)
MITM BYPASSED (disabled, forwarding packet UID 3761861)
MITM BYPASSED (disabled, forwarding packet UID 3762477)
MITM BYPASSED (disabled, forwarding packet UID 3763046)
MITM BYPASSED (disabled, forwarding packet UID 3763704)
MITM BYPASSED (disabled, forwarding packet UID 3764280)
MITM BYPASSED (disabled, forwarding packet UID 3764815)
MITM BYPASSED (disabled, forwarding packet UID 3765440)
MITM BYPASSED (disabled, forwarding packet UID 3765907)
MITM BYPASSED (disabled, forwarding packet UID 3766579)
MITM BYPASSED (disabled, forwarding packet UID 3767185)
MITM BYPASSED (disabled, forwarding packet UID 3767750)
MITM BYPASSED (disabled, forwarding packet UID 3768401)
MITM BYPASSED (disabled, forwarding packet UID 3768859)
MITM BYPASSED (disabled, forwarding packet UID 3769482)
MITM BYPASSED (disabled, forwarding packet UID 3770111)
MITM BYPASSED (disabled, forwarding packet UID 3770598)
MITM BYPASSED (disabled, forwarding packet UID 3771229)
MITM BYPASSED (disabled, forwarding packet UID 3771776)
MITM BYPASSED (disabled, forwarding packet UID 3772329)
MITM BYPASSED (disabled, forwarding packet UID 3772886)
MITM BYPASSED (disabled, forwarding packet UID 3773463)
MITM BYPASSED (disabled, forwarding packet UID 3773855)
MITM BYPASSED (disabled, forwarding packet UID 3774531)
MITM BYPASSED (disabled, forwarding packet UID 3775270)
MITM BYPASSED (disabled, forwarding packet UID 3776030)
MITM BYPASSED (disabled, forwarding packet UID 3776501)
MITM BYPASSED (disabled, forwarding packet UID 3777135)
MITM BYPASSED (disabled, forwarding packet UID 3777825)
MITM BYPASSED (disabled, forwarding packet UID 3778394)
MITM BYPASSED (disabled, forwarding packet UID 3779007)
MITM BYPASSED (disabled, forwarding packet UID 3779637)
MITM BYPASSED (disabled, forwarding packet UID 3780283)
MITM BYPASSED (disabled, forwarding packet UID 3780731)
MITM BYPASSED (disabled, forwarding packet UID 3781377)
MITM BYPASSED (disabled, forwarding packet UID 3781955)
MITM BYPASSED (disabled, forwarding packet UID 3782579)
MITM BYPASSED (disabled, forwarding packet UID 3783285)
MITM BYPASSED (disabled, forwarding packet UID 3783892)
MITM BYPASSED (disabled, forwarding packet UID 3784486)
MITM BYPASSED (disabled, forwarding packet UID 3785067)
MITM BYPASSED (disabled, forwarding packet UID 3785684)
MITM BYPASSED (disabled, forwarding packet UID 3786298)
MITM BYPASSED (disabled, forwarding packet UID 3786942)
MITM BYPASSED (disabled, forwarding packet UID 3787543)
MITM BYPASSED (disabled, forwarding packet UID 3788144)
MITM BYPASSED (disabled, forwarding packet UID 3788712)
MITM BYPASSED (disabled, forwarding packet UID 3789374)
MITM BYPASSED (disabled, forwarding packet UID 3789946)
MITM BYPASSED (disabled, forwarding packet UID 3790601)
MITM BYPASSED (disabled, forwarding packet UID 3791191)
MITM BYPASSED (disabled, forwarding packet UID 3791823)
MITM BYPASSED (disabled, forwarding packet UID 3792452)
MITM BYPASSED (disabled, forwarding packet UID 3793067)
MITM BYPASSED (disabled, forwarding packet UID 3793690)
MITM BYPASSED (disabled, forwarding packet UID 3794280)
MITM BYPASSED (disabled, forwarding packet UID 3794900)
MITM BYPASSED (disabled, forwarding packet UID 3795498)
MITM BYPASSED (disabled, forwarding packet UID 3795919)
MITM BYPASSED (disabled, forwarding packet UID 3796625)
MITM BYPASSED (disabled, forwarding packet UID 3797243)
MITM BYPASSED (disabled, forwarding packet UID 3797862)
MITM BYPASSED (disabled, forwarding packet UID 3798366)
MITM BYPASSED (disabled, forwarding packet UID 3799004)
MITM BYPASSED (disabled, forwarding packet UID 3799648)
MITM BYPASSED (disabled, forwarding packet UID 3800242)
MITM BYPASSED (disabled, forwarding packet UID 3800860)
MITM BYPASSED (disabled, forwarding packet UID 3801415)
MITM BYPASSED (disabled, forwarding packet UID 3802032)
MITM BYPASSED (disabled, forwarding packet UID 3802623)
MITM BYPASSED (disabled, forwarding packet UID 3803213)
MITM BYPASSED (disabled, forwarding packet UID 3803767)
MITM BYPASSED (disabled, forwarding packet UID 3804459)
MITM BYPASSED (disabled, forwarding packet UID 3805059)
MITM BYPASSED (disabled, forwarding packet UID 3805621)
MITM BYPASSED (disabled, forwarding packet UID 3806223)
MITM BYPASSED (disabled, forwarding packet UID 3806810)
MITM BYPASSED (disabled, forwarding packet UID 3807422)
MITM BYPASSED (disabled, forwarding packet UID 3808019)
MITM BYPASSED (disabled, forwarding packet UID 3808700)
MITM BYPASSED (disabled, forwarding packet UID 3809304)
MITM BYPASSED (disabled, forwarding packet UID 3809828)
MITM BYPASSED (disabled, forwarding packet UID 3810485)
MITM BYPASSED (disabled, forwarding packet UID 3810943)
MITM BYPASSED (disabled, forwarding packet UID 3811506)
MITM BYPASSED (disabled, forwarding packet UID 3812178)
MITM BYPASSED (disabled, forwarding packet UID 3812837)
MITM BYPASSED (disabled, forwarding packet UID 3813412)
MITM BYPASSED (disabled, forwarding packet UID 3814081)
MITM BYPASSED (disabled, forwarding packet UID 3814674)
MITM BYPASSED (disabled, forwarding packet UID 3815225)
MITM BYPASSED (disabled, forwarding packet UID 3815800)
MITM BYPASSED (disabled, forwarding packet UID 3816336)
MITM BYPASSED (disabled, forwarding packet UID 3816930)
MITM BYPASSED (disabled, forwarding packet UID 3817457)
MITM BYPASSED (disabled, forwarding packet UID 3818092)
MITM BYPASSED (disabled, forwarding packet UID 3818725)
MITM BYPASSED (disabled, forwarding packet UID 3819419)
MITM BYPASSED (disabled, forwarding packet UID 3820055)
MITM BYPASSED (disabled, forwarding packet UID 3820636)
MITM BYPASSED (disabled, forwarding packet UID 3821245)
MITM BYPASSED (disabled, forwarding packet UID 3821839)
MITM BYPASSED (disabled, forwarding packet UID 3822461)
MITM BYPASSED (disabled, forwarding packet UID 3823074)
MITM BYPASSED (disabled, forwarding packet UID 3823725)
MITM BYPASSED (disabled, forwarding packet UID 3824333)
MITM BYPASSED (disabled, forwarding packet UID 3824920)
MITM BYPASSED (disabled, forwarding packet UID 3825550)
MITM BYPASSED (disabled, forwarding packet UID 3825965)
MITM BYPASSED (disabled, forwarding packet UID 3826554)
MITM BYPASSED (disabled, forwarding packet UID 3827172)
MITM BYPASSED (disabled, forwarding packet UID 3827817)
MITM BYPASSED (disabled, forwarding packet UID 3828443)
MITM BYPASSED (disabled, forwarding packet UID 3829041)
MITM BYPASSED (disabled, forwarding packet UID 3829621)
MITM BYPASSED (disabled, forwarding packet UID 3830273)
MITM BYPASSED (disabled, forwarding packet UID 3830838)
MITM BYPASSED (disabled, forwarding packet UID 3831494)
MITM BYPASSED (disabled, forwarding packet UID 3832096)
MITM BYPASSED (disabled, forwarding packet UID 3832707)
MITM BYPASSED (disabled, forwarding packet UID 3833399)
MITM BYPASSED (disabled, forwarding packet UID 3833992)
MITM BYPASSED (disabled, forwarding packet UID 3834604)
MITM BYPASSED (disabled, forwarding packet UID 3835214)
MITM BYPASSED (disabled, forwarding packet UID 3835826)
MITM BYPASSED (disabled, forwarding packet UID 3836470)
MITM BYPASSED (disabled, forwarding packet UID 3837067)
MITM BYPASSED (disabled, forwarding packet UID 3837699)
MITM BYPASSED (disabled, forwarding packet UID 3838289)
MITM BYPASSED (disabled, forwarding packet UID 3838876)
MITM BYPASSED (disabled, forwarding packet UID 3839440)
MITM BYPASSED (disabled, forwarding packet UID 3840120)
MITM BYPASSED (disabled, forwarding packet UID 3840704)
MITM BYPASSED (disabled, forwarding packet UID 3841104)
MITM BYPASSED (disabled, forwarding packet UID 3841709)
MITM BYPASSED (disabled, forwarding packet UID 3842322)
MITM BYPASSED (disabled, forwarding packet UID 3842977)
MITM BYPASSED (disabled, forwarding packet UID 3843614)
MITM BYPASSED (disabled, forwarding packet UID 3844149)
MITM BYPASSED (disabled, forwarding packet UID 3844771)
MITM BYPASSED (disabled, forwarding packet UID 3845382)
MITM BYPASSED (disabled, forwarding packet UID 3845998)
MITM BYPASSED (disabled, forwarding packet UID 3846583)
MITM BYPASSED (disabled, forwarding packet UID 3847094)
MITM BYPASSED (disabled, forwarding packet UID 3847768)
MITM BYPASSED (disabled, forwarding packet UID 3848406)
MITM BYPASSED (disabled, forwarding packet UID 3848992)
MITM BYPASSED (disabled, forwarding packet UID 3849633)
MITM BYPASSED (disabled, forwarding packet UID 3850277)
MITM BYPASSED (disabled, forwarding packet UID 3850785)
MITM BYPASSED (disabled, forwarding packet UID 3851390)
MITM BYPASSED (disabled, forwarding packet UID 3851974)
MITM BYPASSED (disabled, forwarding packet UID 3852520)
MITM BYPASSED (disabled, forwarding packet UID 3853178)
MITM BYPASSED (disabled, forwarding packet UID 3853738)
MITM BYPASSED (disabled, forwarding packet UID 3854328)
MITM BYPASSED (disabled, forwarding packet UID 3854856)
MITM BYPASSED (disabled, forwarding packet UID 3855493)
MITM BYPASSED (disabled, forwarding packet UID 3855943)
MITM BYPASSED (disabled, forwarding packet UID 3856550)
MITM BYPASSED (disabled, forwarding packet UID 3857176)
MITM BYPASSED (disabled, forwarding packet UID 3857837)
MITM BYPASSED (disabled, forwarding packet UID 3858468)
MITM BYPASSED (disabled, forwarding packet UID 3859060)
MITM BYPASSED (disabled, forwarding packet UID 3859640)
MITM BYPASSED (disabled, forwarding packet UID 3860248)
MITM BYPASSED (disabled, forwarding packet UID 3860716)
MITM BYPASSED (disabled, forwarding packet UID 3861322)
MITM BYPASSED (disabled, forwarding packet UID 3861945)
MITM BYPASSED (disabled, forwarding packet UID 3862611)
MITM BYPASSED (disabled, forwarding packet UID 3863277)
MITM BYPASSED (disabled, forwarding packet UID 3863897)
MITM BYPASSED (disabled, forwarding packet UID 3864358)
MITM BYPASSED (disabled, forwarding packet UID 3864896)
MITM BYPASSED (disabled, forwarding packet UID 3865500)
MITM BYPASSED (disabled, forwarding packet UID 3866132)
MITM BYPASSED (disabled, forwarding packet UID 3866819)
MITM BYPASSED (disabled, forwarding packet UID 3867431)
MITM BYPASSED (disabled, forwarding packet UID 3868007)
MITM BYPASSED (disabled, forwarding packet UID 3868643)
MITM BYPASSED (disabled, forwarding packet UID 3869212)
MITM BYPASSED (disabled, forwarding packet UID 3869840)
MITM BYPASSED (disabled, forwarding packet UID 3870425)
MITM BYPASSED (disabled, forwarding packet UID 3870897)
MITM BYPASSED (disabled, forwarding packet UID 3871580)
MITM BYPASSED (disabled, forwarding packet UID 3872184)
MITM BYPASSED (disabled, forwarding packet UID 3873033)
MITM BYPASSED (disabled, forwarding packet UID 3873624)
MITM BYPASSED (disabled, forwarding packet UID 3874209)
MITM BYPASSED (disabled, forwarding packet UID 3874579)
MITM BYPASSED (disabled, forwarding packet UID 3875296)
MITM BYPASSED (disabled, forwarding packet UID 3875909)
MITM BYPASSED (disabled, forwarding packet UID 3876510)
MITM BYPASSED (disabled, forwarding packet UID 3877157)
MITM BYPASSED (disabled, forwarding packet UID 3877796)
MITM BYPASSED (disabled, forwarding packet UID 3878408)
MITM BYPASSED (disabled, forwarding packet UID 3879002)
MITM BYPASSED (disabled, forwarding packet UID 3879616)
MITM BYPASSED (disabled, forwarding packet UID 3880188)
MITM BYPASSED (disabled, forwarding packet UID 3880790)
MITM BYPASSED (disabled, forwarding packet UID 3881367)
MITM BYPASSED (disabled, forwarding packet UID 3881995)
MITM BYPASSED (disabled, forwarding packet UID 3882535)
MITM BYPASSED (disabled, forwarding packet UID 3883105)
MITM BYPASSED (disabled, forwarding packet UID 3883701)
MITM BYPASSED (disabled, forwarding packet UID 3884336)
MITM BYPASSED (disabled, forwarding packet UID 3884960)
MITM BYPASSED (disabled, forwarding packet UID 3885578)
MITM BYPASSED (disabled, forwarding packet UID 3886146)
MITM BYPASSED (disabled, forwarding packet UID 3886682)
MITM BYPASSED (disabled, forwarding packet UID 3887326)
MITM BYPASSED (disabled, forwarding packet UID 3887983)
MITM BYPASSED (disabled, forwarding packet UID 3888549)
MITM BYPASSED (disabled, forwarding packet UID 3889129)
MITM BYPASSED (disabled, forwarding packet UID 3889491)
MITM BYPASSED (disabled, forwarding packet UID 3890104)
MITM BYPASSED (disabled, forwarding packet UID 3890811)
MITM BYPASSED (disabled, forwarding packet UID 3891356)
MITM BYPASSED (disabled, forwarding packet UID 3892041)
MITM BYPASSED (disabled, forwarding packet UID 3892675)
MITM BYPASSED (disabled, forwarding packet UID 3893291)
MITM BYPASSED (disabled, forwarding packet UID 3893858)
MITM BYPASSED (disabled, forwarding packet UID 3894441)
MITM BYPASSED (disabled, forwarding packet UID 3894998)
MITM BYPASSED (disabled, forwarding packet UID 3895651)
MITM BYPASSED (disabled, forwarding packet UID 3896225)
MITM BYPASSED (disabled, forwarding packet UID 3896854)
MITM BYPASSED (disabled, forwarding packet UID 3897438)
MITM BYPASSED (disabled, forwarding packet UID 3898094)
MITM BYPASSED (disabled, forwarding packet UID 3898624)
MITM BYPASSED (disabled, forwarding packet UID 3899310)
MITM BYPASSED (disabled, forwarding packet UID 3899935)
MITM BYPASSED (disabled, forwarding packet UID 3900419)
MITM BYPASSED (disabled, forwarding packet UID 3901017)
MITM BYPASSED (disabled, forwarding packet UID 3901668)
MITM BYPASSED (disabled, forwarding packet UID 3902223)
MITM BYPASSED (disabled, forwarding packet UID 3902783)
MITM BYPASSED (disabled, forwarding packet UID 3903351)
MITM BYPASSED (disabled, forwarding packet UID 3903997)
MITM BYPASSED (disabled, forwarding packet UID 3904457)
MITM BYPASSED (disabled, forwarding packet UID 3905060)
MITM BYPASSED (disabled, forwarding packet UID 3905536)
MITM BYPASSED (disabled, forwarding packet UID 3906188)
MITM BYPASSED (disabled, forwarding packet UID 3906850)
MITM BYPASSED (disabled, forwarding packet UID 3907492)
MITM BYPASSED (disabled, forwarding packet UID 3908141)
MITM BYPASSED (disabled, forwarding packet UID 3908755)
MITM BYPASSED (disabled, forwarding packet UID 3909271)
MITM BYPASSED (disabled, forwarding packet UID 3909924)
MITM BYPASSED (disabled, forwarding packet UID 3910552)
MITM BYPASSED (disabled, forwarding packet UID 3911177)
MITM BYPASSED (disabled, forwarding packet UID 3911813)
MITM BYPASSED (disabled, forwarding packet UID 3912364)
MITM BYPASSED (disabled, forwarding packet UID 3912947)
MITM BYPASSED (disabled, forwarding packet UID 3913609)
MITM BYPASSED (disabled, forwarding packet UID 3914249)
MITM BYPASSED (disabled, forwarding packet UID 3914871)
MITM BYPASSED (disabled, forwarding packet UID 3915410)
MITM BYPASSED (disabled, forwarding packet UID 3916023)
MITM BYPASSED (disabled, forwarding packet UID 3916670)
MITM BYPASSED (disabled, forwarding packet UID 3917334)
MITM BYPASSED (disabled, forwarding packet UID 3917958)
MITM BYPASSED (disabled, forwarding packet UID 3918551)
MITM BYPASSED (disabled, forwarding packet UID 3919196)
MITM BYPASSED (disabled, forwarding packet UID 3919635)
MITM BYPASSED (disabled, forwarding packet UID 3920101)
MITM BYPASSED (disabled, forwarding packet UID 3920764)
MITM BYPASSED (disabled, forwarding packet UID 3921359)
MITM BYPASSED (disabled, forwarding packet UID 3921951)
MITM BYPASSED (disabled, forwarding packet UID 3922593)
MITM BYPASSED (disabled, forwarding packet UID 3923147)
MITM BYPASSED (disabled, forwarding packet UID 3923783)
MITM BYPASSED (disabled, forwarding packet UID 3924412)
MITM BYPASSED (disabled, forwarding packet UID 3925010)
MITM BYPASSED (disabled, forwarding packet UID 3925624)
MITM BYPASSED (disabled, forwarding packet UID 3926205)
MITM BYPASSED (disabled, forwarding packet UID 3926828)
MITM BYPASSED (disabled, forwarding packet UID 3927339)
MITM BYPASSED (disabled, forwarding packet UID 3928061)
MITM BYPASSED (disabled, forwarding packet UID 3928667)
MITM BYPASSED (disabled, forwarding packet UID 3929276)
MITM BYPASSED (disabled, forwarding packet UID 3929847)
MITM BYPASSED (disabled, forwarding packet UID 3930438)
MITM BYPASSED (disabled, forwarding packet UID 3930992)
MITM BYPASSED (disabled, forwarding packet UID 3931552)
MITM BYPASSED (disabled, forwarding packet UID 3932096)
MITM BYPASSED (disabled, forwarding packet UID 3932651)
MITM BYPASSED (disabled, forwarding packet UID 3933292)
MITM BYPASSED (disabled, forwarding packet UID 3933773)
MITM BYPASSED (disabled, forwarding packet UID 3934264)
MITM BYPASSED (disabled, forwarding packet UID 3934901)
MITM BYPASSED (disabled, forwarding packet UID 3935581)
MITM BYPASSED (disabled, forwarding packet UID 3936022)
MITM BYPASSED (disabled, forwarding packet UID 3936738)
MITM BYPASSED (disabled, forwarding packet UID 3937410)
MITM BYPASSED (disabled, forwarding packet UID 3937981)
MITM BYPASSED (disabled, forwarding packet UID 3938499)
MITM BYPASSED (disabled, forwarding packet UID 3939108)
MITM BYPASSED (disabled, forwarding packet UID 3939822)
MITM BYPASSED (disabled, forwarding packet UID 3940435)
MITM BYPASSED (disabled, forwarding packet UID 3940994)
MITM BYPASSED (disabled, forwarding packet UID 3941625)
MITM BYPASSED (disabled, forwarding packet UID 3942168)
MITM BYPASSED (disabled, forwarding packet UID 3942821)
MITM BYPASSED (disabled, forwarding packet UID 3943447)
MITM BYPASSED (disabled, forwarding packet UID 3944018)
MITM BYPASSED (disabled, forwarding packet UID 3944651)
MITM BYPASSED (disabled, forwarding packet UID 3945248)
MITM BYPASSED (disabled, forwarding packet UID 3945888)
MITM BYPASSED (disabled, forwarding packet UID 3946481)
MITM BYPASSED (disabled, forwarding packet UID 3947081)
MITM BYPASSED (disabled, forwarding packet UID 3947728)
MITM BYPASSED (disabled, forwarding packet UID 3948296)
MITM BYPASSED (disabled, forwarding packet UID 3948834)
MITM BYPASSED (disabled, forwarding packet UID 3949313)
MITM BYPASSED (disabled, forwarding packet UID 3949992)
MITM BYPASSED (disabled, forwarding packet UID 3950560)
MITM BYPASSED (disabled, forwarding packet UID 3951230)
MITM BYPASSED (disabled, forwarding packet UID 3951780)
MITM BYPASSED (disabled, forwarding packet UID 3952399)
MITM BYPASSED (disabled, forwarding packet UID 3953017)
MITM BYPASSED (disabled, forwarding packet UID 3953625)
MITM BYPASSED (disabled, forwarding packet UID 3954214)
MITM BYPASSED (disabled, forwarding packet UID 3954824)
MITM BYPASSED (disabled, forwarding packet UID 3955397)
MITM BYPASSED (disabled, forwarding packet UID 3956042)
MITM BYPASSED (disabled, forwarding packet UID 3956664)
MITM BYPASSED (disabled, forwarding packet UID 3957256)
MITM BYPASSED (disabled, forwarding packet UID 3957848)
MITM BYPASSED (disabled, forwarding packet UID 3958387)
MITM BYPASSED (disabled, forwarding packet UID 3958998)
MITM BYPASSED (disabled, forwarding packet UID 3959508)
MITM BYPASSED (disabled, forwarding packet UID 3960154)
MITM BYPASSED (disabled, forwarding packet UID 3960713)
MITM BYPASSED (disabled, forwarding packet UID 3961345)
MITM BYPASSED (disabled, forwarding packet UID 3962036)
MITM BYPASSED (disabled, forwarding packet UID 3962566)
MITM BYPASSED (disabled, forwarding packet UID 3963195)
MITM BYPASSED (disabled, forwarding packet UID 3963828)
MITM BYPASSED (disabled, forwarding packet UID 3964253)
MITM BYPASSED (disabled, forwarding packet UID 3964840)
MITM BYPASSED (disabled, forwarding packet UID 3965407)
MITM BYPASSED (disabled, forwarding packet UID 3966003)
MITM BYPASSED (disabled, forwarding packet UID 3966649)
MITM BYPASSED (disabled, forwarding packet UID 3967341)
MITM BYPASSED (disabled, forwarding packet UID 3967921)
MITM BYPASSED (disabled, forwarding packet UID 3968559)
MITM BYPASSED (disabled, forwarding packet UID 3969120)
MITM BYPASSED (disabled, forwarding packet UID 3969787)
MITM BYPASSED (disabled, forwarding packet UID 3970382)
MITM BYPASSED (disabled, forwarding packet UID 3971009)
MITM BYPASSED (disabled, forwarding packet UID 3971521)
MITM BYPASSED (disabled, forwarding packet UID 3972140)
MITM BYPASSED (disabled, forwarding packet UID 3972730)
MITM BYPASSED (disabled, forwarding packet UID 3973359)
MITM BYPASSED (disabled, forwarding packet UID 3973972)
MITM BYPASSED (disabled, forwarding packet UID 3974536)
MITM BYPASSED (disabled, forwarding packet UID 3975151)
MITM BYPASSED (disabled, forwarding packet UID 3975804)
MITM BYPASSED (disabled, forwarding packet UID 3976392)
MITM BYPASSED (disabled, forwarding packet UID 3977022)
MITM BYPASSED (disabled, forwarding packet UID 3977545)
MITM BYPASSED (disabled, forwarding packet UID 3978094)
MITM BYPASSED (disabled, forwarding packet UID 3978699)
MITM BYPASSED (disabled, forwarding packet UID 3979126)
MITM BYPASSED (disabled, forwarding packet UID 3979815)
MITM BYPASSED (disabled, forwarding packet UID 3980428)
MITM BYPASSED (disabled, forwarding packet UID 3981051)
MITM BYPASSED (disabled, forwarding packet UID 3981624)
MITM BYPASSED (disabled, forwarding packet UID 3982246)
MITM BYPASSED (disabled, forwarding packet UID 3982881)
MITM BYPASSED (disabled, forwarding packet UID 3983543)
MITM BYPASSED (disabled, forwarding packet UID 3984152)
MITM BYPASSED (disabled, forwarding packet UID 3984768)
MITM BYPASSED (disabled, forwarding packet UID 3985323)
MITM BYPASSED (disabled, forwarding packet UID 3985966)
MITM BYPASSED (disabled, forwarding packet UID 3986531)
MITM BYPASSED (disabled, forwarding packet UID 3987128)
MITM BYPASSED (disabled, forwarding packet UID 3987754)
MITM BYPASSED (disabled, forwarding packet UID 3988366)
MITM BYPASSED (disabled, forwarding packet UID 3988908)
MITM BYPASSED (disabled, forwarding packet UID 3989591)
MITM BYPASSED (disabled, forwarding packet UID 3990185)
MITM BYPASSED (disabled, forwarding packet UID 3990750)
MITM BYPASSED (disabled, forwarding packet UID 3991397)
MITM BYPASSED (disabled, forwarding packet UID 3992041)
MITM BYPASSED (disabled, forwarding packet UID 3992666)
MITM BYPASSED (disabled, forwarding packet UID 3993258)
MITM BYPASSED (disabled, forwarding packet UID 3993854)
MITM BYPASSED (disabled, forwarding packet UID 3994275)
MITM BYPASSED (disabled, forwarding packet UID 3994870)
MITM BYPASSED (disabled, forwarding packet UID 3995466)
MITM BYPASSED (disabled, forwarding packet UID 3996123)
MITM BYPASSED (disabled, forwarding packet UID 3996742)
MITM BYPASSED (disabled, forwarding packet UID 3997351)
MITM BYPASSED (disabled, forwarding packet UID 3997852)
MITM BYPASSED (disabled, forwarding packet UID 3998409)
MITM BYPASSED (disabled, forwarding packet UID 3999010)
MITM BYPASSED (disabled, forwarding packet UID 3999608)
MITM BYPASSED (disabled, forwarding packet UID 4000339)
MITM BYPASSED (disabled, forwarding packet UID 4000895)
MITM BYPASSED (disabled, forwarding packet UID 4001467)
MITM BYPASSED (disabled, forwarding packet UID 4002068)
MITM BYPASSED (disabled, forwarding packet UID 4002693)
MITM BYPASSED (disabled, forwarding packet UID 4003283)
MITM BYPASSED (disabled, forwarding packet UID 4003883)
MITM BYPASSED (disabled, forwarding packet UID 4004403)
MITM BYPASSED (disabled, forwarding packet UID 4005064)
MITM BYPASSED (disabled, forwarding packet UID 4005747)
MITM BYPASSED (disabled, forwarding packet UID 4006353)
MITM BYPASSED (disabled, forwarding packet UID 4006957)
MITM BYPASSED (disabled, forwarding packet UID 4007536)
MITM BYPASSED (disabled, forwarding packet UID 4008060)
MITM BYPASSED (disabled, forwarding packet UID 4008623)
MITM BYPASSED (disabled, forwarding packet UID 4009020)
MITM BYPASSED (disabled, forwarding packet UID 4009688)
MITM BYPASSED (disabled, forwarding packet UID 4010265)
MITM BYPASSED (disabled, forwarding packet UID 4010853)
MITM BYPASSED (disabled, forwarding packet UID 4011501)
MITM BYPASSED (disabled, forwarding packet UID 4012154)
MITM BYPASSED (disabled, forwarding packet UID 4012689)
MITM BYPASSED (disabled, forwarding packet UID 4013364)
MITM BYPASSED (disabled, forwarding packet UID 4013943)
MITM BYPASSED (disabled, forwarding packet UID 4014531)
MITM BYPASSED (disabled, forwarding packet UID 4015177)
MITM BYPASSED (disabled, forwarding packet UID 4015865)
MITM BYPASSED (disabled, forwarding packet UID 4016415)
MITM BYPASSED (disabled, forwarding packet UID 4017010)
MITM BYPASSED (disabled, forwarding packet UID 4017626)
MITM BYPASSED (disabled, forwarding packet UID 4018272)
[QoS Adapt] Flow 1 threat=HIGH newJitter=0.0001 newDelay=0.0004
[QoS Adapt] Flow 2 threat=HIGH newJitter=0.0001 newDelay=0.0004
[QoS Adapt] Flow 6 threat=MEDIUM newJitter=0.0054 newDelay=0.0180
[QoS Adapt] Flow 7 threat=MEDIUM newJitter=0.0054 newDelay=0.0180
[QoS Adapt] Flow 1 threat=CRITICAL newJitter=0.0000 newDelay=0.0003
[QoS Adapt] Flow 2 threat=CRITICAL newJitter=0.0000 newDelay=0.0003
[QoS Adapt] Flow 5 threat=MEDIUM newJitter=0.0031 newDelay=0.0082
[QoS Adapt] Flow 6 threat=HIGH newJitter=0.0018 newDelay=0.0180
[QoS Adapt] Flow 7 threat=HIGH newJitter=0.0018 newDelay=0.0180
[FedAvg][WIP] Round 5 complete | mean local training loss=0.5642 | global weights broadcast to 5 nodes
[FedAvg][SHS] Round 5 complete | mean local training loss=0.5419 | global weights broadcast to 4 nodes
[FL-IDS] Final Federated Learning Status (Real Local-Model + FedAvg):
 Node 0: Federated Local-Model IDS (real per-node SGD + multi-round FedAvg) | trainingSamples=45 | trainAccuracy=0.8000 | localMLProb=0.4410 | anomaly=no
 Node 1: Federated Local-Model IDS (real per-node SGD + multi-round FedAvg) | trainingSamples=45 | trainAccuracy=0.8000 | localMLProb=0.4410 | anomaly=no
 Node 2: Federated Local-Model IDS (real per-node SGD + multi-round FedAvg) | trainingSamples=45 | trainAccuracy=0.8000 | localMLProb=0.4410 | anomaly=no
 Node 3: Federated Local-Model IDS (real per-node SGD + multi-round FedAvg) | trainingSamples=45 | trainAccuracy=0.8000 | localMLProb=0.4410 | anomaly=no
 Node 4: Federated Local-Model IDS (real per-node SGD + multi-round FedAvg) | trainingSamples=45 | trainAccuracy=0.8000 | localMLProb=0.4410 | anomaly=no
 Node 5: Federated Local-Model IDS (real per-node SGD + multi-round FedAvg) | trainingSamples=45 | trainAccuracy=0.8000 | localMLProb=0.4230 | anomaly=no
 Node 6: Federated Local-Model IDS (real per-node SGD + multi-round FedAvg) | trainingSamples=45 | trainAccuracy=0.8000 | localMLProb=0.4230 | anomaly=no
 Node 7: Federated Local-Model IDS (real per-node SGD + multi-round FedAvg) | trainingSamples=45 | trainAccuracy=0.8000 | localMLProb=0.4230 | anomaly=no
 Node 8: Federated Local-Model IDS (real per-node SGD + multi-round FedAvg) | trainingSamples=45 | trainAccuracy=0.8000 | localMLProb=0.4230 | anomaly=no
WIP FedAvg total rounds=5 finalGlobalLoss=0.5642
SHS FedAvg total rounds=5 finalGlobalLoss=0.5419
Detection criterion: wASI >= 25.0000 (ISO/IEEE 11073 MEDIUM threshold) OR trained local-model prob >= 0.5
MITM DISABLED for recovery!
MITM BYPASSED (disabled, forwarding packet UID 4019070)
MITM BYPASSED (disabled, forwarding packet UID 4019668)
MITM BYPASSED (disabled, forwarding packet UID 4020259)
MITM BYPASSED (disabled, forwarding packet UID 4020769)
MITM BYPASSED (disabled, forwarding packet UID 4021399)
MITM BYPASSED (disabled, forwarding packet UID 4022016)
MITM BYPASSED (disabled, forwarding packet UID 4022644)
MITM BYPASSED (disabled, forwarding packet UID 4023234)
MITM BYPASSED (disabled, forwarding packet UID 4023846)
MITM BYPASSED (disabled, forwarding packet UID 4024446)
MITM BYPASSED (disabled, forwarding packet UID 4025057)
MITM BYPASSED (disabled, forwarding packet UID 4025686)
MITM BYPASSED (disabled, forwarding packet UID 4026227)
MITM BYPASSED (disabled, forwarding packet UID 4026895)
MITM BYPASSED (disabled, forwarding packet UID 4027562)
MITM BYPASSED (disabled, forwarding packet UID 4027988)
MITM BYPASSED (disabled, forwarding packet UID 4028677)
MITM BYPASSED (disabled, forwarding packet UID 4029295)
MITM BYPASSED (disabled, forwarding packet UID 4029854)
MITM BYPASSED (disabled, forwarding packet UID 4030525)
MITM BYPASSED (disabled, forwarding packet UID 4031101)
MITM BYPASSED (disabled, forwarding packet UID 4031722)
MITM BYPASSED (disabled, forwarding packet UID 4032356)
MITM BYPASSED (disabled, forwarding packet UID 4032974)
MITM BYPASSED (disabled, forwarding packet UID 4033577)
MITM BYPASSED (disabled, forwarding packet UID 4034081)
MITM BYPASSED (disabled, forwarding packet UID 4034715)
MITM BYPASSED (disabled, forwarding packet UID 4035336)
MITM BYPASSED (disabled, forwarding packet UID 4035914)
MITM BYPASSED (disabled, forwarding packet UID 4036480)
MITM BYPASSED (disabled, forwarding packet UID 4037147)
MITM BYPASSED (disabled, forwarding packet UID 4037756)
MITM BYPASSED (disabled, forwarding packet UID 4038354)
MITM BYPASSED (disabled, forwarding packet UID 4038927)
MITM BYPASSED (disabled, forwarding packet UID 4039566)
MITM BYPASSED (disabled, forwarding packet UID 4040175)
MITM BYPASSED (disabled, forwarding packet UID 4040778)
MITM BYPASSED (disabled, forwarding packet UID 4041356)
MITM BYPASSED (disabled, forwarding packet UID 4041947)
MITM BYPASSED (disabled, forwarding packet UID 4042520)
MITM BYPASSED (disabled, forwarding packet UID 4042806)
MITM BYPASSED (disabled, forwarding packet UID 4043463)
MITM BYPASSED (disabled, forwarding packet UID 4043966)
MITM BYPASSED (disabled, forwarding packet UID 4044617)
MITM BYPASSED (disabled, forwarding packet UID 4045272)
MITM BYPASSED (disabled, forwarding packet UID 4045887)
MITM BYPASSED (disabled, forwarding packet UID 4046464)
MITM BYPASSED (disabled, forwarding packet UID 4047158)
MITM BYPASSED (disabled, forwarding packet UID 4047785)
MITM BYPASSED (disabled, forwarding packet UID 4048366)
MITM BYPASSED (disabled, forwarding packet UID 4049018)
MITM BYPASSED (disabled, forwarding packet UID 4049596)
MITM BYPASSED (disabled, forwarding packet UID 4050189)
MITM BYPASSED (disabled, forwarding packet UID 4050808)
MITM BYPASSED (disabled, forwarding packet UID 4051497)
MITM BYPASSED (disabled, forwarding packet UID 4052008)
MITM BYPASSED (disabled, forwarding packet UID 4052589)
MITM BYPASSED (disabled, forwarding packet UID 4053219)
MITM BYPASSED (disabled, forwarding packet UID 4053836)
MITM BYPASSED (disabled, forwarding packet UID 4054470)
MITM BYPASSED (disabled, forwarding packet UID 4055002)
MITM BYPASSED (disabled, forwarding packet UID 4055587)
MITM BYPASSED (disabled, forwarding packet UID 4056263)
MITM BYPASSED (disabled, forwarding packet UID 4056854)
MITM BYPASSED (disabled, forwarding packet UID 4057497)
MITM BYPASSED (disabled, forwarding packet UID 4057927)
MITM BYPASSED (disabled, forwarding packet UID 4058576)
MITM BYPASSED (disabled, forwarding packet UID 4059175)
MITM BYPASSED (disabled, forwarding packet UID 4059674)
MITM BYPASSED (disabled, forwarding packet UID 4060368)
MITM BYPASSED (disabled, forwarding packet UID 4060986)
MITM BYPASSED (disabled, forwarding packet UID 4061589)
MITM BYPASSED (disabled, forwarding packet UID 4062150)
MITM BYPASSED (disabled, forwarding packet UID 4062675)
MITM BYPASSED (disabled, forwarding packet UID 4063341)
MITM BYPASSED (disabled, forwarding packet UID 4063932)
MITM BYPASSED (disabled, forwarding packet UID 4064527)
MITM BYPASSED (disabled, forwarding packet UID 4065163)
MITM BYPASSED (disabled, forwarding packet UID 4065736)
MITM BYPASSED (disabled, forwarding packet UID 4066298)
MITM BYPASSED (disabled, forwarding packet UID 4066865)
MITM BYPASSED (disabled, forwarding packet UID 4067533)
MITM BYPASSED (disabled, forwarding packet UID 4068176)
MITM BYPASSED (disabled, forwarding packet UID 4068814)
MITM BYPASSED (disabled, forwarding packet UID 4069342)
MITM BYPASSED (disabled, forwarding packet UID 4069933)
MITM BYPASSED (disabled, forwarding packet UID 4070606)
MITM BYPASSED (disabled, forwarding packet UID 4071117)
MITM BYPASSED (disabled, forwarding packet UID 4071774)
MITM BYPASSED (disabled, forwarding packet UID 4072405)
MITM BYPASSED (disabled, forwarding packet UID 4072741)
MITM BYPASSED (disabled, forwarding packet UID 4073348)
MITM BYPASSED (disabled, forwarding packet UID 4074080)
MITM BYPASSED (disabled, forwarding packet UID 4074624)
MITM BYPASSED (disabled, forwarding packet UID 4075264)
MITM BYPASSED (disabled, forwarding packet UID 4075892)
MITM BYPASSED (disabled, forwarding packet UID 4076544)
MITM BYPASSED (disabled, forwarding packet UID 4077055)
MITM BYPASSED (disabled, forwarding packet UID 4077722)
MITM BYPASSED (disabled, forwarding packet UID 4078399)
MITM BYPASSED (disabled, forwarding packet UID 4078974)
MITM BYPASSED (disabled, forwarding packet UID 4079589)
MITM BYPASSED (disabled, forwarding packet UID 4080175)
MITM BYPASSED (disabled, forwarding packet UID 4080843)
MITM BYPASSED (disabled, forwarding packet UID 4081372)
MITM BYPASSED (disabled, forwarding packet UID 4081929)
MITM BYPASSED (disabled, forwarding packet UID 4082539)
MITM BYPASSED (disabled, forwarding packet UID 4083143)
MITM BYPASSED (disabled, forwarding packet UID 4083761)
MITM BYPASSED (disabled, forwarding packet UID 4084353)
MITM BYPASSED (disabled, forwarding packet UID 4084942)
MITM BYPASSED (disabled, forwarding packet UID 4085606)
MITM BYPASSED (disabled, forwarding packet UID 4086236)
MITM BYPASSED (disabled, forwarding packet UID 4086856)
MITM BYPASSED (disabled, forwarding packet UID 4087446)
MITM BYPASSED (disabled, forwarding packet UID 4087870)
MITM BYPASSED (disabled, forwarding packet UID 4088470)
MITM BYPASSED (disabled, forwarding packet UID 4089097)
MITM BYPASSED (disabled, forwarding packet UID 4089648)
MITM BYPASSED (disabled, forwarding packet UID 4090187)
MITM BYPASSED (disabled, forwarding packet UID 4090835)
MITM BYPASSED (disabled, forwarding packet UID 4091364)
MITM BYPASSED (disabled, forwarding packet UID 4091974)
MITM BYPASSED (disabled, forwarding packet UID 4092539)
MITM BYPASSED (disabled, forwarding packet UID 4093027)
MITM BYPASSED (disabled, forwarding packet UID 4093534)
MITM BYPASSED (disabled, forwarding packet UID 4094186)
MITM BYPASSED (disabled, forwarding packet UID 4094862)
MITM BYPASSED (disabled, forwarding packet UID 4095546)
MITM BYPASSED (disabled, forwarding packet UID 4096222)
MITM BYPASSED (disabled, forwarding packet UID 4096807)
MITM BYPASSED (disabled, forwarding packet UID 4097339)
MITM BYPASSED (disabled, forwarding packet UID 4097926)
MITM BYPASSED (disabled, forwarding packet UID 4098563)
MITM BYPASSED (disabled, forwarding packet UID 4099178)
MITM BYPASSED (disabled, forwarding packet UID 4099769)
MITM BYPASSED (disabled, forwarding packet UID 4100378)
MITM BYPASSED (disabled, forwarding packet UID 4100993)
MITM BYPASSED (disabled, forwarding packet UID 4101613)
MITM BYPASSED (disabled, forwarding packet UID 4102183)
MITM BYPASSED (disabled, forwarding packet UID 4102547)
MITM BYPASSED (disabled, forwarding packet UID 4103158)
MITM BYPASSED (disabled, forwarding packet UID 4103826)
MITM BYPASSED (disabled, forwarding packet UID 4104466)
MITM BYPASSED (disabled, forwarding packet UID 4105091)
MITM BYPASSED (disabled, forwarding packet UID 4105681)
MITM BYPASSED (disabled, forwarding packet UID 4106267)
MITM BYPASSED (disabled, forwarding packet UID 4106863)
MITM BYPASSED (disabled, forwarding packet UID 4107527)
MITM BYPASSED (disabled, forwarding packet UID 4108162)
MITM BYPASSED (disabled, forwarding packet UID 4108776)
MITM BYPASSED (disabled, forwarding packet UID 4109385)
MITM BYPASSED (disabled, forwarding packet UID 4109979)
MITM BYPASSED (disabled, forwarding packet UID 4110560)
MITM BYPASSED (disabled, forwarding packet UID 4111174)
MITM BYPASSED (disabled, forwarding packet UID 4111756)
MITM BYPASSED (disabled, forwarding packet UID 4112374)
MITM BYPASSED (disabled, forwarding packet UID 4112978)
MITM BYPASSED (disabled, forwarding packet UID 4113545)
MITM BYPASSED (disabled, forwarding packet UID 4114171)
MITM BYPASSED (disabled, forwarding packet UID 4114734)
MITM BYPASSED (disabled, forwarding packet UID 4115283)
MITM BYPASSED (disabled, forwarding packet UID 4115925)
MITM BYPASSED (disabled, forwarding packet UID 4116550)
MITM BYPASSED (disabled, forwarding packet UID 4117159)
MITM BYPASSED (disabled, forwarding packet UID 4117598)
MITM BYPASSED (disabled, forwarding packet UID 4118269)
MITM BYPASSED (disabled, forwarding packet UID 4118907)
MITM BYPASSED (disabled, forwarding packet UID 4119474)
MITM BYPASSED (disabled, forwarding packet UID 4120106)
MITM BYPASSED (disabled, forwarding packet UID 4120721)
MITM BYPASSED (disabled, forwarding packet UID 4121297)
MITM BYPASSED (disabled, forwarding packet UID 4121937)
MITM BYPASSED (disabled, forwarding packet UID 4122524)
MITM BYPASSED (disabled, forwarding packet UID 4123106)
MITM BYPASSED (disabled, forwarding packet UID 4123732)
MITM BYPASSED (disabled, forwarding packet UID 4124299)
MITM BYPASSED (disabled, forwarding packet UID 4124925)
MITM BYPASSED (disabled, forwarding packet UID 4125514)
MITM BYPASSED (disabled, forwarding packet UID 4126093)
MITM BYPASSED (disabled, forwarding packet UID 4126712)
MITM BYPASSED (disabled, forwarding packet UID 4127372)
MITM BYPASSED (disabled, forwarding packet UID 4127944)
MITM BYPASSED (disabled, forwarding packet UID 4128542)
MITM BYPASSED (disabled, forwarding packet UID 4129136)
MITM BYPASSED (disabled, forwarding packet UID 4129721)
MITM BYPASSED (disabled, forwarding packet UID 4130247)
MITM BYPASSED (disabled, forwarding packet UID 4130868)
MITM BYPASSED (disabled, forwarding packet UID 4131478)
MITM BYPASSED (disabled, forwarding packet UID 4132105)
MITM BYPASSED (disabled, forwarding packet UID 4132529)
MITM BYPASSED (disabled, forwarding packet UID 4133174)
MITM BYPASSED (disabled, forwarding packet UID 4133896)
MITM BYPASSED (disabled, forwarding packet UID 4134390)
MITM BYPASSED (disabled, forwarding packet UID 4134961)
MITM BYPASSED (disabled, forwarding packet UID 4135599)
MITM BYPASSED (disabled, forwarding packet UID 4136285)
MITM BYPASSED (disabled, forwarding packet UID 4136928)
MITM BYPASSED (disabled, forwarding packet UID 4137537)
MITM BYPASSED (disabled, forwarding packet UID 4138142)
MITM BYPASSED (disabled, forwarding packet UID 4138681)
MITM BYPASSED (disabled, forwarding packet UID 4139290)
MITM BYPASSED (disabled, forwarding packet UID 4139933)
MITM BYPASSED (disabled, forwarding packet UID 4140567)
MITM BYPASSED (disabled, forwarding packet UID 4141175)
MITM BYPASSED (disabled, forwarding packet UID 4141786)
MITM BYPASSED (disabled, forwarding packet UID 4142384)
MITM BYPASSED (disabled, forwarding packet UID 4142989)
MITM BYPASSED (disabled, forwarding packet UID 4143575)
MITM BYPASSED (disabled, forwarding packet UID 4144133)
MITM BYPASSED (disabled, forwarding packet UID 4144691)
MITM BYPASSED (disabled, forwarding packet UID 4145345)
MITM BYPASSED (disabled, forwarding packet UID 4145980)
MITM BYPASSED (disabled, forwarding packet UID 4146567)
MITM BYPASSED (disabled, forwarding packet UID 4147156)
MITM BYPASSED (disabled, forwarding packet UID 4147577)
MITM BYPASSED (disabled, forwarding packet UID 4148285)
MITM BYPASSED (disabled, forwarding packet UID 4148863)
MITM BYPASSED (disabled, forwarding packet UID 4149451)
MITM BYPASSED (disabled, forwarding packet UID 4150068)
Simulation almost done!
MITM BYPASSED (disabled, forwarding packet UID 4150633)
MITM BYPASSED (disabled, forwarding packet UID 4151223)
MITM BYPASSED (disabled, forwarding packet UID 4151882)
MITM BYPASSED (disabled, forwarding packet UID 4152439)
MITM BYPASSED (disabled, forwarding packet UID 4153127)
MITM BYPASSED (disabled, forwarding packet UID 4153721)
MITM BYPASSED (disabled, forwarding packet UID 4154301)
MITM BYPASSED (disabled, forwarding packet UID 4154906)
MITM BYPASSED (disabled, forwarding packet UID 4155503)
MITM BYPASSED (disabled, forwarding packet UID 4156135)
MITM BYPASSED (disabled, forwarding packet UID 4156749)
MITM BYPASSED (disabled, forwarding packet UID 4157350)
MITM BYPASSED (disabled, forwarding packet UID 4157960)
MITM BYPASSED (disabled, forwarding packet UID 4158503)
MITM BYPASSED (disabled, forwarding packet UID 4159148)
MITM BYPASSED (disabled, forwarding packet UID 4159771)
MITM BYPASSED (disabled, forwarding packet UID 4160315)
MITM BYPASSED (disabled, forwarding packet UID 4160966)
MITM BYPASSED (disabled, forwarding packet UID 4161555)
MITM BYPASSED (disabled, forwarding packet UID 4162127)
MITM BYPASSED (disabled, forwarding packet UID 4162522)
MITM BYPASSED (disabled, forwarding packet UID 4163105)
MITM BYPASSED (disabled, forwarding packet UID 4163836)
MITM BYPASSED (disabled, forwarding packet UID 4164458)
⚠️ Simulating blockchain tampering by attacker
🚨 Tampered block inserted into Node 2 blockchain.
Simulation time after run: 60.0000
Simulation finished!
Flow ID: 1
  Tx Packets: 294
  Rx Packets: 294
  Lost Packets: 0
  Throughput: 3.0576 kbps
Flow ID: 2
  Tx Packets: 1
  Rx Packets: 1
  Lost Packets: 0
  Throughput: 0.0048 kbps
Flow ID: 3
  Tx Packets: 7080
  Rx Packets: 7079
  Lost Packets: 0
  Throughput: 509.6880 kbps
Flow ID: 4
  Tx Packets: 7080
  Rx Packets: 7079
  Lost Packets: 0
  Throughput: 268.0581 kbps
Flow ID: 5
  Tx Packets: 7080
  Rx Packets: 7068
  Lost Packets: 11
  Throughput: 267.6416 kbps
Flow ID: 6
  Tx Packets: 7080
  Rx Packets: 7078
  Lost Packets: 1
  Throughput: 268.0203 kbps
Flow ID: 7
  Tx Packets: 7080
  Rx Packets: 7079
  Lost Packets: 0
  Throughput: 268.0581 kbps
Flow ID: 8
  Tx Packets: 7080
  Rx Packets: 7070
  Lost Packets: 9
  Throughput: 267.7173 kbps
Flow ID: 9
  Tx Packets: 6591
  Rx Packets: 6591
  Lost Packets: 0
  Throughput: 249.5792 kbps

=== MULTI-STANDARD RISK ASSESSMENT SUMMARY ===
Journal: Rajab et al. FL-IDS & Blockchain MITM Framework
Standards: ISO/IEEE 11073 | ISO 14971 | ISO 27001 | ISO 27005 | IEC 80001-1
IEC 80001-1 sub-frameworks: NHS CAF-DSPT | NHS RAG | FDA ALARP | HL7-FHIR
Total flows analysed: 405

ISO/IEEE 11073 Severity Distribution:
  NONE: 0
  LOW: 0
  MEDIUM: 211
  HIGH: 154
  CRITICAL: 40

ISO/IEC 27005 Risk Level Distribution:
  None: 0
  Low: 0
  Medium: 211
  High: 154
  Critical: 40

ISO 14971 Action Level Distribution:
  Action: 5
  Review: 271
  Warning: 129

[IEC 80001-1] NHS RAG Distribution:
  Amber: 135
  Green: 76
  Orange: 194

[IEC 80001-1] FDA ALARP — Residual Risk Unacceptable: 194 of 405 flows (47.9012%)

Complete Packet Loss Flows: 0

Top 10 Most Critical Flows (by wASI):
  1. SHS-F1 wASI=79.97 [CRITICAL] ISO27005=Critical ISO14971=Warning RAG=Orange FDA=No FHIR=All FHIR security dimensions compromised
  2. SHS-F1 wASI=79.97 [CRITICAL] ISO27005=Critical ISO14971=Warning RAG=Orange FDA=No FHIR=All FHIR security dimensions compromised
  3. SHS-F1 wASI=79.97 [CRITICAL] ISO27005=Critical ISO14971=Warning RAG=Orange FDA=No FHIR=All FHIR security dimensions compromised
  4. SHS-F1 wASI=79.97 [CRITICAL] ISO27005=Critical ISO14971=Warning RAG=Orange FDA=No FHIR=All FHIR security dimensions compromised
  5. SHS-F1 wASI=79.97 [CRITICAL] ISO27005=Critical ISO14971=Warning RAG=Orange FDA=No FHIR=All FHIR security dimensions compromised
  6. SHS-F1 wASI=79.97 [CRITICAL] ISO27005=Critical ISO14971=Warning RAG=Orange FDA=No FHIR=All FHIR security dimensions compromised
  7. SHS-F1 wASI=79.97 [CRITICAL] ISO27005=Critical ISO14971=Warning RAG=Orange FDA=No FHIR=All FHIR security dimensions compromised
  8. SHS-F1 wASI=79.97 [CRITICAL] ISO27005=Critical ISO14971=Warning RAG=Orange FDA=No FHIR=All FHIR security dimensions compromised
  9. SHS-F1 wASI=79.97 [CRITICAL] ISO27005=Critical ISO14971=Warning RAG=Orange FDA=No FHIR=All FHIR security dimensions compromised
  10. SHS-F1 wASI=79.97 [CRITICAL] ISO27005=Critical ISO14971=Warning RAG=Orange FDA=No FHIR=All FHIR security dimensions compromised
===============================================

